mp_dm_dev,LUA_MENU/MAPNAME_DM_DEV,LUA_MENU/MAPNAME_DM_DEV,,0.45,205,542,0,0,0.004,RUSF,SAS,SAS,SABF,FIVE,SIX,FREE,,,,,image_mp_map_templogo,,0,LUA_MENU/MAPNAME_DM_DEV,,DXR_ON,,1,0,500,2500,1,,0.18,-0.02,1,1,1,1,1,12000,2000,4000,15000,2000,,,,,,,,,,0
mp_action_park,LUA_MENU/MAPNAME_ACTION_PARK,LUA_MENU/MAPNAME_ACTION_PARK,,0.45,205,542,0,0,0.004,RUSF,SAS,SAS,SABF,FIVE,SIX,FREE,,,,,image_mp_map_templogo,,0,LUA_MENU/MAPNAME_ACTION_PARK,,DXR_ON,,1,0,700,3500,1,,0.06,-0.02,1,1,1,1,1,12000,2000,4000,15000,2000,,,,,,,,,,0
mp_agentperf,LUA_MENU/MAPNAME_AGENTPERF,LUA_MENU/MAPNAME_AGENTPERF,,0.45,205,542,0,0,0.004,RUSF,SAS,SAS,SABF,FIVE,SIX,FREE,,,,,image_mp_map_templogo,,0,LUA_MENU/MAPNAME_AGENTPERF,,DXR_ON,,1,0,700,3500,1,,0.06,-0.02,1,1,1,1,1,12000,2000,4000,15000,2000,,,,,,,,,,0
mp_arn_zone1,LUA_MENU/MAPNAME_ARN_ZONE1,LUA_MENU/MAPNAME_ARN_ZONE1,,0.45,205,542,0,0,0.004,ICORPS,SAS,SAS,ZVIR,ICORPS,GRP9,FREE,,,,,loading_mp_embassy_bg_preview,loading_mp_embassy_bg,0,LUA_MENU/MAPNAME_ARN_ZONE1,,DXR_ON,,0,0,700,3500,1,,0.06,-0.02,1,1,1,1,1,12000,2000,4000,15000,2000,,,,,,,,,,0
mp_backstab,LUA_MENU/MAPNAME_BACKSTAB,LUA_MENU/MAPNAME_BACKSTAB,,0.45,205,542,0,0,0.004,RUSF,SAS,SAS,SABF,FIVE,SIX,FREE,,,,,image_mp_map_templogo,,0,LUA_MENU/MAPNAME_BACKSTAB,,DXR_ON,,1,0,700,3500,1,,0.06,-0.02,1,1,1,1,1,12000,2000,4000,15000,2000,,,,,,,,,,0
mp_bio_lab,LUA_MENU/MAPNAME_BIO_LAB,LUA_MENU/MAPNAME_BIO_LAB,,0.45,205,542,0,0,0.004,RUSF,SAS,SAS,SABF,FIVE,SIX,FREE,,,,,loading_mp_bio_lab_bg_preview,loading_mp_bio_lab_bg,0,LUA_MENU/MAPNAME_BIO_LAB,,DXR_ON,,1,0,700,3500,1,,0.06,-0.02,1,1,1,1,1,12000,2000,4000,15000,2000,,MP_CHYRON/MP_BIO_LAB_ALLIES_1,MP_CHYRON/MP_BIO_LAB_ALLIES_2,MP_CHYRON/MP_BIO_LAB_ALLIES_3,MP_CHYRON/MP_BIO_LAB_ALLIES_4,MP_CHYRON/MP_BIO_LAB_AXIS_1,MP_CHYRON/MP_BIO_LAB_AXIS_2,MP_CHYRON/MP_BIO_LAB_AXIS_3,MP_CHYRON/MP_BIO_LAB_AXIS_4,0
mp_biobunker,LUA_MENU/MAPNAME_BIOBUNKER,LUA_MENU/MAPNAME_BIOBUNKER,,0.45,205,542,0,0,0.004,RUSF,SAS,SAS,SABF,FIVE,SIX,FREE,,,,,loading_mp_biobunker_bg_preview,loading_mp_biobunker_bg,0,LUA_MENU/MAPNAME_BIOBUNKER,,DXR_ON,,1,0,700,3500,1,,0.06,-0.02,1,1,1,1,1,12000,2000,4000,15000,2000,,MP_CHYRON/MP_BIOBUNKER_ALLIES_1,MP_CHYRON/MP_BIOBUNKER_ALLIES_2,MP_CHYRON/MP_BIOBUNKER_ALLIES_3,MP_CHYRON/MP_BIOBUNKER_ALLIES_4,MP_CHYRON/MP_BIOBUNKER_AXIS_1,MP_CHYRON/MP_BIOBUNKER_AXIS_2,MP_CHYRON/MP_BIOBUNKER_AXIS_3,MP_CHYRON/MP_BIOBUNKER_AXIS_4,0
mp_bit_farm,LUA_MENU/MAPNAME_BIT_FARM,LUA_MENU/MAPNAME_BIT_FARM,,0.45,205,542,0,0,0.004,RUSF,SAS,SAS,SABF,FIVE,SIX,FREE,,,,,image_mp_map_templogo,,0,LUA_MENU/MAPNAME_BIT_FARM,,DXR_ON,,0,0,700,3500,1,,0.06,-0.02,1,1,1,1,1,12000,2000,4000,15000,2000,,,,,,,,,,0
mp_bounty,LUA_MENU/MAPNAME_BOUNTY,LUA_MENU/MAPNAME_BOUNTY,,0.45,205,542,0,0,0.004,RUSF,SAS,SAS,SABF,FIVE,SIX,FREE,,,,,loading_mp_bounty_bg_preview,loading_mp_bounty_bg,0,LUA_MENU/MAPNAME_BOUNTY,,DXR_ON,,0,0,700,3500,1,,0.06,-0.02,1,1,1,1,1,12000,2000,4000,15000,2000,,MP_CHYRON/MP_BOUNTY_ALLIES_1,MP_CHYRON/MP_BOUNTY_ALLIES_2,MP_CHYRON/MP_BOUNTY_ALLIES_3,MP_CHYRON/MP_BOUNTY_ALLIES_4,MP_CHYRON/MP_BOUNTY_AXIS_1,MP_CHYRON/MP_BOUNTY_AXIS_2,MP_CHYRON/MP_BOUNTY_AXIS_3,MP_CHYRON/MP_BOUNTY_AXIS_4,0
mp_bsptransition,LUA_MENU/MAPNAME_BSPTRANSITION,LUA_MENU/MAPNAME_BSPTRANSITION,,0.45,205,542,0,0,0.004,RUSF,SAS,SAS,SABF,FIVE,SIX,FREE,,,,,image_mp_map_templogo,,0,LUA_MENU/MAPNAME_BSPTRANSITION,,DXR_ON,,0,0,700,3500,1,,0.06,-0.02,1,1,1,1,1,12000,2000,4000,15000,2000,,,,,,,,,,0
mp_catedral,LUA_MENU/MAPNAME_CATEDRAL,LUA_MENU/MAPNAME_CATEDRAL,,0.45,205,542,0,0,0.004,ICORPS,USMC,SAS,ZVIR,ICORPS,GRP9,FREE,,,,,loading_mp_catedral_bg_preview,loading_mp_catedral_bg,0,LUA_MENU/MAPNAME_CATEDRAL,,DXR_ON,,0,0,700,3500,1,,0.06,-0.02,1,1,1,1,1,12000,2000,4000,15000,2000,,MP_CHYRON/MP_CATEDRAL_ALLIES_1,MP_CHYRON/MP_CATEDRAL_ALLIES_2,MP_CHYRON/MP_CATEDRAL_ALLIES_3,MP_CHYRON/MP_CATEDRAL_ALLIES_4,MP_CHYRON/MP_CATEDRAL_AXIS_1,MP_CHYRON/MP_CATEDRAL_AXIS_2,MP_CHYRON/MP_CATEDRAL_AXIS_3,MP_CHYRON/MP_CATEDRAL_AXIS_4,0
mp_caves_afghan,LUA_MENU/MAPNAME_CAVES,LUA_MENU/MAPNAME_CAVES,,0.45,205,542,0,0,0.004,RUSF,SAS,SAS,SABF,FIVE,SIX,FREE,,,,,image_mp_map_templogo,,0,LUA_MENU/MAPNAME_CAVES,,DXR_ON,,1,0,700,3500,1,,0.06,-0.02,1,1,1,1,1,12000,2000,4000,15000,2000,,,,,,,,,,0
mp_crossing,LUA_MENU/MAPNAME_CROSSING,LUA_MENU/MAPNAME_CROSSING,,0.45,205,542,0,0,0.004,ZVIR,USMC,SAS,ZVIR,ICORPS,GRP9,FREE,,,,,loading_mp_crossing_bg_preview,loading_mp_crossing_bg,0,LUA_MENU/MAPNAME_CROSSING,,DXR_ON,,0,0,700,3500,1,,0.06,-0.02,1,1,1,1,1,12000,2000,4000,15000,2000,,MP_CHYRON/MP_CROSSING_ALLIES_1,MP_CHYRON/MP_CROSSING_ALLIES_2,MP_CHYRON/MP_CROSSING_ALLIES_3,MP_CHYRON/MP_CROSSING_ALLIES_4,MP_CHYRON/MP_CROSSING_AXIS_1,MP_CHYRON/MP_CROSSING_AXIS_2,MP_CHYRON/MP_CROSSING_AXIS_3,MP_CHYRON/MP_CROSSING_AXIS_4,0
mp_cruce,LUA_MENU/MAPNAME_CRUCE,LUA_MENU/MAPNAME_CRUCE,,0.45,205,542,0,0,0.004,RUSF,SAS,SAS,SABF,FIVE,SIX,FREE,,,,,image_mp_map_templogo,,0,LUA_MENU/MAPNAME_CRUCE,,DXR_ON,,1,0,700,3500,1,,0.06,-0.02,1,1,1,1,1,12000,2000,4000,15000,2000,,,,,,,,,,0
mp_crypto,LUA_MENU/MAPNAME_CRYPTO,LUA_MENU/MAPNAME_CRYPTO,,0.45,205,542,0,0,0.004,RUSF,SAS,SAS,SABF,FIVE,SIX,FREE,,,,,image_mp_map_templogo,,0,LUA_MENU/MAPNAME_CRYPTO,,DXR_ON,,1,0,700,3500,1,,0.06,-0.02,1,1,1,1,1,12000,2000,4000,15000,2000,,,,,,,,,,0
mp_davos,LUA_MENU/MAPNAME_DAVOS,LUA_MENU/MAPNAME_DAVOS,,0.45,205,542,0,0,0.004,RUSF,SAS,SAS,SABF,FIVE,SIX,FREE,,,,,loading_mp_davos_bg_preview,loading_mp_davos_bg,0,LUA_MENU/MAPNAME_DAVOS,,DXR_ON,,0,0,700,3500,1,,0.06,-0.02,1,1,1,1,1,12000,2000,4000,15000,2000,,,,,,,,,,0
mp_dogtown,LUA_MENU/MAPNAME_DOGTOWN,LUA_MENU/MAPNAME_DOGTOWN,,0.45,205,542,0,0,0.004,RUSF,SAS,SAS,SABF,FIVE,SIX,FREE,,,,,loading_mp_dtown_gw_bg_preview,loading_mp_dtown_gw_bg,0,LUA_MENU/MAPNAME_DOGTOWN,,DXR_ON,,1,0,700,3500,1,,0.06,-0.02,1,1,1,1,1,12000,2000,4000,15000,2000,,,,,,,,,,0
mp_egypt,LUA_MENU/MAPNAME_EGYPT,LUA_MENU/MAPNAME_EGYPT,,0.45,205,542,0,0,0.004,ICORPS,SAS,SAS,ZVIR,ICORPS,GRP9,FREE,,,,,loading_mp_embassy_bg_preview,loading_mp_embassy_bg,0,LUA_MENU/MAPNAME_EGYPT,,DXR_ON,,0,0,700,3500,1,,0.06,-0.02,1,1,1,1,1,12000,2000,4000,15000,2000,,,,,,,,,,0
mp_embassy,LUA_MENU/MAPNAME_EMBASSY,LUA_MENU/MAPNAME_EMBASSY,,0.45,205,542,0,0,0.004,ICORPS,SAS,SAS,ZVIR,ICORPS,GRP9,FREE,,,,,loading_mp_embassy_bg_preview,loading_mp_embassy_bg,0,LUA_MENU/MAPNAME_EMBASSY,,DXR_ON,,0,0,700,3500,1,,0.06,-0.02,1,1,1,1,1,12000,2000,4000,15000,2000,,MP_CHYRON/MP_EMBASSY_ALLIES_1,MP_CHYRON/MP_EMBASSY_ALLIES_2,MP_CHYRON/MP_EMBASSY_ALLIES_3,MP_CHYRON/MP_EMBASSY_ALLIES_4,MP_CHYRON/MP_EMBASSY_AXIS_1,MP_CHYRON/MP_EMBASSY_AXIS_2,MP_CHYRON/MP_EMBASSY_AXIS_3,MP_CHYRON/MP_EMBASSY_AXIS_4,0
mp_exhume,LUA_MENU/MAPNAME_EXHUME,LUA_MENU/MAPNAME_EXHUME,,0.45,205,542,0,0,0.004,RUSF,SAS,SAS,SABF,FIVE,SIX,FREE,,,,,image_mp_map_templogo,,0,LUA_MENU/MAPNAME_EXHUME,,DXR_ON,,1,0,700,3500,1,,0.06,-0.02,1,1,1,1,1,12000,2000,4000,15000,2000,,,,,,,,,,0
mp_farm_18,LUA_MENU/MAPNAME_FARM_18,LUA_MENU/MAPNAME_FARM_18,,0.45,205,542,0,0,0.004,RUSF,GRP9,SAS,ZVIR,ICORPS,GRP9,FREE,,,,,loading_mp_farm_18_bg_preview,loading_mp_farm_18_bg,0,LUA_MENU/MAPNAME_FARM_18,,DXR_ON,,0,0,700,3500,1,,0.06,-0.02,1,1,1,1,1,12000,2000,4000,15000,2000,,MP_CHYRON/MP_FARM_18_ALLIES_1,MP_CHYRON/MP_FARM_18_ALLIES_2,MP_CHYRON/MP_FARM_18_ALLIES_3,MP_CHYRON/MP_FARM_18_ALLIES_4,MP_CHYRON/MP_FARM_18_AXIS_1,MP_CHYRON/MP_FARM_18_AXIS_2,MP_CHYRON/MP_FARM_18_AXIS_3,MP_CHYRON/MP_FARM_18_AXIS_4,0
mp_favela,LUA_MENU/MAPNAME_FAVELA,LUA_MENU/MAPNAME_FAVELA,,0.6,205,542,0,-0.01,-0.008,SABF,SAS,SAS,RUSF,FIVE,SIX,FREE,1,,3000,5000,image_mp_map_templogo,loading_mp_fort_bg,0,LUA_MENU/MAPNAME_FAVELA,,DXR_OFF,,1,0,1125,3500,1,,-0.01,-0.008,1,1,1,1,1,12000,2000,4000,15000,2000,,,,,,,,,,0
mp_favela2_gw,LUA_MENU/MAPNAME_FAVELA,LUA_MENU/MAPNAME_FAVELA,,0.6,205,542,0,-0.01,-0.008,SABF,SAS,SAS,RUSF,FIVE,SIX,FREE,1,,3000,5000,image_mp_map_templogo,loading_mp_fort_bg,0,LUA_MENU/MAPNAME_FAVELA,,DXR_OFF,,1,0,1125,3500,1,,-0.01,-0.008,1,1,1,1,1,12000,2000,4000,15000,2000,,,,,,,,,,0
mp_firingrange,,,,,,,,,,RUSF,SAS,,,,,,,,,,image_mp_map_templogo,,0,,,DXR_OFF,,1,0,,,1,,,,1,1,1,1,1,12000,2000,4000,15000,2000,,,,,,,,,,0
mp_floating_bay,LUA_MENU/MAPNAME_FLOATING_BAY,LUA_MENU/MAPNAME_FLOATING_BAY,,0.45,205,542,0,0,0.004,RUSF,SAS,SAS,SABF,FIVE,SIX,FREE,,,,,image_mp_map_templogo,,0,LUA_MENU/MAPNAME_FLOATING_BAY,,DXR_ON,,1,0,700,3500,1,,0.06,-0.02,1,1,1,1,1,12000,2000,4000,15000,2000,,,,,,,,,,0
mp_fort,LUA_MENU/MAPNAME_FORT,LUA_MENU/MAPNAME_FORT,,0.45,205,542,0,0,0.004,RUSF,USMC,SAS,ZVIR,ICORPS,GRP9,FREE,,,,,loading_mp_fort_bg_preview,loading_mp_fort_bg,0,LUA_MENU/MAPNAME_FORT,,DXR_ON,,0,0,700,3500,1,,0.06,-0.02,1,1,1,1,1,12000,2000,4000,15000,2000,,MP_CHYRON/MP_FORT_ALLIES_1,MP_CHYRON/MP_FORT_ALLIES_2,MP_CHYRON/MP_FORT_ALLIES_3,MP_CHYRON/MP_FORT_ALLIES_4,MP_CHYRON/MP_FORT_AXIS_1,MP_CHYRON/MP_FORT_AXIS_2,MP_CHYRON/MP_FORT_AXIS_3,MP_CHYRON/MP_FORT_AXIS_4,0
mp_fort_6v6_dev,LUA_MENU/MAPNAME_FORT,LUA_MENU/MAPNAME_FORT,,0.45,205,542,0,0,0.004,RUSF,SAS,SAS,SABF,FIVE,SIX,FREE,,,,,image_mp_map_templogo,,0,LUA_MENU/MAPNAME_FORT,,DXR_ON,,1,0,700,3500,1,,0.06,-0.02,1,1,1,1,1,12000,2000,4000,15000,2000,,MP_CHYRON/MP_FORT_ALLIES_1,MP_CHYRON/MP_FORT_ALLIES_2,MP_CHYRON/MP_FORT_ALLIES_3,MP_CHYRON/MP_FORT_ALLIES_4,MP_CHYRON/MP_FORT_AXIS_1,MP_CHYRON/MP_FORT_AXIS_2,MP_CHYRON/MP_FORT_AXIS_3,MP_CHYRON/MP_FORT_AXIS_4,0
mp_futbol,LUA_MENU/MAPNAME_FUTBOL,LUA_MENU/MAPNAME_FUTBOL,,0.45,205,542,0,0,0.004,EASIMA,ALMAS,SAS,ZVIR,ICORPS,GRP9,FREE,,,,,loading_mp_futbol_bg_preview,loading_mp_futbol_bg,0,LUA_MENU/MAPNAME_FUTBOL,,DXR_ON,,1,0,700,3500,1,,0.06,-0.02,1,1,1,1,1,12000,2000,4000,15000,2000,,,,,,,,,,0
mp_hackney_yard,LUA_MENU/MAPNAME_HACKNEY_YARD,LUA_MENU/MAPNAME_HACKNEY_YARD,1,0.45,205,542,0,0.002,-0.01,SIX,SAS,USMC,SABF,FIVE,RUSF,FREE,,,,,image_mp_map_templogo,loading_mp_fort_bg,0,LUA_MENU/MAPNAME_HACKNEY_YARD,,DXR_ON,,1,10,550,3500,1,,0.056,-0.057,1,1,1,1,1,12000,2000,4000,15000,2000,,MP_CHYRON/MP_HACKNEY_YARD_ALLIES_1,MP_CHYRON/MP_HACKNEY_YARD_ALLIES_2,MP_CHYRON/MP_HACKNEY_YARD_ALLIES_3,MP_CHYRON/MP_HACKNEY_YARD_ALLIES_4,MP_CHYRON/MP_HACKNEY_YARD_AXIS_1,MP_CHYRON/MP_HACKNEY_YARD_AXIS_2,MP_CHYRON/MP_HACKNEY_YARD_AXIS_3,MP_CHYRON/MP_HACKNEY_YARD_AXIS_4,0
mp_hackney_am,LUA_MENU/MAPNAME_HACKNEY_AM,LUA_MENU/MAPNAME_HACKNEY_AM,,0.45,205,542,0,0.002,-0.01,SIX,SAS,USMC,SABF,FIVE,RUSF,FREE,,,,,image_mp_map_templogo,loading_mp_fort_bg,0,LUA_MENU/MAPNAME_HACKNEY_AM,,DXR_ON,,1,11,550,3500,1,,0.056,-0.057,1,1,1,1,1,12000,2000,4000,15000,2000,,MP_CHYRON/MP_HACKNEY_AM_ALLIES_1,MP_CHYRON/MP_HACKNEY_AM_ALLIES_2,MP_CHYRON/MP_HACKNEY_AM_ALLIES_3,MP_CHYRON/MP_HACKNEY_AM_ALLIES_4,MP_CHYRON/MP_HACKNEY_AM_AXIS_1,MP_CHYRON/MP_HACKNEY_AM_AXIS_2,MP_CHYRON/MP_HACKNEY_AM_AXIS_3,MP_CHYRON/MP_HACKNEY_AM_AXIS_4,0
mp_iw9_audprop,LUA_MENU/MAPNAME_AUDPROP,LUA_MENU/MAPNAME_AUDPROP,,0.45,205,542,0,0.002,-0.01,SIX,SAS,USMC,SABF,FIVE,RUSF,FREE,,,,,image_mp_map_templogo,loading_mp_fort_bg,0,LUA_MENU/MAPNAME_AUDPROP,,DXR_ON,,1,11,550,3500,1,,0.056,-0.057,1,1,1,1,1,12000,2000,4000,15000,2000,,,,,,,,,,0
mp_grandprix_pm_2,LUA_MENU/MAPNAME_GRANDPRIX,LUA_MENU/MAPNAME_GRANDPRIX,,0.45,205,542,0,0,0.004,RUSF,SAS,SAS,ZVIR,ICORPS,GRP9,FREE,,,,,loading_mp_grandprix_pm_2_bg_preview,loading_mp_grandprix_pm_2_bg,0,LUA_MENU/MAPNAME_GRANDPRIX,,DXR_ON,,0,0,700,3500,1,,0.06,-0.02,1,1,1,1,1,12000,2000,4000,15000,2000,,MP_CHYRON/MP_GRANDPRIX_ALLIES_1,MP_CHYRON/MP_GRANDPRIX_ALLIES_2,MP_CHYRON/MP_GRANDPRIX_ALLIES_3,MP_CHYRON/MP_GRANDPRIX_ALLIES_4,MP_CHYRON/MP_GRANDPRIX_AXIS_1,MP_CHYRON/MP_GRANDPRIX_AXIS_2,MP_CHYRON/MP_GRANDPRIX_AXIS_3,MP_CHYRON/MP_GRANDPRIX_AXIS_4,0
mp_gulag_caves,LUA_MENU/MAPNAME_GULAG_CAVES,LUA_MENU/MAPNAME_GULAG_CAVES,,0.45,205,542,0,0,0.004,RUSF,SAS,SAS,SABF,FIVE,SIX,FREE,,,,,image_mp_map_templogo,,0,LUA_MENU/MAPNAME__GULAG_CAVES,,DXR_ON,,1,0,700,3500,1,,0.06,-0.02,1,1,1,1,1,12000,2000,4000,15000,2000,,,,,,,,,,0
mp_historic_gw,LUA_MENU/MAPNAME_HISTORIC,LUA_MENU/MAPNAME_HISTORIC,,0.45,205,542,0,0,0.004,ICORPS,USMC,SAS,ZVIR,ICORPS,GRP9,FREE,1,,3000,5000,loading_mp_historic_gw_bg_preview,loading_mp_historic_gw_bg,0,LUA_MENU/MAPNAME_HISTORIC,25000,DXR_OFF,,1,0,,,1,,,,1.5,1.5,1.5,1.5,1.5,12000,2000,4000,15000,2000,,,,,,,,,,0
mp_historic_gw2,LUA_MENU/MAPNAME_HISTORIC,LUA_MENU/MAPNAME_HISTORIC,,0.45,205,542,0,0,0.004,ICORPS,USMC,SAS,ZVIR,ICORPS,GRP9,FREE,1,,3000,5000,loading_mp_historic_gw_bg_preview,loading_mp_historic_gw_bg,0,LUA_MENU/MAPNAME_HISTORIC,25000,DXR_OFF,,1,0,,,1,,,,1.5,1.5,1.5,1.5,1.5,12000,2000,4000,15000,2000,,MP_CHYRON/MP_HISTORIC_ALLIES_1,MP_CHYRON/MP_HISTORIC_ALLIES_2,MP_CHYRON/MP_HISTORIC_ALLIES_3,MP_CHYRON/MP_HISTORIC_ALLIES_4,MP_CHYRON/MP_HISTORIC_AXIS_1,MP_CHYRON/MP_HISTORIC_AXIS_2,MP_CHYRON/MP_HISTORIC_AXIS_3,MP_CHYRON/MP_HISTORIC_AXIS_4,0
mp_historic_dev,LUA_MENU/MAPNAME_HISTORIC,LUA_MENU/MAPNAME_HISTORIC,,,,,,,,ICORPS,USMC,SAS,ZVIR,ICORPS,GRP9,FREE,1,,3000,5000,loading_mp_historic_gw_bg_preview,loading_mp_historic_gw_bg,0,LUA_MENU/MAPNAME_HISTORIC,25000,DXR_OFF,,1,0,,,1,,,,1.5,1.5,1.5,1.5,1.5,12000,2000,4000,15000,2000,,,,,,,,,,0
mp_hydro,LUA_MENU/MAPNAME_HYDRO,LUA_MENU/MAPNAME_HYDRO,,0.45,205,542,0,0,0.004,ZVIR,GRP9,SAS,ZVIR,ICORPS,GRP9,FREE,,,,,loading_mp_hydro_bg_preview,loading_mp_hydro_bg,0,LUA_MENU/MAPNAME_HYDRO,,DXR_ON,,0,0,700,3500,1,,0.06,-0.02,1,1,1,1,1,12000,2000,4000,15000,2000,,MP_CHYRON/MP_HYDRO_ALLIES_1,MP_CHYRON/MP_HYDRO_ALLIES_2,MP_CHYRON/MP_HYDRO_ALLIES_3,MP_CHYRON/MP_HYDRO_ALLIES_4,MP_CHYRON/MP_HYDRO_AXIS_1,MP_CHYRON/MP_HYDRO_AXIS_2,MP_CHYRON/MP_HYDRO_AXIS_3,MP_CHYRON/MP_HYDRO_AXIS_4,0
mp_hydro_dev,LUA_MENU/MAPNAME_HYDRO_DEV,LUA_MENU/MAPNAME_HYDRO_DEV,,0.45,205,542,0,0,0.004,ZVIR,GRP9,SAS,ZVIR,ICORPS,GRP9,FREE,,,,,image_mp_map_templogo,loading_mp_hydro_bg,0,LUA_MENU/MAPNAME_HYDRO_DEV,,DXR_ON,,1,0,700,3500,1,,0.06,-0.02,1,1,1,1,1,12000,2000,4000,15000,2000,,,,,,,,,,0
mp_invasion,LUA_MENU/MAPNAME_INVASION,LUA_MENU/MAPNAME_INVASION,,0.6,205,542,0,-0.01,-0.008,SABF,SAS,SAS,RUSF,FIVE,SIX,FREE,,,,,image_mp_map_templogo,loading_mp_fort_bg,0,LUA_MENU/MAPNAME_INVASION,,DXR_OFF,,1,0,1125,3500,1,,-0.01,-0.008,1,1,1,1,1,12000,2000,4000,15000,2000,,,,,,,,,,0
mp_intercept,LUA_MENU/MAPNAME_INTERCEPT,LUA_MENU/MAPNAME_INTERCEPT,,0.6,205,542,0,-0.01,-0.008,RUSF,SAS,SAS,SABF,FIVE,SIX,FREE,,,,,loading_mp_intercept_bg_preview,loading_mp_intercept_bg,0,LUA_MENU/MAPNAME_INTERCEPT,,DXR_OFF,,0,0,1125,3500,1,,-0.01,-0.008,1,1,1,1,1,12000,2000,4000,15000,2000,,MP_CHYRON/MP_INTERCEPT_ALLIES_1,MP_CHYRON/MP_INTERCEPT_ALLIES_2,MP_CHYRON/MP_INTERCEPT_ALLIES_3,MP_CHYRON/MP_INTERCEPT_ALLIES_4,MP_CHYRON/MP_INTERCEPT_AXIS_1,MP_CHYRON/MP_INTERCEPT_AXIS_2,MP_CHYRON/MP_INTERCEPT_AXIS_3,MP_CHYRON/MP_INTERCEPT_AXIS_4,0
mp_jup_bigmap,LUA_MENU/MAPNAME_JUP_BIGMAP,LUA_MENU/MAPNAME_JUP_BIGMAP,,,,,,,,RUSF,SAS,RUSF,SAS,RUSF,SAS,FREE,1,,,,loading_mp_jup_bigmap_bg_preview,loading_mp_jup_bigmap_bg,0,LUA_MENU/MAPNAME_JUP_BIGMAP,,DXR_OFF,,1,0,,,1,,,,1,1,1,1,1,12000,2000,4000,15000,2000,,MP_CHYRON/MP_JUP_BIGMAP_ALLIES_1,MP_CHYRON/MP_JUP_BIGMAP_ALLIES_2,MP_CHYRON/MP_JUP_BIGMAP_ALLIES_3,MP_CHYRON/MP_JUP_BIGMAP_ALLIES_4,MP_CHYRON/MP_JUP_BIGMAP_AXIS_1,MP_CHYRON/MP_JUP_BIGMAP_AXIS_2,MP_CHYRON/MP_JUP_BIGMAP_AXIS_3,MP_CHYRON/MP_JUP_BIGMAP_AXIS_4,0
mp_jup_bigmap_wz2,LUA_MENU/MAPNAME_JUP_BIGMAP,LUA_MENU/MAPNAME_JUP_BIGMAP,,,,,,,,RUSF,SAS,RUSF,SAS,RUSF,SAS,FREE,1,,,,loading_mp_jup_bigmap_bg_preview,loading_mp_jup_bigmap_bg,0,LUA_MENU/MAPNAME_JUP_BIGMAP,,DXR_OFF,,1,0,,,1,,,,1,1,1,1,1,12000,2000,4000,15000,2000,,MP_CHYRON/MP_JUP_BIGMAP_ALLIES_1,MP_CHYRON/MP_JUP_BIGMAP_ALLIES_2,MP_CHYRON/MP_JUP_BIGMAP_ALLIES_3,MP_CHYRON/MP_JUP_BIGMAP_ALLIES_4,MP_CHYRON/MP_JUP_BIGMAP_AXIS_1,MP_CHYRON/MP_JUP_BIGMAP_AXIS_2,MP_CHYRON/MP_JUP_BIGMAP_AXIS_3,MP_CHYRON/MP_JUP_BIGMAP_AXIS_4,0
mp_iw9_greenbox,LUA_MENU/MAPNAME_GREENBOX,LUA_MENU/MAPNAME_GREENBOX,,0.45,205,542,0,0,0.004,ZVIR,GRP9,SAS,ZVIR,ICORPS,GRP9,FREE,,,,,loading_mp_hydro_bg_preview,loading_mp_hydro_bg,0,LUA_MENU/MAPNAME_GREENBOX,,DXR_ON,,1,0,700,3500,1,,0.06,-0.02,1,1,1,1,1,12000,2000,4000,15000,2000,,,,,,,,,,0
mp_jup_ob_proto,,,,,,,,,,,,,,,,,1,,,,image_mp_map_templogo,,0,,,,,,,,,,,,,1,1,1,1,1,12000,2000,4000,15000,2000,,,,,,,,,,0
mp_jup_st_a,,,,,,,,,,,,,,,,,1,,,,image_mp_map_templogo,,0,,,,,,,,,,,,,1,1,1,1,1,12000,2000,4000,15000,2000,,,,,,,,,,0
mp_jup_st_b,,,,,,,,,,,,,,,,,1,,,,image_mp_map_templogo,,0,,,,,,,,,,,,,1,1,1,1,1,12000,2000,4000,15000,2000,,,,,,,,,,0
mp_jup_st_c,,,,,,,,,,,,,,,,,1,,,,image_mp_map_templogo,,0,,,,,,,,,,,,,1,1,1,1,1,12000,2000,4000,15000,2000,,,,,,,,,,0
mp_jup_st_d,,,,,,,,,,,,,,,,,1,,,,image_mp_map_templogo,,0,,,,,,,,,,,,,1,1,1,1,1,12000,2000,4000,15000,2000,,,,,,,,,,0
mp_jup_st_e,,,,,,,,,,,,,,,,,1,,,,image_mp_map_templogo,,0,,,,,,,,,,,,,1,1,1,1,1,12000,2000,4000,15000,2000,,,,,,,,,,0
mp_jup_st_f,,,,,,,,,,,,,,,,,1,,,,image_mp_map_templogo,,0,,,,,,,,,,,,,1,1,1,1,1,12000,2000,4000,15000,2000,,,,,,,,,,0
mp_jup_st_g,,,,,,,,,,,,,,,,,1,,,,image_mp_map_templogo,,0,,,,,,,,,,,,,1,1,1,1,1,12000,2000,4000,15000,2000,,,,,,,,,,0
mp_jup_st_h,,,,,,,,,,,,,,,,,1,,,,image_mp_map_templogo,,0,,,,,,,,,,,,,1,1,1,1,1,12000,2000,4000,15000,2000,,,,,,,,,,0
mp_jup_st_i,,,,,,,,,,,,,,,,,1,,,,image_mp_map_templogo,,0,,,,,,,,,,,,,1,1,1,1,1,12000,2000,4000,15000,2000,,,,,,,,,,0
mp_jupiter_v2,LUA_MENU/MAPNAME_JUPITER_V2,LUA_MENU/MAPNAME_JUPITER_V2,,0.45,205,542,0,0,0.004,RUSF,SAS,SAS,SABF,FIVE,SIX,FREE,,,,,image_mp_map_templogo,,0,LUA_MENU/MAPNAME_JUPITER_V2,,DXR_ON,,1,0,500,2500,1,,0.18,-0.02,1,1,1,1,1,12000,2000,4000,15000,2000,,,,,,,,,,0
mp_kyoto,LUA_MENU/MAPNAME_KYOTO,LUA_MENU/MAPNAME_KYOTO,,0.45,205,542,0,0,0.004,RUSF,SAS,SAS,SABF,FIVE,SIX,FREE,,,,,image_mp_map_templogo,,0,LUA_MENU/MAPNAME_KYOTO,,DXR_ON,,1,0,500,2500,1,,0.18,-0.02,1,1,1,1,1,12000,2000,4000,15000,2000,,,,,,,,,,0
mp_lifts,LUA_MENU/MAPNAME_LIFTS,LUA_MENU/MAPNAME_LIFTS,,0.45,205,542,0,0,0.004,RUSF,SAS,SAS,SABF,FIVE,SIX,FREE,,,,,image_mp_map_templogo,,0,LUA_MENU/MAPNAME_LIFTS,,DXR_ON,,1,0,700,3500,1,,0.06,-0.02,1,1,1,1,1,12000,2000,4000,15000,2000,,,,,,,,,,0
mp_luxury,LUA_MENU/MAPNAME_LUXURY,LUA_MENU/MAPNAME_LUXURY,,0.45,205,542,0,0,0.004,ICORPS,SAS,SAS,ZVIR,ICORPS,GRP9,FREE,,,,,loading_mp_luxury_bg_preview,loading_mp_luxury_bg,0,LUA_MENU/MAPNAME_LUXURY,,DXR_ON,,0,0,700,3500,1,,0.06,-0.02,1,1,1,1,1,12000,2000,4000,15000,2000,,MP_CHYRON/MP_LUXURY_ALLIES_1,MP_CHYRON/MP_LUXURY_ALLIES_2,MP_CHYRON/MP_LUXURY_ALLIES_3,MP_CHYRON/MP_LUXURY_ALLIES_4,MP_CHYRON/MP_LUXURY_AXIS_1,MP_CHYRON/MP_LUXURY_AXIS_2,MP_CHYRON/MP_LUXURY_AXIS_3,MP_CHYRON/MP_LUXURY_AXIS_4,0
mp_mgl_catedral,LUA_MENU/MAPNAME_CATEDRAL,LUA_MENU/MAPNAME_CATEDRAL,,0.45,205,542,0,0,0.004,RUSF,SAS,SAS,SABF,FIVE,SIX,FREE,,,,,loading_mp_catedral_bg_preview,loading_mp_mgl_catedral_bg,0,LUA_MENU/MAPNAME_CATEDRAL,,DXR_ON,,0,0,500,2500,1,,0.18,-0.02,1,1,1,1,1,12000,2000,4000,15000,2000,,MP_CHYRON/MP_SHOOTHOUSE2_ALLIES_1,MP_CHYRON/MP_SHOOTHOUSE2_ALLIES_2,MP_CHYRON/MP_SHOOTHOUSE2_ALLIES_3,MP_CHYRON/MP_SHOOTHOUSE2_ALLIES_4,MP_CHYRON/MP_SHOOTHOUSE2_AXIS_1,MP_CHYRON/MP_SHOOTHOUSE2_AXIS_2,MP_CHYRON/MP_SHOOTHOUSE2_AXIS_3,MP_CHYRON/MP_SHOOTHOUSE2_AXIS_4,0
mp_mgl_crash2,LUA_MENU/MAPNAME_CRASH2,LUA_MENU/MAPNAME_CRASH2,,0.45,205,542,0,0,0.004,RUSF,SAS,SAS,SABF,FIVE,SIX,FREE,,,,,image_mp_map_templogo,loading_mp_mgl_crash2_bg,0,LUA_MENU/MAPNAME_CRASH2,,DXR_ON,,0,0,500,2500,1,,0.18,-0.02,1,1,1,1,1,12000,2000,4000,15000,2000,,MP_CHYRON/MP_SHOOTHOUSE2_ALLIES_1,MP_CHYRON/MP_SHOOTHOUSE2_ALLIES_2,MP_CHYRON/MP_SHOOTHOUSE2_ALLIES_3,MP_CHYRON/MP_SHOOTHOUSE2_ALLIES_4,MP_CHYRON/MP_SHOOTHOUSE2_AXIS_1,MP_CHYRON/MP_SHOOTHOUSE2_AXIS_2,MP_CHYRON/MP_SHOOTHOUSE2_AXIS_3,MP_CHYRON/MP_SHOOTHOUSE2_AXIS_4,0
mp_mgl_farm_18,LUA_MENU/MAPNAME_FARM_18,LUA_MENU/MAPNAME_FARM_18,,0.45,205,542,0,0,0.004,RUSF,SAS,SAS,SABF,FIVE,SIX,FREE,,,,,loading_mp_farm_18_bg_preview,loading_mp_mgl_farm_18_bg,0,LUA_MENU/MAPNAME_FARM_18,,DXR_ON,,0,0,500,2500,1,,0.18,-0.02,1,1,1,1,1,12000,2000,4000,15000,2000,,MP_CHYRON/MP_SHOOTHOUSE2_ALLIES_1,MP_CHYRON/MP_SHOOTHOUSE2_ALLIES_2,MP_CHYRON/MP_SHOOTHOUSE2_ALLIES_3,MP_CHYRON/MP_SHOOTHOUSE2_ALLIES_4,MP_CHYRON/MP_SHOOTHOUSE2_AXIS_1,MP_CHYRON/MP_SHOOTHOUSE2_AXIS_2,MP_CHYRON/MP_SHOOTHOUSE2_AXIS_3,MP_CHYRON/MP_SHOOTHOUSE2_AXIS_4,0
mp_mgl_luxury,LUA_MENU/MAPNAME_LUXURY,LUA_MENU/MAPNAME_LUXURY,,0.45,205,542,0,0,0.004,RUSF,SAS,SAS,SABF,FIVE,SIX,FREE,,,,,loading_mp_luxury_bg_preview,loading_mp_mgl_luxury_bg,0,LUA_MENU/MAPNAME_LUXURY,,DXR_ON,,0,0,500,2500,1,,0.18,-0.02,1,1,1,1,1,12000,2000,4000,15000,2000,,MP_CHYRON/MP_SHOOTHOUSE2_ALLIES_1,MP_CHYRON/MP_SHOOTHOUSE2_ALLIES_2,MP_CHYRON/MP_SHOOTHOUSE2_ALLIES_3,MP_CHYRON/MP_SHOOTHOUSE2_ALLIES_4,MP_CHYRON/MP_SHOOTHOUSE2_AXIS_1,MP_CHYRON/MP_SHOOTHOUSE2_AXIS_2,MP_CHYRON/MP_SHOOTHOUSE2_AXIS_3,MP_CHYRON/MP_SHOOTHOUSE2_AXIS_4,0
mp_mgl_shipment_iw9,LUA_MENU/MAPNAME_SHIPMENT_IW9,LUA_MENU/MAPNAME_SHIPMENT_IW9,,0.45,205,542,0,0,0.004,RUSF,SAS,SAS,SABF,FIVE,SIX,FREE,,,,,loading_mp_shipment_bg_preview,loading_mp_mgl_shipment_iw9_bg,0,LUA_MENU/MAPNAME_SHIPMENT_IW9,,DXR_ON,,0,0,500,2500,1,,0.18,-0.02,1,1,1,1,1,12000,2000,4000,15000,2000,,MP_CHYRON/MP_SHIPMENT_IW9_ALLIES_1,MP_CHYRON/MP_SHIPMENT_IW9_ALLIES_2,MP_CHYRON/MP_SHIPMENT_IW9_ALLIES_3,MP_CHYRON/MP_SHIPMENT_IW9_ALLIES_4,MP_CHYRON/MP_SHIPMENT_IW9_AXIS_1,MP_CHYRON/MP_SHIPMENT_IW9_AXIS_2,MP_CHYRON/MP_SHIPMENT_IW9_AXIS_3,MP_CHYRON/MP_SHIPMENT_IW9_AXIS_4,0
mp_mgl_wallmarket_test,LUA_MENU/MAPNAME_WALLMARKET,LUA_MENU/MAPNAME_WALLMARKET,,0.42,205,542,0,0.016,0.009,RUSF,SAS,SAS,SABF,FIVE,SIX,FREE,,,,,image_mp_map_templogo,,0,LUA_MENU/MAPNAME_WALLMARKET,,DXR_ON,,1,0,400,1500,0,,0.08,-0.11,1,1,1,1,1,12000,2000,4000,15000,2000,,,,,,,,,,0
mp_mtntown,LUA_MENU/MAPNAME_MTNTOWN,LUA_MENU/MAPNAME_MTNTOWN,,0.45,205,542,0,0,0.004,RUSF,SAS,SAS,SABF,FIVE,SIX,FREE,,,,,image_mp_map_templogo,,0,LUA_MENU/MAPNAME_MTNTOWN,,DXR_ON,,1,0,700,3500,1,,0.06,-0.02,1,1,1,1,1,12000,2000,4000,15000,2000,,,,,,,,,,0
mp_museum,LUA_MENU/MAPNAME_MUSEUM,LUA_MENU/MAPNAME_MUSEUM,,0.45,205,542,0,0,0.004,ZVIR,GRP9,SAS,ZVIR,ICORPS,GRP9,FREE,,,,,image_mp_map_templogo,loading_mp_museum_bg,0,LUA_MENU/MAPNAME_MUSEUM,,DXR_ON,,0,0,700,3500,1,,0.06,-0.02,1,1,1,1,1,12000,2000,4000,15000,2000,,MP_CHYRON/MP_MUSEUM_ALLIES_1,MP_CHYRON/MP_MUSEUM_ALLIES_2,MP_CHYRON/MP_MUSEUM_ALLIES_3,MP_CHYRON/MP_MUSEUM_ALLIES_4,MP_CHYRON/MP_MUSEUM_AXIS_1,MP_CHYRON/MP_MUSEUM_AXIS_2,MP_CHYRON/MP_MUSEUM_AXIS_3,MP_CHYRON/MP_MUSEUM_AXIS_4,0
mp_nogales_gw,LUA_MENU/MAPNAME_NOGALES,LUA_MENU/MAPNAME_NOGALES,,0.45,205,542,0,0,0.004,ZVIR,USMC,SAS,ZVIR,ICORPS,GRP9,FREE,1,,3000,5000,loading_mp_nogales_bg_preview,loading_mp_nogales_bg,0,LUA_MENU/MAPNAME_NOGALES,25000,DXR_ON,,1,0,700,3500,1,,0.06,-0.02,1,1,1,1,1,12000,2000,4000,15000,2000,,,,,,,,,,0
mp_nogales_gw2,LUA_MENU/MAPNAME_NOGALES,LUA_MENU/MAPNAME_NOGALES,,0.45,205,542,0,0,0.004,ZVIR,USMC,SAS,ZVIR,ICORPS,GRP9,FREE,1,,3000,5000,image_mp_map_templogo,loading_mp_nogales_bg,0,LUA_MENU/MAPNAME_NOGALES,25000,DXR_ON,,1,0,700,3500,1,,0.06,-0.02,1,1,1,1,1,12000,2000,4000,15000,2000,,MP_CHYRON/MP_NOGALES_ALLIES_1,MP_CHYRON/MP_NOGALES_ALLIES_2,MP_CHYRON/MP_NOGALES_ALLIES_3,MP_CHYRON/MP_NOGALES_ALLIES_4,MP_CHYRON/MP_NOGALES_AXIS_1,MP_CHYRON/MP_NOGALES_AXIS_2,MP_CHYRON/MP_NOGALES_AXIS_3,MP_CHYRON/MP_NOGALES_AXIS_4,0
mp_observatory,LUA_MENU/MAPNAME_OBSERVATORY,LUA_MENU/MAPNAME_OBSERVATORY,,0.45,205,542,0,0,0.004,RUSF,SAS,SAS,SABF,FIVE,SIX,FREE,,,,,loading_mp_observ_bg_preview,loading_mp_observatory_bg,0,LUA_MENU/MAPNAME_OBSERVATORY,,DXR_ON,,0,0,700,3500,1,,0.06,-0.02,1,1,1,1,1,12000,2000,4000,15000,2000,,MP_CHYRON/MP_OBSERVATORY_ALLIES_1,MP_CHYRON/MP_OBSERVATORY_ALLIES_2,MP_CHYRON/MP_OBSERVATORY_ALLIES_3,MP_CHYRON/MP_OBSERVATORY_ALLIES_4,MP_CHYRON/MP_OBSERVATORY_AXIS_1,MP_CHYRON/MP_OBSERVATORY_AXIS_2,MP_CHYRON/MP_OBSERVATORY_AXIS_3,MP_CHYRON/MP_OBSERVATORY_AXIS_4,0
mp_ridge,LUA_MENU/MAPNAME_RIDGE,LUA_MENU/MAPNAME_RIDGE,,0.45,205,542,0,0,0.004,RUSF,SAS,SAS,SABF,FIVE,SIX,FREE,,,,,image_mp_map_templogo,,0,LUA_MENU/MAPNAME_RIDGE,,DXR_ON,,1,0,700,3500,1,,0.06,-0.02,1,1,1,1,1,12000,2000,4000,15000,2000,,,,,,,,,,0
mp_ridgecrest,LUA_MENU/MAPNAME_RIDGECREST,LUA_MENU/MAPNAME_RIDGECREST,,0.45,205,542,0,0,0.004,RUSF,SAS,SAS,SABF,FIVE,SIX,FREE,,,,,image_mp_map_templogo,,0,LUA_MENU/MAPNAME_RIDGECREST,,DXR_ON,,1,0,700,3500,1,,0.06,-0.02,1,1,1,1,1,12000,2000,4000,15000,2000,,,,,,,,,,0
mp_rush_v2,LUA_MENU/MAPNAME_RUSH,LUA_MENU/MAPNAME_RUSH,,0.45,205,542,0,0,0.004,RUSF,SAS,SAS,SABF,FIVE,SIX,FREE,,,,,image_mp_map_templogo,,0,LUA_MENU/MAPNAME_RUSH,,DXR_ON,,0,0,700,3500,1,,0.06,-0.02,1,1,1,1,1,12000,2000,4000,15000,2000,,,,,,,,,,0
mp_saba_biomes,LUA_MENU/MAPNAME_BIOMES,LUA_MENU/MAPNAME_BIOMES,,0.45,205,542,0,0,0.004,RUSF,SAS,SAS,SABF,FIVE,SIX,FREE,,,,,image_mp_map_templogo,,0,LUA_MENU/MAPNAME_BIOMES,,DXR_ON,,1,0,700,3500,1,,0.06,-0.02,1,1,1,1,1,12000,2000,4000,15000,2000,,,,,,,,,,0
mp_shipment_iw9,LUA_MENU/MAPNAME_SHIPMENT_IW9,LUA_MENU/MAPNAME_SHIPMENT_IW9,,0.45,205,542,0,0,0.004,RUSF,SAS,SAS,SABF,FIVE,SIX,FREE,,,,,loading_mp_shipment_bg_preview,loading_mp_shipment_bg,0,LUA_MENU/MAPNAME_SHIPMENT_IW9,,DXR_ON,,0,0,500,2500,1,,0.18,-0.02,1,1,1,1,1,12000,2000,4000,15000,2000,,MP_CHYRON/MP_SHIPMENT_IW9_ALLIES_1,MP_CHYRON/MP_SHIPMENT_IW9_ALLIES_2,MP_CHYRON/MP_SHIPMENT_IW9_ALLIES_3,MP_CHYRON/MP_SHIPMENT_IW9_ALLIES_4,MP_CHYRON/MP_SHIPMENT_IW9_AXIS_1,MP_CHYRON/MP_SHIPMENT_IW9_AXIS_2,MP_CHYRON/MP_SHIPMENT_IW9_AXIS_3,MP_CHYRON/MP_SHIPMENT_IW9_AXIS_4,0
mp_shipment_iw9_xmas,LUA_MENU/MAPNAME_SHIPMENT_IW9,LUA_MENU/MAPNAME_SHIPMENT_IW9,,0.45,205,542,0,0,0.004,RUSF,SAS,SAS,SABF,FIVE,SIX,FREE,,,,,loading_mp_ship_xmas_bg_preview,loading_mp_ship_xmas_bg,0,LUA_MENU/MAPNAME_SHIPMENT_IW9,,DXR_ON,,0,0,500,2500,1,,0.18,-0.02,1,1,1,1,1,12000,2000,4000,15000,2000,,MP_CHYRON/MP_SHIPMENT_IW9_ALLIES_1,MP_CHYRON/MP_SHIPMENT_IW9_ALLIES_2,MP_CHYRON/MP_SHIPMENT_IW9_ALLIES_3,MP_CHYRON/MP_SHIPMENT_IW9_ALLIES_4,MP_CHYRON/MP_SHIPMENT_IW9_AXIS_1,MP_CHYRON/MP_SHIPMENT_IW9_AXIS_2,MP_CHYRON/MP_SHIPMENT_IW9_AXIS_3,MP_CHYRON/MP_SHIPMENT_IW9_AXIS_4,0
mp_shoothouse2,LUA_MENU/MAPNAME_SHOOTHOUSE2,LUA_MENU/MAPNAME_SHOOTHOUSE2,,0.45,205,542,0,0,0.004,RUSF,SAS,SAS,SABF,FIVE,SIX,FREE,,,,,loading_mp_shoot_bg_preview,loading_mp_shoot_bg,0,LUA_MENU/MAPNAME_SHOOTHOUSE2,,DXR_ON,,0,0,500,2500,1,,0.18,-0.02,1,1,1,1,1,12000,2000,4000,15000,2000,,MP_CHYRON/MP_SHOOTHOUSE2_ALLIES_1,MP_CHYRON/MP_SHOOTHOUSE2_ALLIES_2,MP_CHYRON/MP_SHOOTHOUSE2_ALLIES_3,MP_CHYRON/MP_SHOOTHOUSE2_ALLIES_4,MP_CHYRON/MP_SHOOTHOUSE2_AXIS_1,MP_CHYRON/MP_SHOOTHOUSE2_AXIS_2,MP_CHYRON/MP_SHOOTHOUSE2_AXIS_3,MP_CHYRON/MP_SHOOTHOUSE2_AXIS_4,0
mp_shoothouse2_mobile,LUA_MENU/MAPNAME_SHOOTHOUSE2,LUA_MENU/MAPNAME_SHOOTHOUSE2,,0.45,205,542,0,0,0.004,RUSF,SAS,SAS,SABF,FIVE,SIX,FREE,,,,,loading_mp_shoot_bg_preview,loading_mp_shoothouse2_mobile_bg,0,LUA_MENU/MAPNAME_SHOOTHOUSE2,,DXR_ON,,0,0,500,2500,1,,0.18,-0.02,1,1,1,1,1,12000,2000,4000,15000,2000,,MP_CHYRON/MP_SHOOTHOUSE2_ALLIES_1,MP_CHYRON/MP_SHOOTHOUSE2_ALLIES_2,MP_CHYRON/MP_SHOOTHOUSE2_ALLIES_3,MP_CHYRON/MP_SHOOTHOUSE2_ALLIES_4,MP_CHYRON/MP_SHOOTHOUSE2_AXIS_1,MP_CHYRON/MP_SHOOTHOUSE2_AXIS_2,MP_CHYRON/MP_SHOOTHOUSE2_AXIS_3,MP_CHYRON/MP_SHOOTHOUSE2_AXIS_4,0
mp_scrapyard_mobile,LUA_MENU/MAPNAME_SCRAPYARD,LUA_MENU/MAPNAME_SCRAPYARD,,0.45,205,542,90,-0.002,0,RUSF,SAS,SAS,SABF,FIVE,SIX,FREE,,,,,image_mp_map_templogo,loading_mp_scrapyard_mobile_bg,0,LUA_MENU/MAPNAME_SCRAPYARD,,DXR_ON,,1,48,750,3500,1,,0.03,0.07,1,1,1,1,1,12000,2000,4000,15000,2000,,,,,,,,,,0
mp_showdown2,LUA_MENU/MAPNAME_SHOWDOWN2,LUA_MENU/MAPNAME_SHOWDOWN2,,0.45,205,542,0,0,0.004,RUSF,SAS,SAS,SABF,FIVE,SIX,FREE,,,,,loading_mp_showdown2_bg_preview,loading_mp_showdown2_bg,0,LUA_MENU/MAPNAME_SHOWDOWN2,,DXR_ON,,0,0,500,2500,1,,0.18,-0.02,1,1,1,1,1,12000,2000,4000,15000,2000,,MP_CHYRON/MP_SHOWDOWN2_ALLIES_1,MP_CHYRON/MP_SHOWDOWN2_ALLIES_2,MP_CHYRON/MP_SHOWDOWN2_ALLIES_3,MP_CHYRON/MP_SHOWDOWN2_ALLIES_4,MP_CHYRON/MP_SHOWDOWN2_AXIS_1,MP_CHYRON/MP_SHOWDOWN2_AXIS_2,MP_CHYRON/MP_SHOWDOWN2_AXIS_3,MP_CHYRON/MP_SHOWDOWN2_AXIS_4,0
mp_shrossing,LUA_MENU/MAPNAME_SHROSSING,LUA_MENU/MAPNAME_SHROSSING,,0.45,205,542,0,0,0.004,RUSF,SAS,SAS,SABF,FIVE,SIX,FREE,,,,,image_mp_map_templogo,,0,LUA_MENU/MAPNAME_SHROSSING,,DXR_ON,,0,0,500,2500,1,,0.18,-0.02,1,1,1,1,1,12000,2000,4000,15000,2000,,MP_CHYRON/MP_SHOWDOWN2_ALLIES_1,MP_CHYRON/MP_SHOWDOWN2_ALLIES_2,MP_CHYRON/MP_SHOWDOWN2_ALLIES_3,MP_CHYRON/MP_SHOWDOWN2_ALLIES_4,MP_CHYRON/MP_SHOWDOWN2_AXIS_1,MP_CHYRON/MP_SHOWDOWN2_AXIS_2,MP_CHYRON/MP_SHOWDOWN2_AXIS_3,MP_CHYRON/MP_SHOWDOWN2_AXIS_4,0
mp_sira_gw,LUA_MENU/MAPNAME_SIRA,LUA_MENU/MAPNAME_SIRA,,0.45,205,542,0,0,0.004,ZVIR,SAS,SAS,ZVIR,ICORPS,GRP9,FREE,1,,3000,5000,loading_mp_sira_gw_bg_preview,loading_mp_sira_gw_bg,0,LUA_MENU/MAPNAME_SIRA,25000,DXR_ON,,1,0,700,3500,1,,0.06,-0.02,1,1,1,1,1,12000,2000,4000,15000,2000,,MP_CHYRON/MP_SIRA_ALLIES_1,MP_CHYRON/MP_SIRA_ALLIES_2,MP_CHYRON/MP_SIRA_ALLIES_3,MP_CHYRON/MP_SIRA_ALLIES_4,MP_CHYRON/MP_SIRA_AXIS_1,MP_CHYRON/MP_SIRA_AXIS_2,MP_CHYRON/MP_SIRA_AXIS_3,MP_CHYRON/MP_SIRA_AXIS_4,0
mp_sira2_dev,LUA_MENU/MAPNAME_SIRA,LUA_MENU/MAPNAME_SIRA,,0.45,205,542,0,0,0.004,ZVIR,SAS,SAS,ZVIR,ICORPS,GRP9,FREE,1,,3000,5000,image_mp_map_templogo,,0,LUA_MENU/MAPNAME_SIRA,,DXR_ON,,1,0,700,3500,1,,0.06,-0.02,1,1,1,1,1,12000,2000,4000,15000,2000,,,,,,,,,,0
mp_skerries_v2,LUA_MENU/MAPNAME_SKERRIES_V2,LUA_MENU/MAPNAME_SKERRIES_V2,,0.45,205,542,0,0,0.004,RUSF,SAS,SAS,SABF,FIVE,SIX,FREE,,,,,loading_mp_skerries_bg_preview,loading_mp_skerries_bg,0,LUA_MENU/MAPNAME_SKERRIES_V2,,DXR_ON,,0,0,500,2500,1,,0.18,-0.02,1,1,1,1,1,12000,2000,4000,15000,2000,,MP_CHYRON/MP_SKERRIES_ALLIES_1,MP_CHYRON/MP_SKERRIES_ALLIES_2,MP_CHYRON/MP_SKERRIES_ALLIES_3,MP_CHYRON/MP_SKERRIES_ALLIES_4,MP_CHYRON/MP_SKERRIES_AXIS_1,MP_CHYRON/MP_SKERRIES_AXIS_2,MP_CHYRON/MP_SKERRIES_AXIS_3,MP_CHYRON/MP_SKERRIES_AXIS_4,0
mp_swap_meet,LUA_MENU/MAPNAME_SWAP_MEET,LUA_MENU/MAPNAME_SWAP_MEET,,0.45,205,542,0,0,0.004,ICORPS,USMC,SAS,ZVIR,ICORPS,GRP9,FREE,,,,,loading_mp_swap_meet_bg_preview,loading_mp_swap_meet_bg,0,LUA_MENU/MAPNAME_SWAP_MEET,,DXR_ON,,0,0,700,3500,1,,0.06,-0.02,1,1,1,1,1,12000,2000,4000,15000,2000,,MP_CHYRON/MP_SWAP_MEET_ALLIES_1,MP_CHYRON/MP_SWAP_MEET_ALLIES_2,MP_CHYRON/MP_SWAP_MEET_ALLIES_3,MP_CHYRON/MP_SWAP_MEET_ALLIES_4,MP_CHYRON/MP_SWAP_MEET_AXIS_1,MP_CHYRON/MP_SWAP_MEET_AXIS_2,MP_CHYRON/MP_SWAP_MEET_AXIS_3,MP_CHYRON/MP_SWAP_MEET_AXIS_4,0
mp_swap_meet_dev,LUA_MENU/MAPNAME_SWAP_MEET_DEV,LUA_MENU/MAPNAME_SWAP_MEET_DEV,,0.45,205,542,0,0,0.004,ICORPS,USMC,SAS,ZVIR,ICORPS,GRP9,FREE,,,,,image_mp_map_templogo,loading_mp_swap_meet_bg,0,LUA_MENU/MAPNAME_SWAP_MEET_DEV,,DXR_ON,,1,0,700,3500,1,,0.06,-0.02,1,1,1,1,1,12000,2000,4000,15000,2000,,,,,,,,,,0
mp_tenant,LUA_MENU/MAPNAME_TENANT,LUA_MENU/MAPNAME_TENANT,,0.45,205,542,0,0,0.004,RUSF,SAS,SAS,SABF,FIVE,SIX,FREE,,,,,image_mp_map_templogo,,0,LUA_MENU/MAPNAME_TENANT,,DXR_ON,,1,0,700,3500,1,,0.06,-0.02,1,1,1,1,1,12000,2000,4000,15000,2000,,,,,,,,,,0
mp_toujane2,LUA_MENU/MAPNAME_TOUJANE2,LUA_MENU/MAPNAME_TOUJANE2,,0.45,205,542,0,0,0.004,RUSF,SAS,SAS,SABF,FIVE,SIX,FREE,,,,,loading_mp_toujane2_bg_preview,loading_mp_toujane2_bg,0,LUA_MENU/MAPNAME_TOUJANE2,,DXR_ON,,1,0,700,3500,1,,0.06,-0.02,1,1,1,1,1,12000,2000,4000,15000,2000,,MP_CHYRON/MP_TOUJANE2_ALLIES_1,MP_CHYRON/MP_TOUJANE2_ALLIES_2,MP_CHYRON/MP_TOUJANE2_ALLIES_3,MP_CHYRON/MP_TOUJANE2_ALLIES_4,MP_CHYRON/MP_TOUJANE2_AXIS_1,MP_CHYRON/MP_TOUJANE2_AXIS_2,MP_CHYRON/MP_TOUJANE2_AXIS_3,MP_CHYRON/MP_TOUJANE2_AXIS_4,0
mp_tokyo,LUA_MENU/MAPNAME_TOKYO,LUA_MENU/MAPNAME_TOKYO,,0.45,205,542,0,0,0.004,RUSF,SAS,SAS,SABF,FIVE,SIX,FREE,,,,,image_mp_map_templogo,,0,LUA_MENU/MAPNAME_TOKYO,,DXR_ON,,1,0,700,3500,1,,0.06,-0.02,1,1,1,1,1,12000,2000,4000,15000,2000,,,,,,,,,,0
mp_m_alley,LUA_MENU/MAPNAME_M_ALLEY,LUA_MENU/MAPNAME_M_ALLEY,,0.42,205,542,0,0.016,0.009,RUSF,SAS,SAS,SABF,FIVE,SIX,FREE,,,,,loading_mp_m_alley_bg_preview,loading_mp_m_alley_bg,0,LUA_MENU/MAPNAME_M_ALLEY,,DXR_ON,,0,0,400,1500,0,,0.08,-0.11,1,1,1,1,1,12000,2000,4000,15000,2000,,MP_CHYRON/MP_M_ALLEY_ALLIES_1,MP_CHYRON/MP_M_ALLEY_ALLIES_2,MP_CHYRON/MP_M_ALLEY_ALLIES_3,MP_CHYRON/MP_M_ALLEY_ALLIES_4,MP_CHYRON/MP_M_ALLEY_AXIS_1,MP_CHYRON/MP_M_ALLEY_AXIS_2,MP_CHYRON/MP_M_ALLEY_AXIS_3,MP_CHYRON/MP_M_ALLEY_AXIS_4,0
mp_m_blacksite2,LUA_MENU/MAPNAME_M_BLACKSITE,LUA_MENU/MAPNAME_M_BLACKSITE,,0.42,205,542,0,0.016,0.009,RUSF,SAS,SAS,SABF,FIVE,SIX,FREE,,,,,loading_mp_m_black_bg_preview,loading_mp_m_blacksite2_bg,0,LUA_MENU/MAPNAME_M_BLACKSITE,,DXR_ON,,0,0,400,1500,0,,0.08,-0.11,1,1,1,1,1,12000,2000,4000,15000,2000,,MP_CHYRON/MP_M_BLACKSITE_ALLIES_1,MP_CHYRON/MP_M_BLACKSITE_ALLIES_2,MP_CHYRON/MP_M_BLACKSITE_ALLIES_3,MP_CHYRON/MP_M_BLACKSITE_ALLIES_4,MP_CHYRON/MP_M_BLACKSITE_AXIS_1,MP_CHYRON/MP_M_BLACKSITE_AXIS_2,MP_CHYRON/MP_M_BLACKSITE_AXIS_3,MP_CHYRON/MP_M_BLACKSITE_AXIS_4,0
mp_m_boneyard,LUA_MENU/MAPNAME_M_BONEYARD,LUA_MENU/MAPNAME_M_BONEYARD,,0.42,200,542,0,0,0.005,SIX,SAS,FIVE,SABF,USMC,RUSF,FREE,,compass_map_mp_m_king,,,image_mp_map_templogo,loading_mp_m_king_bg,0,LUA_MENU/MAPNAME_M_BONEYARD,,DXR_ON,,1,0,400,1500,0,,0.081,-0.025,1,1,1,1,1,12000,2000,4000,15000,2000,,,,,,,,,,0
mp_m_canal,LUA_MENU/MAPNAME_M_CANAL,LUA_MENU/MAPNAME_M_CANAL,,0.42,205,542,0,0.016,0.009,RUSF,SAS,SAS,SABF,FIVE,SIX,FREE,,,,,image_mp_map_templogo,,0,LUA_MENU/MAPNAME_M_CANAL,,DXR_ON,,0,0,400,1500,0,,0.08,-0.11,1,1,1,1,1,12000,2000,4000,15000,2000,,,,,,,,,,0
mp_m_exhibit,LUA_MENU/MAPNAME_M_EXHIBIT,LUA_MENU/MAPNAME_M_EXHIBIT,,0.42,205,542,0,0.016,0.009,RUSF,SAS,SAS,SABF,FIVE,SIX,FREE,,,,,loading_mp_m_exhibit_bg_preview,loading_mp_m_exhibit_bg,0,LUA_MENU/MAPNAME_M_EXHIBIT,,DXR_ON,,0,0,400,1500,0,,0.08,-0.11,1,1,1,1,1,12000,2000,4000,15000,2000,,MP_CHYRON/MP_M_EXHIBIT_ALLIES_1,MP_CHYRON/MP_M_EXHIBIT_ALLIES_2,MP_CHYRON/MP_M_EXHIBIT_ALLIES_3,MP_CHYRON/MP_M_EXHIBIT_ALLIES_4,MP_CHYRON/MP_M_EXHIBIT_AXIS_1,MP_CHYRON/MP_M_EXHIBIT_AXIS_2,MP_CHYRON/MP_M_EXHIBIT_AXIS_3,MP_CHYRON/MP_M_EXHIBIT_AXIS_4,0
mp_m_gulag_redux,LUA_MENU/MAPNAME_M_GULAG_REDUX,LUA_MENU/MAPNAME_M_GULAG_REDUX,,0.42,205,542,0,0.016,0.009,RUSF,SAS,SAS,SABF,FIVE,SIX,FREE,,,,,image_mp_map_templogo,,0,LUA_MENU/MAPNAME_M_GULAG_REDUX,,DXR_ON,,1,0,400,1500,0,,0.08,-0.11,1,1,1,1,1,12000,2000,4000,15000,2000,,,,,,,,,,0
mp_m_trauma,LUA_MENU/MAPNAME_M_TRAUMA,LUA_MENU/MAPNAME_M_TRAUMA,,0.42,205,542,0,0.016,0.009,RUSF,SAS,SAS,SABF,FIVE,SIX,FREE,,,,,image_mp_map_templogo,,0,LUA_MENU/MAPNAME_M_TRAUMA,,DXR_ON,,1,0,400,1500,0,,0.08,-0.11,1,1,1,1,1,12000,2000,4000,15000,2000,,,,,,,,,,0
mp_m_torn,LUA_MENU/MAPNAME_M_TORN,LUA_MENU/MAPNAME_M_TORN,,0.42,205,542,0,0.016,0.009,RUSF,SAS,SAS,SABF,FIVE,SIX,FREE,,,,,image_mp_map_templogo,,0,LUA_MENU/MAPNAME_M_TORN,,DXR_ON,,1,0,400,1500,0,,0.08,-0.11,1,1,1,1,1,12000,2000,4000,15000,2000,,,,,,,,,,0
mp_m_discharge,LUA_MENU/MAPNAME_M_DISCHARGE,LUA_MENU/MAPNAME_M_DISCHARGE,,0.35,205,542,0,0,0,RUSF,SAS,FIVE,SABF,USMC,SIX,FREE,,,,,image_mp_map_templogo,loading_mp_m_drainage_bg,0,LUA_MENU/MAPNAME_M_DISCHARGE,,DXR_ON,,1,0,500,2500,1,,0.065,-0.03,1,1,1,1,1,12000,2000,4000,15000,2000,,,,,,,,,,0
mp_m_drainage,LUA_MENU/MAPNAME_M_DRAINAGE,LUA_MENU/MAPNAME_M_DRAINAGE,,0.35,205,542,0,0,0,RUSF,SAS,FIVE,SABF,USMC,SIX,FREE,,,,,image_mp_map_templogo,loading_mp_m_drainage_bg,0,LUA_MENU/MAPNAME_M_DRAINAGE,,DXR_ON,,1,0,500,2500,1,,0.065,-0.03,1,1,1,1,1,12000,2000,4000,15000,2000,,,,,,,,,,0
mp_m_fight,LUA_MENU/MAPNAME_M_FIGHT,LUA_MENU/MAPNAME_M_FIGHT,,0.42,205,542,0,0.016,0.009,RUSF,SAS,SAS,SABF,FIVE,SIX,FREE,,,,,loading_mp_m_fight_bg_preview,loading_mp_m_fight_bg,0,LUA_MENU/MAPNAME_M_FIGHT,,DXR_ON,,1,0,400,1500,0,,0.08,-0.11,1,1,1,1,1,12000,2000,4000,15000,2000,,MP_CHYRON/MP_M_FIGHT_ALLIES_1,MP_CHYRON/MP_M_FIGHT_ALLIES_2,MP_CHYRON/MP_M_FIGHT_ALLIES_3,MP_CHYRON/MP_M_FIGHT_ALLIES_4,MP_CHYRON/MP_M_FIGHT_AXIS_1,MP_CHYRON/MP_M_FIGHT_AXIS_2,MP_CHYRON/MP_M_FIGHT_AXIS_3,MP_CHYRON/MP_M_FIGHT_AXIS_4,0
mp_m_king,LUA_MENU/MAPNAME_M_KING,LUA_MENU/MAPNAME_M_KING,,0.42,205,542,0,0.016,0.009,RUSF,SAS,SAS,SABF,FIVE,SIX,FREE,,,,,loading_mp_m_king_bg_preview,loading_mp_m_king_bg,0,LUA_MENU/MAPNAME_M_KING,,DXR_ON,,1,0,400,1500,0,,0.08,-0.11,1,1,1,1,1,12000,2000,4000,15000,2000,,MP_CHYRON/MP_M_KING_ALLIES_1,MP_CHYRON/MP_M_KING_ALLIES_2,MP_CHYRON/MP_M_KING_ALLIES_3,MP_CHYRON/MP_M_KING_ALLIES_4,MP_CHYRON/MP_M_KING_AXIS_1,MP_CHYRON/MP_M_KING_AXIS_2,MP_CHYRON/MP_M_KING_AXIS_3,MP_CHYRON/MP_M_KING_AXIS_4,0
mp_m_floatbay,LUA_MENU/MAPNAME_FLOAT_BAY,LUA_MENU/MAPNAME_FLOAT_BAY,,0.42,205,542,0,0.016,0.009,RUSF,SAS,SAS,SABF,FIVE,SIX,FREE,,,,,image_mp_map_templogo,,0,LUA_MENU/MAPNAME_FLOAT_BAY,,DXR_ON,,1,0,400,1500,0,,0.08,-0.11,1,1,1,1,1,12000,2000,4000,15000,2000,,,,,,,,,,0
mp_m_lounge,LUA_MENU/MAPNAME_M_LOUNGE,LUA_MENU/MAPNAME_M_LOUNGE,,0.42,205,542,0,0.016,0.009,RUSF,SAS,SAS,SABF,FIVE,SIX,FREE,,,,,image_mp_map_templogo,,0,LUA_MENU/MAPNAME_M_LOUNGE,,DXR_ON,,0,0,400,1500,0,,0.08,-0.11,1,1,1,1,1,12000,2000,4000,15000,2000,,,,,,,,,,0
mp_m_mercado,LUA_MENU/MAPNAME_M_MERCADO,LUA_MENU/MAPNAME_M_MERCADO,,0.42,205,542,0,0.016,0.009,RUSF,SAS,SAS,SABF,FIVE,SIX,FREE,,,,,loading_mp_mercado_bg_preview,loading_mp_mercado_bg,0,LUA_MENU/MAPNAME_M_MERCADO,,DXR_ON,,0,0,400,1500,0,,0.08,-0.11,1,1,1,1,1,12000,2000,4000,15000,2000,,MP_CHYRON/MP_M_MERCADO_ALLIES_1,MP_CHYRON/MP_M_MERCADO_ALLIES_2,MP_CHYRON/MP_M_MERCADO_ALLIES_3,MP_CHYRON/MP_M_MERCADO_ALLIES_4,MP_CHYRON/MP_M_MERCADO_AXIS_1,MP_CHYRON/MP_M_MERCADO_AXIS_2,MP_CHYRON/MP_M_MERCADO_AXIS_3,MP_CHYRON/MP_M_MERCADO_AXIS_4,0
mp_m_overunder,LUA_MENU/MAPNAME_M_OVERUNDER,LUA_MENU/MAPNAME_M_OVERUNDER,,0.37,205,542,0,0.002,0.002,RUSF,SAS,USMC,SABF,FIVE,RUSF,FREE,,compass_map_mp_m_overunder,,,image_mp_map_templogo,loading_mp_m_overunder_bg,0,LUA_MENU/MAPNAME_M_OVERUNDER,,DXR_ON,,1,26,500,3000,1,,0.07,-0.035,1,1,1,1,1,12000,2000,4000,15000,2000,,,,,,,,,,0
mp_m_penthouse,LUA_MENU/MAPNAME_M_PENTHOUSE,LUA_MENU/MAPNAME_M_PENTHOUSE,,0.42,205,542,0,0.016,0.009,RUSF,SAS,SAS,SABF,FIVE,SIX,FREE,,,,,loading_mp_m_pent_bg_preview,loading_mp_m_pent_bg,0,LUA_MENU/MAPNAME_M_PENTHOUSE,,DXR_ON,,0,0,400,1500,0,,0.08,-0.11,1,1,1,1,1,12000,2000,4000,15000,2000,,MP_CHYRON/MP_M_PENTHOUSE_ALLIES_1,MP_CHYRON/MP_M_PENTHOUSE_ALLIES_2,MP_CHYRON/MP_M_PENTHOUSE_ALLIES_3,MP_CHYRON/MP_M_PENTHOUSE_ALLIES_4,MP_CHYRON/MP_M_PENTHOUSE_AXIS_1,MP_CHYRON/MP_M_PENTHOUSE_AXIS_2,MP_CHYRON/MP_M_PENTHOUSE_AXIS_3,MP_CHYRON/MP_M_PENTHOUSE_AXIS_4,0
mp_m_pine,LUA_MENU/MAPNAME_M_PINE,LUA_MENU/MAPNAME_M_PINE,,0.33,190,542,0,0,0,RUSF,SAS,USMC,SABF,FIVE,SIX,FREE,,compass_map_mp_m_pine,,,image_mp_map_templogo,loading_mp_fort_bg,0,LUA_MENU/MAPNAME_M_PINE,,DXR_ON,,1,27,500,2500,1,,0.02,-0.015,1,1,1,1,1,12000,2000,4000,15000,2000,,,,,,,,,,0
mp_m_speed,LUA_MENU/MAPNAME_SPEED,LUA_MENU/MAPNAME_SPEED,,0.43,205,542,0,-0.009,0,RUSF,SAS,SAS,SABF,FIVE,SIX,FREE,,compass_map_mp_m_speed,,,image_mp_map_templogo,loading_mp_fort_bg,0,LUA_MENU/MAPNAME_SPEED,,DXR_ON,,1,28,550,3500,1,,0.05,-0.035,1,1,1,1,1,12000,2000,4000,15000,2000,,MP_CHYRON/MP_M_SPEED_ALLIES_1,MP_CHYRON/MP_M_SPEED_ALLIES_2,MP_CHYRON/MP_M_SPEED_ALLIES_3,MP_CHYRON/MP_M_SPEED_ALLIES_4,MP_CHYRON/MP_M_SPEED_AXIS_1,MP_CHYRON/MP_M_SPEED_AXIS_2,MP_CHYRON/MP_M_SPEED_AXIS_3,MP_CHYRON/MP_M_SPEED_AXIS_4,0
mp_m_speedball,LUA_MENU/MAPNAME_M_SPEEDBALL,LUA_MENU/MAPNAME_M_SPEEDBALL,,0.37,205,542,0,-0.009,-0.028,SABF,SAS,SAS,RUSF,FIVE,SIX,FREE,,compass_map_mp_m_speedball,,,image_mp_map_templogo,loading_mp_fort_bg,0,LUA_MENU/MAPNAME_M_SPEEDBALL,,DXR_ON,,1,29,400,3000,1,,0.09,-0.055,1,1,1,1,1,12000,2000,4000,15000,2000,,,,,,,,,,0
mp_m_stack,LUA_MENU/MAPNAME_M_STACK,LUA_MENU/MAPNAME_M_STACK,,0.37,205,542,0,0,0,SABF,SAS,SAS,RUSF,FIVE,SIX,FREE,,compass_map_mp_m_stack,,,image_mp_map_templogo,loading_mp_fort_bg,0,LUA_MENU/MAPNAME_M_STACK,,DXR_ON,,1,30,500,3500,1,,0.07,-0.03,1,1,1,1,1,12000,2000,4000,15000,2000,,,,,,,,,,0
mp_m_studio,LUA_MENU/MAPNAME_M_STUDIO,LUA_MENU/MAPNAME_M_STUDIO,,0.42,205,542,0,0.016,0.009,RUSF,SAS,SAS,SABF,FIVE,SIX,FREE,,,,,image_mp_map_templogo,,0,LUA_MENU/MAPNAME_M_STUDIO,,DXR_ON,,1,0,400,1500,0,,0.08,-0.11,1,1,1,1,1,12000,2000,4000,15000,2000,,,,,,,,,,0
mp_m_subway,LUA_MENU/MAPNAME_M_SUBWAY,LUA_MENU/MAPNAME_M_SUBWAY,,0.42,205,542,0,0.016,0.009,RUSF,SAS,SAS,SABF,FIVE,SIX,FREE,,,,,image_mp_map_templogo,,0,LUA_MENU/MAPNAME_M_SUBWAY,,DXR_ON,,1,0,400,1500,0,,0.08,-0.11,1,1,1,1,1,12000,2000,4000,15000,2000,,,,,,,,,,0
mp_m_tokyo,LUA_MENU/MAPNAME_M_TOKYO,LUA_MENU/MAPNAME_M_TOKYO,,0.42,205,542,0,0.016,0.009,RUSF,SAS,SAS,SABF,FIVE,SIX,FREE,,,,,image_mp_map_templogo,,0,LUA_MENU/MAPNAME_M_TOKYO,,DXR_ON,,1,0,400,1500,0,,0.08,-0.11,1,1,1,1,1,12000,2000,4000,15000,2000,,,,,,,,,,0
mp_m_theater,LUA_MENU/MAPNAME_M_THEATER,LUA_MENU/MAPNAME_M_THEATER,,0.42,205,542,0,0.016,0.009,RUSF,SAS,SAS,SABF,FIVE,SIX,FREE,,,,,image_mp_map_templogo,,0,LUA_MENU/MAPNAME_M_THEATER,,DXR_ON,,1,0,400,1500,0,,0.08,-0.11,1,1,1,1,1,12000,2000,4000,15000,2000,,,,,,,,,,0
mp_m_tower2,LUA_MENU/MAPNAME_M_TOWER2,LUA_MENU/MAPNAME_M_TOWER2,,0.42,205,542,0,0.016,0.009,RUSF,SAS,SAS,SABF,FIVE,SIX,FREE,,,,,image_mp_map_templogo,,0,LUA_MENU/MAPNAME_M_TOWER2,,DXR_ON,,1,0,400,1500,0,,0.08,-0.11,1,1,1,1,1,12000,2000,4000,15000,2000,,,,,,,,,,0
mp_m_deck,LUA_MENU/MAPNAME_M_DECK,LUA_MENU/MAPNAME_M_DECK,,0.42,205,542,0,0.016,0.009,RUSF,SAS,SAS,SABF,FIVE,SIX,FREE,,,,,image_mp_map_templogo,,0,LUA_MENU/MAPNAME_M_DECK,,DXR_ON,,1,0,400,1500,0,,0.08,-0.11,1,1,1,1,1,12000,2000,4000,15000,2000,,,,,,,,,,0
mp_m_skerries,LUA_MENU/MAPNAME_M_SKERRIES,LUA_MENU/MAPNAME_M_SKERRIES,,0.42,205,542,0,0.016,0.009,RUSF,SAS,SAS,SABF,FIVE,SIX,FREE,,,,,image_mp_map_templogo,,0,LUA_MENU/MAPNAME_M_SKERRIES,,DXR_ON,,0,0,400,1500,0,,0.08,-0.11,1,1,1,1,1,12000,2000,4000,15000,2000,,,,,,,,,,0
cp_br_syrk,,,,,,,,,,,,,,,,,1,,10000,25000,image_mp_map_templogo,,0,,,DXR_OFF,,1,0,,,1,,,,1,1,1,1,1,12000,2000,4000,15000,2000,,,,,,,,,,0
mp_don3,LUA_MENU/MAPNAME_DONETSK,LUA_MENU/MAPNAME_DONETSK,,,,,,,,RUSF,SAS,RUSF,SAS,RUSF,SAS,FREE,1,,15000,25000,image_mp_map_templogo,loading_mp_donetsk_bg,0,LUA_MENU/MAPNAME_DONETSK,,DXR_OFF,,1,0,,,1,,,,1,1,1,1,1,12000,2000,4000,15000,2000,,,,,,,,,,0
mp_don3_mobile,LUA_MENU/MAPNAME_DONETSK,LUA_MENU/MAPNAME_DONETSK,,,,,,,,RUSF,SAS,RUSF,SAS,RUSF,SAS,FREE,1,,15000,25000,image_mp_map_templogo,loading_mp_donetsk_bg_mgl,0,LUA_MENU_MOBILE/UNNAMED_MAP,,DXR_OFF,,1,0,,,1,,,,1,1,1,1,1,12000,2000,4000,15000,2000,,,,,,,,,,0
mp_saba,LUA_MENU/MAPNAME_SABA,LUA_MENU/MAPNAME_SABA,,,,,,,,RUSF,SAS,RUSF,SAS,RUSF,SAS,FREE,1,,15000,25000,loading_mp_saba_bg_preview,loading_mp_saba_bg,0,LUA_MENU/MAPNAME_SABA,,DXR_OFF,,1,0,,,1,,,,1,1,1,1,1,12000,2000,4000,15000,2000,,MP_CHYRON/MP_SABA_ALLIES_1,MP_CHYRON/MP_SABA_ALLIES_2,MP_CHYRON/MP_SABA_ALLIES_3,MP_CHYRON/MP_SABA_ALLIES_4,MP_CHYRON/MP_SABA_AXIS_1,MP_CHYRON/MP_SABA_AXIS_2,MP_CHYRON/MP_SABA_AXIS_3,MP_CHYRON/MP_SABA_AXIS_4,0
mp_saba2,LUA_MENU/MAPNAME_SABA,LUA_MENU/MAPNAME_SABA,,,,,,,,RUSF,SAS,RUSF,SAS,RUSF,SAS,FREE,1,,15000,25000,loading_mp_saba_bg_preview,loading_mp_saba_bg,0,LUA_MENU/MAPNAME_SABA,,DXR_OFF,,1,0,,,1,,,,1,1,1,1,1,12000,2000,4000,15000,2000,,MP_CHYRON/MP_SABA_ALLIES_1,MP_CHYRON/MP_SABA_ALLIES_2,MP_CHYRON/MP_SABA_ALLIES_3,MP_CHYRON/MP_SABA_ALLIES_4,MP_CHYRON/MP_SABA_AXIS_1,MP_CHYRON/MP_SABA_AXIS_2,MP_CHYRON/MP_SABA_AXIS_3,MP_CHYRON/MP_SABA_AXIS_4,0
mp_saba2_resurgence_fort,LUA_MENU/MAPNAME_SABA,LUA_MENU/MAPNAME_SABA,,,,,,,,RUSF,SAS,RUSF,SAS,RUSF,SAS,FREE,1,,15000,25000,loading_mp_saba2_bg_preview,loading_mp_saba2_bg,0,LUA_MENU/MAPNAME_SABA,,DXR_OFF,,1,0,,,1,,,,1,1,1,1,1,12000,2000,4000,15000,2000,,MP_CHYRON/MP_FORT_ALLIES_1,MP_CHYRON/MP_SABA_ALLIES_2,MP_CHYRON/MP_SABA_ALLIES_3,MP_CHYRON/MP_SABA_ALLIES_4,MP_CHYRON/MP_FORT_AXIS_1,MP_CHYRON/MP_SABA_AXIS_2,MP_CHYRON/MP_SABA_AXIS_3,MP_CHYRON/MP_SABA_AXIS_4,0
mp_saba2_proto_s5,LUA_MENU/MAPNAME_SABA2_PROTO_S5,LUA_MENU/MAPNAME_SABA2_PROTO_S5,,,,,,,,RUSF,SAS,RUSF,SAS,RUSF,SAS,FREE,1,,15000,25000,loading_mp_saba_bg_preview,loading_mp_saba_bg,0,LUA_MENU/MAPNAME_SABA2_PROTO_S5,,DXR_OFF,,1,0,,,1,,,,1,1,1,1,1,12000,2000,4000,15000,2000,,MP_CHYRON/MP_SABA_ALLIES_1,MP_CHYRON/MP_SABA_ALLIES_2,MP_CHYRON/MP_SABA_ALLIES_3,MP_CHYRON/MP_SABA_ALLIES_4,MP_CHYRON/MP_SABA_AXIS_1,MP_CHYRON/MP_SABA_AXIS_2,MP_CHYRON/MP_SABA_AXIS_3,MP_CHYRON/MP_SABA_AXIS_4,0
mp_saba2_proto_s4,LUA_MENU/MAPNAME_SABA2_PROTO_S4,LUA_MENU/MAPNAME_SABA2_PROTO_S4,,,,,,,,RUSF,SAS,RUSF,SAS,RUSF,SAS,FREE,1,,15000,25000,loading_mp_saba_bg_preview,loading_mp_saba_bg,0,LUA_MENU/MAPNAME_SABA2_PROTO_S4,,DXR_OFF,,1,0,,,1,,,,1,1,1,1,1,12000,2000,4000,15000,2000,,MP_CHYRON/MP_SABA_ALLIES_1,MP_CHYRON/MP_SABA_ALLIES_2,MP_CHYRON/MP_SABA_ALLIES_3,MP_CHYRON/MP_SABA_ALLIES_4,MP_CHYRON/MP_SABA_AXIS_1,MP_CHYRON/MP_SABA_AXIS_2,MP_CHYRON/MP_SABA_AXIS_3,MP_CHYRON/MP_SABA_AXIS_4,0
mp_saba_pm,LUA_MENU/MAPNAME_SABA_PM,LUA_MENU/MAPNAME_SABA_PM,,,,,,,,RUSF,SAS,RUSF,SAS,RUSF,SAS,FREE,1,,15000,25000,loading_mp_saba_bg_preview,loading_mp_saba_bg,0,LUA_MENU/MAPNAME_SABA_PM,,DXR_OFF,,1,0,,,1,,,,1,1,1,1,1,12000,2000,4000,15000,2000,,MP_CHYRON/MP_SABA_ALLIES_1,MP_CHYRON/MP_SABA_ALLIES_2,MP_CHYRON/MP_SABA_ALLIES_3,MP_CHYRON/MP_SABA_ALLIES_4,MP_CHYRON/MP_SABA_AXIS_1,MP_CHYRON/MP_SABA_AXIS_2,MP_CHYRON/MP_SABA_AXIS_3,MP_CHYRON/MP_SABA_AXIS_4,0
mp_br_mechanics,,,,,,,,,,RUSF,SAS,RUSF,SAS,RUSF,SAS,FREE,1,,15000,25000,image_mp_map_templogo,loading_mp_saba_bg,0,,,DXR_OFF,,1,0,,,1,,,,1,1,1,1,1,12000,2000,4000,15000,2000,,,,,,,,,,0
mp_t_clr_medium,MP_MAPS/T_CLR_MEDIUM,MP_MAPS/T_CLR_MEDIUM,,,,,,,,,,,,,,,,,,,image_mp_map_templogo,loading_mp_t_clr_med_bg,,MP_MAPS/T_CLR_MEDIUM,,DXR_ON,,1,0,,,1,,,,1,1,1,1,1,12000,2000,4000,15000,2000,,,,,,,,,,0
mp_t_clr_small,MP_MAPS/T_CLR_SMALL,MP_MAPS/T_CLR_SMALL,,,,,,,,,,,,,,,,,,,image_mp_map_templogo,,,MP_MAPS/T_CLR_SMALL,,DXR_ON,,1,0,,,1,,,,1,1,1,1,1,12000,2000,4000,15000,2000,,,,,,,,,,0
mp_t_dst_runner,MP_MAPS/T_DST_RUNNER,MP_MAPS/T_DST_RUNNER,,,,,,,,,,,,,,,,,,,image_mp_map_templogo,,,MP_MAPS/T_DST_RUNNER,,DXR_ON,,1,0,,,1,,,,1,1,1,1,1,12000,2000,4000,15000,2000,,,,,,,,,,0
mp_t_gun_course,LUA_MENU/MAPNAME_T_GUN_COURSE,LUA_MENU/MAPNAME_T_GUN_COURSE,,,,,,,,,,,,,,,,,,,image_mp_map_templogo,loading_mp_t_gun_course_bg,,LUA_MENU/MAPNAME_T_GUN_COURSE,,DXR_ON,,1,0,,,1,,,,1,1,1,1,1,12000,2000,4000,15000,2000,,,,,,,,,,0
mp_t_sn_reflex,LUA_MENU/MAPNAME_T_SN_REFLEX,LUA_MENU/MAPNAME_T_SN_REFLEX,,,,,,,,,,,,,,,,,,,image_mp_map_templogo,loading_mp_t_sn_reflex_bg,,LUA_MENU/MAPNAME_T_SN_REFLEX,,DXR_ON,,1,0,,,1,,,,1,1,1,1,1,12000,2000,4000,15000,2000,,,,,,,,,,0
mp_t_sn_speed,MP_MAPS/T_SN_SPEED,MP_MAPS/T_SN_SPEED,,,,,,,,,,,,,,,,,,,image_mp_map_templogo,,,MP_MAPS/T_SN_SPEED,,DXR_ON,,1,0,,,1,,,,1,1,1,1,1,12000,2000,4000,15000,2000,,,,,,,,,,0
mp_caves_gw,LUA_MENU/MAPNAME_CAVES_GW,LUA_MENU/MAPNAME_CAVES_GW,,,,,,,,ICORPS,SAS,SAS,SABF,FIVE,RUSF,FREE,1,,3000,5000,loading_mp_caves_gw_bg_preview,loading_mp_caves_gw_bg,0,LUA_MENU/MAPNAME_CAVES_GW,25000,DXR_OFF,,1,0,,,1,,,,1.5,1.5,1.5,1.5,1.5,12000,2000,4000,15000,2000,,MP_CHYRON/MP_CAVES_GW_ALLIES_1,MP_CHYRON/MP_CAVES_GW_ALLIES_2,MP_CHYRON/MP_CAVES_GW_ALLIES_3,MP_CHYRON/MP_CAVES_GW_ALLIES_4,MP_CHYRON/MP_CAVES_GW_AXIS_1,MP_CHYRON/MP_CAVES_GW_AXIS_2,MP_CHYRON/MP_CAVES_GW_AXIS_3,MP_CHYRON/MP_CAVES_GW_AXIS_4,0
mp_dogtown_gw,LUA_MENU/MAPNAME_DOGTOWN_GW,LUA_MENU/MAPNAME_DOGTOWN_GW,,,,,,,,ICORPS,SAS,SAS,SABF,FIVE,RUSF,FREE,1,,3000,5000,image_mp_map_templogo,,0,LUA_MENU/MAPNAME_DOGTOWN,25000,DXR_OFF,,1,0,,,1,,,,1.5,1.5,1.5,1.5,1.5,12000,2000,4000,15000,2000,,MP_CHYRON/MP_DOGTOWN_GW_ALLIES_1,MP_CHYRON/MP_DOGTOWN_GW_ALLIES_2,MP_CHYRON/MP_DOGTOWN_GW_ALLIES_3,MP_CHYRON/MP_DOGTOWN_GW_ALLIES_4,MP_CHYRON/MP_DOGTOWN_GW_AXIS_1,MP_CHYRON/MP_DOGTOWN_GW_AXIS_2,MP_CHYRON/MP_DOGTOWN_GW_AXIS_3,MP_CHYRON/MP_DOGTOWN_GW_AXIS_4,0
mp_downtown_gw,LUA_MENU/MAPNAME_DWNTWN_DNTSK,LUA_MENU/MAPNAME_DWNTWN_DNTSK,,,,,,,,SABF,SAS,FIVE,RUSF,USMC,SIX,FREE,1,,3000,5000,image_mp_map_templogo,loading_mp_dwntwn_dntsk_bg,1,LUA_MENU/MAPNAME_DWNTWN_DNTSK,25000,DXR_OFF,,1,0,,,1,,,,1.5,1.5,1.5,1.5,1.5,12000,2000,4000,15000,2000,,MP_CHYRON/MP_DOWNTOWN_GW_ALLIES_1,MP_CHYRON/MP_DOWNTOWN_GW_ALLIES_2,MP_CHYRON/MP_DOWNTOWN_GW_ALLIES_3,MP_CHYRON/MP_DOWNTOWN_GW_ALLIES_4,MP_CHYRON/MP_DOWNTOWN_GW_AXIS_1,MP_CHYRON/MP_DOWNTOWN_GW_AXIS_2,MP_CHYRON/MP_DOWNTOWN_GW_AXIS_3,MP_CHYRON/MP_DOWNTOWN_GW_AXIS_4,0
mp_exhume_gw,LUA_MENU/MAPNAME_EXHUME,LUA_MENU/MAPNAME_EXHUME,,,,,,,,ICORPS,SAS,SAS,SABF,FIVE,RUSF,FREE,1,,3000,5000,image_mp_map_templogo,,0,LUA_MENU/MAPNAME_EXHUME,25000,DXR_OFF,,1,0,,,1,,,,1.5,1.5,1.5,1.5,1.5,12000,2000,4000,15000,2000,,,,,,,,,,0
mp_fishtown_6v6,LUA_MENU/MAPNAME_FISHTOWN,LUA_MENU/MAPNAME_FISHTOWN,,0.45,205,542,0,0,0.004,ICORPS,USMC,SAS,ZVIR,ICORPS,GRP9,FREE,,,,,image_mp_map_templogo,,0,LUA_MENU/MAPNAME_FISHTOWN,,DXR_ON,,1,0,500,2500,1,,0.18,-0.02,1,1,1,1,1,12000,2000,4000,15000,2000,,MP_CHYRON/MP_FISHTOWN_ALLIES_1,MP_CHYRON/MP_FISHTOWN_ALLIES_2,MP_CHYRON/MP_FISHTOWN_ALLIES_3,MP_CHYRON/MP_FISHTOWN_ALLIES_4,MP_CHYRON/MP_FISHTOWN_AXIS_1,MP_CHYRON/MP_FISHTOWN_AXIS_2,MP_CHYRON/MP_FISHTOWN_AXIS_3,MP_CHYRON/MP_FISHTOWN_AXIS_4,0
mp_fishtown_gw,LUA_MENU/MAPNAME_FISHTOWN,LUA_MENU/MAPNAME_FISHTOWN,,0.45,205,542,0,0,0.004,ICORPS,USMC,SAS,ZVIR,ICORPS,GRP9,FREE,1,,3000,5000,loading_mp_fishtown_gw_bg_preview,loading_mp_fishtown_gw_bg,0,LUA_MENU/MAPNAME_FISHTOWN,25000,DXR_OFF,,1,0,,,1,,,,1.5,1.5,1.5,1.5,1.5,12000,2000,4000,15000,2000,,MP_CHYRON/MP_FISHTOWN_ALLIES_1,MP_CHYRON/MP_FISHTOWN_ALLIES_2,MP_CHYRON/MP_FISHTOWN_ALLIES_3,MP_CHYRON/MP_FISHTOWN_ALLIES_4,MP_CHYRON/MP_FISHTOWN_AXIS_1,MP_CHYRON/MP_FISHTOWN_AXIS_2,MP_CHYRON/MP_FISHTOWN_AXIS_3,MP_CHYRON/MP_FISHTOWN_AXIS_4,0
mp_forsaken_gw,LUA_MENU/MAPNAME_FORSAKEN_GW,LUA_MENU/MAPNAME_FORSAKEN_GW,,,,,,,,ICORPS,SAS,SAS,SABF,FIVE,RUSF,FREE,1,,3000,5000,loading_mp_forsak_gw_bg_preview,loading_mp_forsake_gw_bg,0,LUA_MENU/MAPNAME_FORSAKEN,25000,DXR_OFF,,1,0,,,1,,,,1.5,1.5,1.5,1.5,1.5,12000,2000,4000,15000,2000,,MP_CHYRON/MP_FORSAKEN_GW_ALLIES_1,MP_CHYRON/MP_FORSAKEN_GW_ALLIES_2,MP_CHYRON/MP_FORSAKEN_GW_ALLIES_3,MP_CHYRON/MP_FORSAKEN_GW_ALLIES_4,MP_CHYRON/MP_FORSAKEN_GW_AXIS_1,MP_CHYRON/MP_FORSAKEN_GW_AXIS_2,MP_CHYRON/MP_FORSAKEN_GW_AXIS_3,MP_CHYRON/MP_FORSAKEN_GW_AXIS_4,0
mp_float_bay_gw,LUA_MENU/MAPNAME_FLOAT_BAY,LUA_MENU/MAPNAME_FLOAT_BAY,,,,,,,,ICORPS,SAS,SAS,SABF,FIVE,RUSF,FREE,1,,3000,5000,image_mp_map_templogo,,0,LUA_MENU/MAPNAME_FLOAT_BAY,25000,DXR_OFF,,1,0,,,1,,,,1.5,1.5,1.5,1.5,1.5,12000,2000,4000,15000,2000,,,,,,,,,,0
mp_fort_gw,LUA_MENU/MAPNAME_FORT,LUA_MENU/MAPNAME_FORT,,,,,,,,ICORPS,SAS,SAS,SABF,FIVE,RUSF,FREE,1,,3000,5000,image_mp_map_templogo,,0,LUA_MENU/MAPNAME_FORT,25000,DXR_OFF,,1,0,,,1,,,,1.5,1.5,1.5,1.5,1.5,12000,2000,4000,15000,2000,,,,,,,,,,0
mp_hydro_gw,LUA_MENU/MAPNAME_HYDRO,LUA_MENU/MAPNAME_HYDRO,,,,,,,,ICORPS,SAS,SAS,SABF,FIVE,RUSF,FREE,1,,3000,5000,loading_mp_hydro_gw_bg_preview,loading_mp_hydro_gw_bg,0,LUA_MENU/MAPNAME_HYDRO,25000,DXR_OFF,,1,0,,,1,,,,1.5,1.5,1.5,1.5,1.5,12000,2000,4000,15000,2000,,,,,,,,,,0
mp_lone_gw,LUA_MENU/MAPNAME_LONE_GW,LUA_MENU/MAPNAME_LONE_GW,,,,,,,,ICORPS,SAS,SAS,SABF,FIVE,RUSF,FREE,1,,3000,5000,loading_mp_lone_gw_bg_preview,loading_mp_lone_gw_bg,0,LUA_MENU/MAPNAME_LONE,25000,DXR_OFF,,1,0,,,1,,,,1.5,1.5,1.5,1.5,1.5,12000,2000,4000,15000,2000,,MP_CHYRON/MP_LONE_GW_ALLIES_1,MP_CHYRON/MP_LONE_GW_ALLIES_2,MP_CHYRON/MP_LONE_GW_ALLIES_3,MP_CHYRON/MP_LONE_GW_ALLIES_4,MP_CHYRON/MP_LONE_GW_AXIS_1,MP_CHYRON/MP_LONE_GW_AXIS_2,MP_CHYRON/MP_LONE_GW_AXIS_3,MP_CHYRON/MP_LONE_GW_AXIS_4,0
mp_observe_gw,LUA_MENU/MAPNAME_OBSERVE,LUA_MENU/MAPNAME_OBSERVE,,,,,,,,ICORPS,USMC,SAS,SABF,FIVE,RUSF,FREE,1,,3000,5000,loading_mp_observ_gw_bg_preview,loading_mp_observatory_gw_bg,0,LUA_MENU/MAPNAME_OBSERVE,25000,DXR_OFF,,1,0,,,1,,,,1.5,1.5,1.5,1.5,1.5,12000,2000,4000,15000,2000,,MP_CHYRON/MP_OBSERVATORY_GW_ALLIES_1,MP_CHYRON/MP_OBSERVATORY_GW_ALLIES_2,MP_CHYRON/MP_OBSERVATORY_GW_ALLIES_3,MP_CHYRON/MP_OBSERVATORY_GW_ALLIES_4,MP_CHYRON/MP_OBSERVATORY_GW_AXIS_1,MP_CHYRON/MP_OBSERVATORY_GW_AXIS_2,MP_CHYRON/MP_OBSERVATORY_GW_AXIS_3,MP_CHYRON/MP_OBSERVATORY_GW_AXIS_4,0
mp_oilfield_gw,LUA_MENU/MAPNAME_OILFIELD_GW,LUA_MENU/MAPNAME_OILFIELD_GW,,,,,,,,ICORPS,SAS,SAS,SABF,FIVE,RUSF,FREE,1,,3000,5000,loading_mp_oil_gw_bg_preview,loading_mp_oilfield_gw_bg,0,LUA_MENU/MAPNAME_OILFIELD_GW,25000,DXR_OFF,,1,0,,,1,,,,1.5,1.5,1.5,1.5,1.5,12000,2000,4000,15000,2000,,MP_CHYRON/MP_OILFIELD_GW_ALLIES_1,MP_CHYRON/MP_OILFIELD_GW_ALLIES_2,MP_CHYRON/MP_OILFIELD_GW_ALLIES_3,MP_CHYRON/MP_OILFIELD_GW_ALLIES_4,MP_CHYRON/MP_OILFIELD_GW_AXIS_1,MP_CHYRON/MP_OILFIELD_GW_AXIS_2,MP_CHYRON/MP_OILFIELD_GW_AXIS_3,MP_CHYRON/MP_OILFIELD_GW_AXIS_4,0
mp_oilfield_6v6,LUA_MENU/MAPNAME_OILFIELD,LUA_MENU/MAPNAME_OILFIELD,,0.45,205,542,0,0,0.004,RUSF,SAS,SAS,SABF,FIVE,SIX,FREE,,,,,loading_mp_oilfield_bg_preview,loading_mp_oilfield_bg,0,LUA_MENU/MAPNAME_OILFIELD,,DXR_ON,,0,0,700,3500,1,,0.06,-0.02,1,1,1,1,1,12000,2000,4000,15000,2000,,MP_CHYRON/MP_OILFIELD_ALLIES_1,MP_CHYRON/MP_OILFIELD_ALLIES_2,MP_CHYRON/MP_OILFIELD_ALLIES_3,MP_CHYRON/MP_OILFIELD_ALLIES_4,MP_CHYRON/MP_OILFIELD_AXIS_1,MP_CHYRON/MP_OILFIELD_AXIS_2,MP_CHYRON/MP_OILFIELD_AXIS_3,MP_CHYRON/MP_OILFIELD_AXIS_4,0
mp_pp_gw,LUA_MENU/MAPNAME_PP,LUA_MENU/MAPNAME_PP,,,,,,,,ICORPS,SAS,SAS,SABF,FIVE,RUSF,FREE,1,,3000,5000,image_mp_map_templogo,,0,LUA_MENU/MAPNAME_PP,25000,DXR_OFF,,1,0,,,1,,,,1.5,1.5,1.5,1.5,1.5,12000,2000,4000,15000,2000,,,,,,,,,,0
mp_prisonbreak,LUA_MENU/MAPNAME_PRISONBREAK,LUA_MENU/MAPNAME_PRISONBREAK,,,,,,,,ICORPS,SAS,SAS,SABF,FIVE,RUSF,FREE,1,,3000,5000,loading_mp_region_gw_bg_preview,loading_mp_regional_gw_bg,0,LUA_MENU/MAPNAME_PRISONBREAK,25000,DXR_OFF,,1,0,,,1,,,,1.5,1.5,1.5,1.5,1.5,12000,2000,4000,15000,2000,,,,,,,,,,0
mp_regional,LUA_MENU/MAPNAME_REGIONAL,LUA_MENU/MAPNAME_REGIONAL,,,,,,,,ICORPS,SAS,SAS,SABF,FIVE,RUSF,FREE,1,,3000,5000,loading_mp_region_gw_bg_preview,loading_mp_regional_gw_bg,0,LUA_MENU/MAPNAME_REGIONAL,25000,DXR_OFF,,1,0,,,1,,,,1.5,1.5,1.5,1.5,1.5,12000,2000,4000,15000,2000,,,,,,,,,,0
mp_regional_gw,LUA_MENU/MAPNAME_REGIONAL,LUA_MENU/MAPNAME_REGIONAL,,,,,,,,ICORPS,USMC,SAS,SABF,FIVE,RUSF,FREE,1,,3000,5000,loading_mp_region_gw_bg_preview,loading_mp_regional_gw_bg,0,LUA_MENU/MAPNAME_REGIONAL,25000,DXR_OFF,,1,0,,,1,,,,1.5,1.5,1.5,1.5,1.5,12000,2000,4000,15000,2000,,MP_CHYRON/MP_REGIONAL_ALLIES_1,MP_CHYRON/MP_REGIONAL_ALLIES_2,MP_CHYRON/MP_REGIONAL_ALLIES_3,MP_CHYRON/MP_REGIONAL_ALLIES_4,MP_CHYRON/MP_REGIONAL_AXIS_1,MP_CHYRON/MP_REGIONAL_AXIS_2,MP_CHYRON/MP_REGIONAL_AXIS_3,MP_CHYRON/MP_REGIONAL_AXIS_4,0
mp_sunken_gw,LUA_MENU/MAPNAME_SUNKEN,LUA_MENU/MAPNAME_SUNKEN,,,,,,,,ICORPS,SAS,SAS,SABF,FIVE,RUSF,FREE,1,,3000,5000,loading_mp_sunken_gw_bg_preview,loading_mp_sunken_gw_bg,0,LUA_MENU/MAPNAME_SUNKEN,25000,DXR_OFF,,1,0,,,1,,,,1.5,1.5,1.5,1.5,1.5,12000,2000,4000,15000,2000,,,,,,,,,,0
mp_wartorn,LUA_MENU/MAPNAME_WARTORN,LUA_MENU/MAPNAME_WARTORN,,0.45,205,542,0,0,0.004,RUSF,GRP9,SAS,ZVIR,ICORPS,GRP9,FREE,,,,,loading_mp_wartorn_bg_preview,loading_mp_wartorn_bg,0,LUA_MENU/MAPNAME_WARTORN,,DXR_OFF,,0,0,700,3500,1,,0.06,-0.02,1,1,1,1,1,12000,2000,4000,15000,2000,,MP_CHYRON/MP_WARTORN_ALLIES_1,MP_CHYRON/MP_WARTORN_ALLIES_2,MP_CHYRON/MP_WARTORN_ALLIES_3,MP_CHYRON/MP_WARTORN_ALLIES_4,MP_CHYRON/MP_WARTORN_AXIS_1,MP_CHYRON/MP_WARTORN_AXIS_2,MP_CHYRON/MP_WARTORN_AXIS_3,MP_CHYRON/MP_WARTORN_AXIS_4,0
mp_wartorn_gw,LUA_MENU/MAPNAME_WARTORN,LUA_MENU/MAPNAME_WARTORN,,0.45,205,542,0,0,0.004,RUSF,GRP9,SAS,ZVIR,ICORPS,GRP9,FREE,1,,3000,5000,loading_mp_wartorn_gw_bg_preview,loading_mp_wartorn_gw_bg,0,LUA_MENU/MAPNAME_WARTORN,25000,DXR_OFF,,1,0,,,1,,,,1.5,1.5,1.5,1.5,1.5,12000,2000,4000,15000,2000,,MP_CHYRON/MP_WARTORN_ALLIES_1,MP_CHYRON/MP_WARTORN_ALLIES_2,MP_CHYRON/MP_WARTORN_ALLIES_3,MP_CHYRON/MP_WARTORN_ALLIES_4,MP_CHYRON/MP_WARTORN_AXIS_1,MP_CHYRON/MP_WARTORN_AXIS_2,MP_CHYRON/MP_WARTORN_AXIS_3,MP_CHYRON/MP_WARTORN_AXIS_4,0
cp_smuggler,LUA_MENU_CP/MISSION_HVT_SMUGGLER,LUA_MENU_CP/MISSION_HVT_SMUGGLER,,,,,,,,,,,,,,,,,,,image_mp_map_templogo,loading_cp_smuggler_bg,,LUA_MENU_CP/MISSION_HVT_SMUGGLER,,DXR_OFF,icon_mode_cp_mission,1,0,,,1,,,,1,1,1,1,1,12000,2000,4000,15000,2000,,,,,,,,,,0
cp_dwn_twn_2,LUA_MENU_CP/MISSION_HVT_LAUNDERER,LUA_MENU_CP/MISSION_HVT_LAUNDERER,,,,,,,,,,,,,,,,,,,image_mp_map_templogo,loading_cp_dwn_twn_2_bg,,LUA_MENU_CP/MISSION_HVT_LAUNDERER,,DXR_OFF,icon_mode_cp_mission,1,0,,,1,,,,1,1,1,1,1,12000,2000,4000,15000,2000,,,,,,,,,,0
cp_arms_dealer,LUA_MENU_CP/MISSION_HVT_DEALER,LUA_MENU_CP/MISSION_HVT_DEALER,,,,,,,,,,,,,,,,,,,image_mp_map_templogo,loading_cp_arms_dealer_bg,,LUA_MENU_CP/MISSION_HVT_DEALER,,DXR_OFF,icon_mode_cp_mission,1,0,,,1,,,,1,1,1,1,1,12000,2000,4000,15000,2000,,,,,,,,,,0
cp_landlord,LUA_MENU_CP/MISSION_HVT_LANDLORD,LUA_MENU_CP/MISSION_HVT_LANDLORD,,,,,,,,,,,,,,,,,,,image_mp_map_templogo,loading_cp_landlord_bg,,LUA_MENU_CP/MISSION_HVT_LANDLORD,,DXR_OFF,icon_mode_cp_mission,1,0,,,1,,,,1,1,1,1,1,12000,2000,4000,15000,2000,,,,,,,,,,0
cp_piccadilly,LUA_MENU/MAPNAME_PICCADILLY,LUA_MENU/MAPNAME_PICCADILLY,,0.8,240,542,0,,,,,,,,,,,,,,image_mp_map_templogo,loading_mp_piccadilly_bg,,LUA_MENU/MAPNAME_PICCADILLY,,DXR_ON,icon_mode_cp_mission,1,0,,,1,,,,1,1,1,1,1,12000,2000,4000,15000,2000,,,,,,,,,,0
cp_sv_aniyah,LUA_MENU/MAPNAME_ANIYAH,LUA_MENU/MAPNAME_ANIYAH,,0.64,240,542,0,,,,,,,,,,,,,,image_mp_map_templogo,loading_mp_aniyah_bg,,LUA_MENU/MAPNAME_ANIYAH,,DXR_OFF,icon_mode_cp_mission,1,0,,,1,,,,1,1,1,1,1,12000,2000,4000,15000,2000,,,,,,,,,,0
cp_sv_raid,LUA_MENU/MAPNAME_RAID,LUA_MENU/MAPNAME_RAID,,0.64,240,542,0,,,,,,,,,,,,,,image_mp_map_templogo,loading_mp_raid_bg,,LUA_MENU/MAPNAME_RAID,,DXR_ON,icon_mode_cp_mission,1,0,,,1,,,,1,1,1,1,1,12000,2000,4000,15000,2000,,,,,,,,,,0
cp_sv_cave_pm,LUA_MENU/MAPNAME_CAVE,LUA_MENU/MAPNAME_CAVE,,0.64,240,542,0,,,,,,,,,,,,,,image_mp_map_templogo,loading_mp_cave_bg,,LUA_MENU/MAPNAME_CAVE,,DXR_ON,icon_mode_cp_mission,1,0,,,1,,,,1,1,1,1,1,12000,2000,4000,15000,2000,,,,,,,,,,0
cp_sv_backlot,LUA_MENU/MAPNAME_BACKLOT2,LUA_MENU/MAPNAME_BACKLOT2,,0.64,240,542,0,,,,,,,,,,,,,,image_mp_map_templogo,loading_mp_backlot2_bg,,LUA_MENU/MAPNAME_BACKLOT2,,DXR_ON,icon_mode_cp_mission,1,0,,,1,,,,1,1,1,1,1,12000,2000,4000,15000,2000,,,,,,,,,,0
cp_sv_village2,LUA_MENU/MAPNAME_VILLAGE2,LUA_MENU/MAPNAME_VILLAGE2,,0.64,240,542,0,,,,,,,,,,,,,,image_mp_map_templogo,loading_mp_village2_bg,,LUA_MENU/MAPNAME_VILLAGE2,,DXR_ON,icon_mode_cp_mission,1,0,,,1,,,,1,1,1,1,1,12000,2000,4000,15000,2000,,,,,,,,,,0
cp_sv_crash,LUA_MENU/MAPNAME_CRASH2,LUA_MENU/MAPNAME_CRASH2,,0.64,240,542,0,,,,,,,,,,,,,,image_mp_map_templogo,loading_mp_crash2_bg,,LUA_MENU/MAPNAME_CRASH2,,DXR_ON,icon_mode_cp_mission,1,0,,,1,,,,1,1,1,1,1,12000,2000,4000,15000,2000,,,,,,,,,,0
cp_sv_speed,LUA_MENU/MAPNAME_SPEED,LUA_MENU/MAPNAME_SPEED,,0.64,240,542,0,,,,,,,,,,,,,,image_mp_map_templogo,loading_mp_m_speed_bg,,LUA_MENU/MAPNAME_SPEED,,DXR_ON,icon_mode_cp_mission,1,0,,,1,,,,1,1,1,1,1,12000,2000,4000,15000,2000,,,,,,,,,,0
cp_sv_petrograd,LUA_MENU/MAPNAME_PETROGRAD,LUA_MENU/MAPNAME_PETROGRAD,,0.64,240,542,0,,,,,,,,,,,,,,image_mp_map_templogo,loading_mp_petrograd_bg,,LUA_MENU/MAPNAME_PETROGRAD,,DXR_ON,icon_mode_cp_mission,1,0,,,1,,,,1,1,1,1,1,12000,2000,4000,15000,2000,,,,,,,,,,0
cp_so_highway,LUA_MENU_CP/CP_SO_HIGHWAY,LUA_MENU_CP/CP_SO_HIGHWAY,,,D66CD67:F67,,,,,,,,,,,,,,,,image_mp_map_templogo,loading_cp_so_highway_bg,,LUA_MENU_CP/CP_SO_HIGHWAY,,DXR_ON,icon_mode_cp_mission,1,0,,,1,,,,1,1,1,1,1,12000,2000,4000,15000,2000,,,,,,,,,,0
cp_so_embassy,LUA_MENU_CP/CP_SO_EMBASSY,LUA_MENU_CP/CP_SO_EMBASSY,,,,,,,,,,,,,,,,,,,image_mp_map_templogo,loading_cp_so_embassy_bg,,LUA_MENU_CP/CP_SO_EMBASSY,,DXR_ON,icon_mode_cp_mission,1,0,,,1,,,,1,1,1,1,1,12000,2000,4000,15000,2000,,,,,,,,,,0
cp_so_aniyah,LUA_MENU_CP/CP_SO_ANIYAH,LUA_MENU_CP/CP_SO_ANIYAH,,,,,,,,,,,,,,,,,,,image_mp_map_templogo,loading_mp_aniyah_bg,,LUA_MENU_CP/CP_SO_ANIYAH,,DXR_OFF,icon_mode_cp_mission,1,0,,,1,,,,1,1,1,1,1,12000,2000,4000,15000,2000,,,,,,,,,,0
cp_so_estate,LUA_MENU_CP/CP_SO_ESTATE,LUA_MENU_CP/CP_SO_ESTATE,,,,,,,,,,,,,,,,,,,image_mp_map_templogo,loading_cp_so_estate_bg,,LUA_MENU_CP/CP_SO_ESTATE,,DXR_ON,icon_mode_cp_mission,1,0,,,1,,,,1,1,1,1,1,12000,2000,4000,15000,2000,,,,,,,,,,0
cp_so_finale,LUA_MENU_CP/CP_SO_FINALE,LUA_MENU_CP/CP_SO_FINALE,,,,,,,,,,,,,,,,,,,image_mp_map_templogo,loading_cp_so_finale_bg,,LUA_MENU_CP/CP_SO_FINALE,,DXR_ON,icon_mode_cp_mission,1,0,,,1,,,,1,1,1,1,1,12000,2000,4000,15000,2000,,,,,,,,,,0
cp_so_safehouse,LUA_MENU_CP/CP_SO_SAFEHOUSE,LUA_MENU_CP/CP_SO_SAFEHOUSE,,,,,,,,,,,,,,,,,,,image_mp_map_templogo,loading_cp_so_safehouse_bg,,LUA_MENU_CP/CP_SO_SAFEHOUSE,,DXR_ON,icon_mode_cp_mission,1,0,,,1,,,,1,1,1,1,1,12000,2000,4000,15000,2000,,,,,,,,,,0
cp_landlord_2,LUA_MENU_CP/MISSION_HVT_LANDLORD_2,LUA_MENU_CP/MISSION_HVT_LANDLORD_2,,,,,,,,,,,,,,,,,,,image_mp_map_templogo,loading_cp_landlord_bg,,LUA_MENU_CP/MISSION_HVT_LANDLORD_2,,DXR_OFF,icon_mode_cp_mission,1,0,,,1,,,,1,1,1,1,1,12000,2000,4000,15000,2000,,,,,,,,,,0
cp_armsdealer_2,LUA_MENU_CP/MISSION_HVT_DEALER_2,LUA_MENU_CP/MISSION_HVT_DEALER_2,,,,,,,,,,,,,,,,,,,image_mp_map_templogo,loading_cp_arms_dealer_bg,,LUA_MENU_CP/MISSION_HVT_DEALER_2,,DXR_OFF,icon_mode_cp_mission,1,0,,,1,,,,1,1,1,1,1,12000,2000,4000,15000,2000,,,,,,,,,,0
cp_smuggler_2,LUA_MENU_CP/MISSION_HVT_SMUGGLER_2,LUA_MENU_CP/MISSION_HVT_SMUGGLER_2,,,,,,,,,,,,,,,,,,,image_mp_map_templogo,loading_cp_smuggler_bg,,LUA_MENU_CP/MISSION_HVT_SMUGGLER_2,,DXR_OFF,icon_mode_cp_mission,1,0,,,1,,,,1,1,1,1,1,12000,2000,4000,15000,2000,,,,,,,,,,0
hvt_launderer_2,LUA_MENU_CP/MISSION_HVT_LAUNDERER_2,LUA_MENU_CP/MISSION_HVT_LAUNDERER_2,,,,,,,,,,,,,,,,,,,image_mp_map_templogo,loading_cp_dwn_twn_2_bg,,LUA_MENU_CP/MISSION_HVT_LAUNDERER_2,,DXR_OFF,icon_mode_cp_mission,1,0,,,1,hvt_launderer_2,,,1,1,1,1,1,12000,2000,4000,15000,2000,,,,,,,,,,0
mp_t_reflex,LUA_MENU/MAPNAME_T_REFLEX,LUA_MENU/MAPNAME_T_REFLEX,,,,,,,,,,,,,,,,,,,image_mp_map_templogo,loading_mp_t_reflex_bg,,LUA_MENU/MAPNAME_T_REFLEX,,DXR_ON,,1,0,,,1,,,,1,1,1,1,1,12000,2000,4000,15000,2000,,,,,,,,,,0
mp_br_tut,LUA_MENU/MAPNAME_BR_TUT,LUA_MENU/MAPNAME_BR_TUT,,0.1,200,500,,,,,,,,,,,1,,500,1000,image_mp_map_templogo,loading_mp_br_tut_bg,,LUA_MENU/MAPNAME_BR_TUT,2000,DXR_ON,,1,,,,,,,,1,1,1,1,1,12000,2000,4000,15000,2000,,,,,,,,,,0
mp_bm_tut,LUA_MENU/MAPNAME_BR_TUT,LUA_MENU/MAPNAME_BR_TUT,,0.1,200,500,,,,,,,,,,,1,,500,1000,image_mp_map_templogo,loading_mp_br_tut_bg,,LUA_MENU/MAPNAME_BR_TUT,2000,DXR_ON,,1,,,,,,,,1,1,1,1,1,12000,2000,4000,15000,2000,,,,,,,,,,0
cp_dntsk_raid,LUA_MENU_CP/MISSION_RAID_PART_1,LUA_MENU_CP/MISSION_RAID_PART_1,,,,,,,,,,,,,,,,,,,image_mp_map_templogo,loading_cp_landlord_bg,,LUA_MENU_CP/MISSION_RAID_PART_1,,DXR_OFF,icon_mode_cp_raid,1,0,,,1,,,,1,1,1,1,1,12000,2000,4000,15000,2000,,,,,,,,,,0
cp_raid_complex,LUA_MENU_CP/MISSION_RAID_PART_2,LUA_MENU_CP/MISSION_RAID_PART_2,,,,,,,,,,,,,,,,,,,image_mp_map_templogo,loading_cp_landlord_bg,,LUA_MENU_CP/MISSION_RAID_PART_2,,DXR_OFF,icon_mode_cp_raid,1,0,,,1,,,,1,1,1,1,1,12000,2000,4000,15000,2000,,,,,,,,,,0
cp_donetsk,LUA_MENU_CP/BIG_MAP_NAME,LUA_MENU_CP/BIG_MAP_NAME,,,,,,,,,,,,,,,,,,,image_mp_map_templogo,loading_cp_landlord_bg,,LUA_MENU_CP/BIG_MAP_NAME,,DXR_OFF,icon_mode_cp_mission,1,0,,,1,,,,1,1,1,1,1,12000,2000,4000,15000,2000,,,,,,,,,,0
cp_sv_bigstore,LUA_MENU/MAPNAME_EMPORIUM,LUA_MENU/MAPNAME_EMPORIUM,,0.64,240,542,0,,,,,,,,,,,,,,image_mp_map_templogo,loading_mp_emporium_bg,,LUA_MENU/MAPNAME_EMPORIUM,,DXR_ON,icon_mode_cp_mission,1,0,,,1,,,,1,1,1,1,1,12000,2000,4000,15000,2000,,,,,,,,,,0
cp_sv_vacant,LUA_MENU/MAPNAME_VACANT,LUA_MENU/MAPNAME_VACANT,,0.64,240,542,0,,,,,,,,,,,,,,image_mp_map_templogo,loading_mp_vacant_bg,,LUA_MENU/MAPNAME_VACANT,,DXR_ON,icon_mode_cp_mission,1,0,,,1,,,,1,1,1,1,1,12000,2000,4000,15000,2000,,,,,,,,,,0
mp_kstenod,LUA_MENU/MAPNAME_KSTENOD,LUA_MENU/MAPNAME_KSTENOD,,,,,,,,RUSF,SAS,RUSF,SAS,RUSF,SAS,FREE,1,,15000,25000,image_mp_map_templogo,loading_mp_donetsk_bg,0,LUA_MENU/MAPNAME_KSTENOD,,DXR_OFF,,1,0,,,1,,,,1,1,1,1,1,12000,2000,4000,15000,2000,,,,,,,,,,0
cp_raid_proto,LUA_MENU_CP/INCURSION_RAID,LUA_MENU_CP/INCURSION_RAID,,,,,,,,,,,,,,,,,,,image_mp_map_templogo,loading_cp_landlord_bg,,LUA_MENU_CP/INCURSION_RAID,,DXR_ON,icon_mode_cp_raid,1,0,,,1,,,,1,1,1,1,1,12000,2000,4000,15000,2000,,,,,,,,,,0
cp_port02,LUA_MENU_CP/INCURSION_PORT,LUA_MENU_CP/INCURSION_PORT,,,,,,,,,,,,,,,1,,6000,12000,image_mp_map_templogo,loading_cp_landlord_bg,,LUA_MENU_CP/INCURSION_PORT,,DXR_ON,icon_mode_cp_mission,1,0,,,1,,,,1,1,1,1,1,12000,2000,4000,15000,2000,,,,,,,,,,0
cp_mission_bads,LUA_MENU_CP/MISSION_BADS,LUA_MENU_CP/MISSION_BADS,,,,,,,,,,,,,,,,,,,image_mp_map_templogo,loading_cp_landlord_bg,,LUA_MENU_CP/MISSION_BADS,,DXR_ON,icon_mode_cp_mission,1,0,,,1,,,,1,1,1,1,1,12000,2000,4000,15000,2000,,,,,,,,,,0
cp_mission_nuke,LUA_MENU_CP/MISSION_NUKE,LUA_MENU_CP/MISSION_NUKE,,,,,,,,,,,,,,,,,,,image_mp_map_templogo,loading_cp_landlord_bg,,LUA_MENU_CP/MISSION_NUKE,,DXR_ON,icon_mode_cp_mission,1,0,,,1,,,,1,1,1,1,1,12000,2000,4000,15000,2000,,,,,,,,,,0
cp_mission_esc,PLAYLIST/CP_MS_DENIED_AREA,PLAYLIST/CP_MS_DENIED_AREA,,,,,,,,,,,,,,,,,,,loading_cp_mission_esc_bg_preview,loading_cp_mission_esc_bg,,PLAYLIST/CP_MS_DENIED_AREA,,DXR_ON,icon_mode_cp_mission,1,0,,,1,,,,1,1,1,1,1,12000,2000,4000,15000,2000,,,,,,,,,,0
cp_ai_tests,LUA_MENU_CP/INCURSION_RAID,LUA_MENU_CP/INCURSION_RAID,,,,,,,,,,,,,,,,,,,image_mp_map_templogo,loading_cp_landlord_bg,,LUA_MENU_CP/INCURSION_RAID,,DXR_ON,icon_mode_cp_mission,1,0,,,1,,,,1,1,1,1,1,12000,2000,4000,15000,2000,,,,,,,,,,0
cp_quarry03,LUA_MENU_CP/QUARRY03,LUA_MENU_CP/QUARRY03,,,,,,,,,,,,,,,,,,,image_mp_map_templogo,loading_cp_landlord_bg,,LUA_MENU_CP/QUARRY03,,DXR_ON,icon_mode_cp_mission,1,0,,,1,,,,1,1,1,1,1,12000,2000,4000,15000,2000,,,,,,,,,,0
cp_mechanics,LUA_MENU_CP/INCURSION_RAID,LUA_MENU_CP/INCURSION_RAID,,,,,,,,,,,,,,,,,,,image_mp_map_templogo,loading_cp_landlord_bg,,LUA_MENU_CP/INCURSION_RAID,,DXR_ON,icon_mode_cp_mission,1,0,,,1,,,,1,1,1,1,1,12000,2000,4000,15000,2000,,,,,,,,,,0
cp_observatory,PLAYLIST/CP_MS_DEF_ZAYA,PLAYLIST/CP_MS_DEF_ZAYA,,,,,,,,,,,,,,,1,,6000,12000,loading_cp_observatory_bg_preview,loading_cp_observatory_bg,,PLAYLIST/CP_MS_DEF_ZAYA,,DXR_ON,icon_mode_cp_mission,1,0,,,1,,,,1,1,1,1,1,12000,2000,4000,15000,2000,,,,,,,,,,0
cp_hydro,PLAYLIST/CP_MS_LOW_PROFILE,PLAYLIST/CP_MS_LOW_PROFILE,,,,,,,,,,,,,,,,,,,loading_cp_hydro_bg_preview,loading_cp_hydro_bg,,PLAYLIST/CP_MS_LOW_PROFILE,,DXR_ON,icon_mode_cp_mission,1,0,,,1,,,,1,1,1,1,1,12000,2000,4000,15000,2000,,,,,,,,,,0
cp_raid1test,LUA_MENU_CP/RAID_BOSS_TEST,LUA_MENU_CP/RAID_BOSS_TEST,,,,,,,,,,,,,,,,,,,image_mp_map_templogo,loading_cp_landlord_bg,,LUA_MENU_CP/RAID_BOSS_TEST,,DXR_ON,icon_mode_cp_raid,1,0,,,1,,,,1,1,1,1,1,12000,2000,4000,15000,2000,,,,,,,,,,0
mp_hydro_bads,LUA_MENU/MAPNAME_HYDRO,LUA_MENU/MAPNAME_HYDRO,,,,,,,,SIX,SAS,SAS,SABF,FIVE,RUSF,FREE,1,,4000,6000,image_mp_map_templogo,loading_mp_hydro_gw_bg,0,LUA_MENU/MAPNAME_HYDRO,25000,DXR_OFF,,1,0,,,1,,,,1.5,1.5,1.5,1.5,1.5,12000,2000,4000,15000,2000,,,,,,,,,,0
cp_tf_test,LUA_MENU_CP/MISSION_WARTORN,LUA_MENU_CP/MISSION_WARTORN,,,,,,,,,,,,,,,,,,,image_mp_map_templogo,loading_cp_landlord_bg,,LUA_MENU_CP/MISSION_WARTORN,,DXR_ON,icon_mode_cp_mission,1,0,,,1,,,,1,1,1,1,1,12000,2000,4000,15000,2000,,,,,,,,,,0
cp_exhume,LUA_MENU_CP/EXHUME,LUA_MENU_CP/EXHUME,,,,,,,,,,,,,,,,,,,image_mp_map_templogo,loading_cp_landlord_bg,,LUA_MENU_CP/EXHUME,,DXR_ON,icon_mode_cp_mission,1,0,,,1,,,,1,1,1,1,1,12000,2000,4000,15000,2000,,,,,,,,,,0
cp_raid1_maze,LUA_MENU_CP/RAID_WATER_MAZE,LUA_MENU_CP/RAID_WATER_MAZE,,,,,,,,,,,,,,,,,,,image_mp_map_templogo,loading_cp_landlord_bg,,LUA_MENU_CP/RAID_WATER_MAZE,,DXR_ON,icon_mode_cp_raid,1,0,,,1,,,,1,1,1,1,1,12000,2000,4000,15000,2000,,,,,,,,,,0
cp_raid1_nums,LUA_MENU_CP/RAID_NUMBERS,LUA_MENU_CP/RAID_NUMBERS,,,,,,,,,,,,,,,,,,,image_mp_map_templogo,loading_cp_landlord_bg,,LUA_MENU_CP/RAID_NUMBERS,,DXR_ON,icon_mode_cp_raid,1,0,,,1,,,,1,1,1,1,1,12000,2000,4000,15000,2000,,,,,,,,,,0
cp_raid1_boss1,PLAYLIST/CP_RAID_SEASON_03,PLAYLIST/CP_RAID_SEASON_03,,,,,,,,,,,,,,,,,,,loading_cp_rd1_boss1_bg_preview,loading_cp_raid1_boss1_bg,,PLAYLIST/CP_RAID_SEASON_03,,DXR_ON,icon_mode_cp_raid,1,0,,,1,,,,1,1,1,1,1,12000,2000,4000,15000,2000,,,,,,,,,,0
cp_raid1_intro,LUA_MENU_CP/RAID_INTRO,LUA_MENU_CP/RAID_INTRO,,,,,,,,,,,,,,,,,,,image_mp_map_templogo,loading_cp_landlord_bg,,LUA_MENU_CP/RAID_INTRO,,DXR_ON,icon_mode_cp_raid,1,0,,,1,,,,1,1,1,1,1,12000,2000,4000,15000,2000,,,,,,,,,,0
cp_raid1,LUA_MENU_CP/RAID_01,LUA_MENU_CP/RAID_01,,,,,,,,,,,,,,,,,,,loading_cp_raid1_bg_preview,loading_cp_raid1_bg,,LUA_MENU_CP/RAID_01,,DXR_ON,icon_mode_cp_raid,1,0,,,1,,,,1,1,1,1,1,12000,2000,4000,15000,2000,,,,,,,,,,0
cp_raid1_trap,LUA_MENU_CP/RAID_02,LUA_MENU_CP/RAID_02,,,,,,,,,,,,,,,,,,,loading_cp_raid1_trap_bg_preview,loading_cp_raid1_trap_bg,,LUA_MENU_CP/RAID_02,,DXR_ON,icon_mode_cp_raid,1,0,,,1,,,,1,1,1,1,1,12000,2000,4000,15000,2000,,,,,,,,,,0
mp_benchmark,LUA_MENU/MAPNAME_BENCHMARK,LUA_MENU/MAPNAME_BENCHMARK,,,,,,,,SIX,SAS,SAS,SABF,FIVE,RUSF,FREE,1,,3000,5000,image_mp_map_templogo,loading_mp_benchmark_bg,0,LUA_MENU/MAPNAME_BENCHMARK,25000,DXR_OFF,,1,0,,,1,,,,1.5,1.5,1.5,1.5,1.5,12000,2000,4000,15000,2000,,,,,,,,,,0
cp_hostage,LUA_MENU_CP/MISSION_HOSTAGES,LUA_MENU_CP/MISSION_HOSTAGES,,,,,,,,,,,,,,,,,,,image_mp_map_templogo,loading_cp_landlord_bg,,LUA_MENU_CP/MISSION_HOSTAGES,,DXR_ON,icon_mode_cp_mission,1,0,,,1,,,,1,1,1,1,1,12000,2000,4000,15000,2000,,,,,,,,,,0
cp_lone,LUA_MENU_CP/MISSION_LONE,LUA_MENU_CP/MISSION_LONE,,,,,,,,,,,,,,,1,,6000,,loading_cp_lone_bg_preview,loading_cp_lone_bg,,LUA_MENU_CP/MISSION_LONE,,DXR_ON,icon_mode_cp_mission,1,0,,,1,,,,1,1,1,1,1,12000,2000,4000,15000,2000,,,,,,,,,,0
cp_mission_high_ground,PLAYLIST/CP_MS_HIGH_GROUND,PLAYLIST/CP_MS_HIGH_GROUND,,,,,,,,,,,,,,,,,,,loading_cp_high_ground_bg,loading_cp_high_ground_bg,,PLAYLIST/CP_MS_HIGH_GROUND,,DXR_ON,icon_mode_cp_mission,1,0,,,1,cp_mission_high_ground,,,1,1,1,1,1,12000,2000,4000,15000,2000,,,,,,,,,,0
cp_jugg_maze,PLAYLIST/CP_RAID_SEASON_04,PLAYLIST/CP_RAID_SEASON_04,,,,,,,,,,,,,,,1,,6000,,loading_cp_jugg_maze_bg_preview,loading_cp_jugg_maze_bg,,PLAYLIST/CP_RAID_SEASON_04,,DXR_ON,icon_mode_cp_raid,1,0,,,1,,,,1,1,1,1,1,12000,2000,4000,15000,2000,,,,,,,,,,0
mp_jup_skidrow,LUA_MENU/MAPNAME_MP_JUP_SKIDROW,LUA_MENU/MAPNAME_MP_JUP_SKIDROW,,0.45,205,542,0,0,0.004,SPTNZ,RANGERS,OPFOR,ZVIR,ICORPS,GRP9,FREE,,,,,loading_mp_jup_skidrow_bg_preview,loading_mp_jup_skidrow_bg,0,LUA_MENU/MAPNAME_MP_JUP_SKIDROW,,DXR_ON,,0,0,700,3500,1,,0.06,-0.02,1,1,1,1,1,12000,2000,4000,15000,2000,,MP_CHYRON/MP_JUP_SKIDROW_ALLIES_1,MP_CHYRON/MP_JUP_SKIDROW_ALLIES_2,MP_CHYRON/MP_JUP_SKIDROW_ALLIES_3,MP_CHYRON/MP_JUP_SKIDROW_ALLIES_4,MP_CHYRON/MP_JUP_SKIDROW_AXIS_1,MP_CHYRON/MP_JUP_SKIDROW_AXIS_2,MP_CHYRON/MP_JUP_SKIDROW_AXIS_3,MP_CHYRON/MP_JUP_SKIDROW_AXIS_4,0
mp_jup_invasion,LUA_MENU/MAPNAME_MP_JUP_INVASION,LUA_MENU/MAPNAME_MP_JUP_INVASION,,0.45,205,542,0,0,0.004,OPFOR,RANGERS,SAS,ZVIR,ICORPS,GRP9,FREE,,,,,loading_mp_jup_invasion_bg_preview,loading_mp_jup_invasion_bg,0,LUA_MENU/MAPNAME_MP_JUP_INVASION,,DXR_ON,,0,0,700,3500,1,,0.06,-0.02,1,1,1,1,1,12000,2000,4000,15000,2000,,MP_CHYRON/MP_JUP_INVASION_ALLIES_1,MP_CHYRON/MP_JUP_INVASION_ALLIES_2,MP_CHYRON/MP_JUP_INVASION_ALLIES_3,MP_CHYRON/MP_JUP_INVASION_ALLIES_4,MP_CHYRON/MP_JUP_INVASION_AXIS_1,MP_CHYRON/MP_JUP_INVASION_AXIS_2,MP_CHYRON/MP_JUP_INVASION_AXIS_3,MP_CHYRON/MP_JUP_INVASION_AXIS_4,0
mp_jup_karachi,LUA_MENU/MAPNAME_MP_JUP_KARACHI,LUA_MENU/MAPNAME_MP_JUP_KARACHI,,0.45,205,542,0,0,0.004,OPFOR,TF141,OPFOR,ZVIR,ICORPS,GRP9,FREE,,,,,loading_mp_jup_karachi_bg_preview,loading_mp_jup_karachi_bg,0,LUA_MENU/MAPNAME_MP_JUP_KARACHI,,DXR_ON,,0,0,700,3500,1,,0.06,-0.02,1,1,1,1,1,12000,2000,4000,15000,2000,,MP_CHYRON/MP_JUP_KARACHI_ALLIES_1,MP_CHYRON/MP_JUP_KARACHI_ALLIES_2,MP_CHYRON/MP_JUP_KARACHI_ALLIES_3,MP_CHYRON/MP_JUP_KARACHI_ALLIES_4,MP_CHYRON/MP_JUP_KARACHI_AXIS_1,MP_CHYRON/MP_JUP_KARACHI_AXIS_2,MP_CHYRON/MP_JUP_KARACHI_AXIS_3,MP_CHYRON/MP_JUP_KARACHI_AXIS_4,0
mp_jup_afghan_v2,LUA_MENU/MAPNAME_MP_JUP_AFGHAN_V2,LUA_MENU/MAPNAME_MP_JUP_AFGHAN_V2,,0.45,205,542,0,0,0.004,OPFOR,NAVY,OPFOR,ZVIR,ICORPS,GRP9,FREE,,,,,loading_mp_jup_afghan_v2_bg_preview,loading_mp_jup_afghan_v2_bg,,LUA_MENU/MAPNAME_MP_JUP_AFGHAN_V2,,DXR_ON,,1,0,700,3500,1,,0.06,-0.02,1,1,1,1,1,12000,2000,4000,15000,2000,,MP_CHYRON/MP_JUP_AFGHAN_V2_ALLIES_1,MP_CHYRON/MP_JUP_AFGHAN_V2_ALLIES_2,MP_CHYRON/MP_JUP_AFGHAN_V2_ALLIES_3,MP_CHYRON/MP_JUP_AFGHAN_V2_ALLIES_4,MP_CHYRON/MP_JUP_AFGHAN_V2_AXIS_1,MP_CHYRON/MP_JUP_AFGHAN_V2_AXIS_2,MP_CHYRON/MP_JUP_AFGHAN_V2_AXIS_3,MP_CHYRON/MP_JUP_AFGHAN_V2_AXIS_4,0
mp_jup_arcade,LUA_MENU/MAPNAME_MP_JUP_ARCADE,LUA_MENU/MAPNAME_MP_JUP_ARCADE,,0.45,205,542,0,0,0.004,SPTNZ,TF141,OPFOR,ZVIR,ICORPS,GRP9,FREE,,,,,loading_mp_jup_arcade_bg_preview,loading_mp_jup_arcade_bg,0,LUA_MENU/MAPNAME_MP_JUP_ARCADE,,DXR_ON,,0,0,700,3500,1,,0.06,-0.02,1,1,1,1,1,12000,2000,4000,15000,2000,,MP_CHYRON/MP_JUP_ARCADE_ALLIES_1,MP_CHYRON/MP_JUP_ARCADE_ALLIES_2,MP_CHYRON/MP_JUP_ARCADE_ALLIES_3,MP_CHYRON/MP_JUP_ARCADE_ALLIES_4,MP_CHYRON/MP_JUP_ARCADE_AXIS_1,MP_CHYRON/MP_JUP_ARCADE_AXIS_2,MP_CHYRON/MP_JUP_ARCADE_AXIS_3,MP_CHYRON/MP_JUP_ARCADE_AXIS_4,0
mp_jup_delayed,LUA_MENU/MAPNAME_MP_JUP_DELAYED,LUA_MENU/MAPNAME_MP_JUP_DELAYED,,0.45,205,542,0,0,0.004,SPTNZ,TF141,OPFOR,ZVIR,ICORPS,GRP9,FREE,,,,,loading_mp_jup_delayed_bg_preview,loading_mp_jup_delayed_bg,0,LUA_MENU/MAPNAME_MP_JUP_DELAYED,,DXR_ON,,0,0,700,3500,1,,0.06,-0.02,1,1,1,1,1,12000,2000,4000,15000,2000,,MP_CHYRON/MP_JUP_DELAYED_ALLIES_1,MP_CHYRON/MP_JUP_DELAYED_ALLIES_2,MP_CHYRON/MP_JUP_DELAYED_ALLIES_3,MP_CHYRON/MP_JUP_DELAYED_ALLIES_4,MP_CHYRON/MP_JUP_DELAYED_AXIS_1,MP_CHYRON/MP_JUP_DELAYED_AXIS_2,MP_CHYRON/MP_JUP_DELAYED_AXIS_3,MP_CHYRON/MP_JUP_DELAYED_AXIS_4,0
mp_jup_derail,LUA_MENU/MAPNAME_MP_JUP_DERAIL,LUA_MENU/MAPNAME_MP_JUP_DERAIL,,0.45,205,542,0,0,0.004,SPTNZ,TF141,OPFOR,ZVIR,ICORPS,GRP9,FREE,,,,,loading_mp_jup_derail_bg_preview,loading_mp_jup_derail_bg,,LUA_MENU/MAPNAME_MP_JUP_DERAIL,,DXR_ON,,1,0,700,3500,1,,0.06,-0.02,1,1,1,1,1,12000,2000,4000,15000,2000,,MP_CHYRON/MP_JUP_DERAIL_ALLIES_1,MP_CHYRON/MP_JUP_DERAIL_ALLIES_2,MP_CHYRON/MP_JUP_DERAIL_ALLIES_3,MP_CHYRON/MP_JUP_DERAIL_ALLIES_4,MP_CHYRON/MP_JUP_DERAIL_AXIS_1,MP_CHYRON/MP_JUP_DERAIL_AXIS_2,MP_CHYRON/MP_JUP_DERAIL_AXIS_3,MP_CHYRON/MP_JUP_DERAIL_AXIS_4,0
mp_jup_estate,LUA_MENU/MAPNAME_MP_JUP_ESTATE,LUA_MENU/MAPNAME_MP_JUP_ESTATE,,0.45,205,542,0,0,0.004,SPTNZ,TF141,OPFOR,ZVIR,ICORPS,GRP9,FREE,,,,,loading_mp_jup_estate_bg_preview,loading_mp_jup_estate_bg,0,LUA_MENU/MAPNAME_MP_JUP_ESTATE,,DXR_ON,,0,0,700,3500,1,,0.06,-0.02,1,1,1,1,1,12000,2000,4000,15000,2000,,MP_CHYRON/MP_JUP_ESTATE_ALLIES_1,MP_CHYRON/MP_JUP_ESTATE_ALLIES_2,MP_CHYRON/MP_JUP_ESTATE_ALLIES_3,MP_CHYRON/MP_JUP_ESTATE_ALLIES_4,MP_CHYRON/MP_JUP_ESTATE_AXIS_1,MP_CHYRON/MP_JUP_ESTATE_AXIS_2,MP_CHYRON/MP_JUP_ESTATE_AXIS_3,MP_CHYRON/MP_JUP_ESTATE_AXIS_4,0
mp_jup_favela,LUA_MENU/MAPNAME_MP_JUP_FAVELA,LUA_MENU/MAPNAME_MP_JUP_FAVELA,,0.45,205,542,0,0,0.004,MILI,TF141,OPFOR,ZVIR,ICORPS,GRP9,FREE,,,,,loading_mp_jup_favela_bg_preview,loading_mp_jup_favela_bg,0,LUA_MENU/MAPNAME_MP_JUP_FAVELA,,DXR_ON,,0,0,700,3500,1,,0.06,-0.02,1,1,1,1,1,12000,2000,4000,15000,2000,,MP_CHYRON/MP_JUP_FAVELA_ALLIES_1,MP_CHYRON/MP_JUP_FAVELA_ALLIES_2,MP_CHYRON/MP_JUP_FAVELA_ALLIES_3,MP_CHYRON/MP_JUP_FAVELA_ALLIES_4,MP_CHYRON/MP_JUP_FAVELA_AXIS_1,MP_CHYRON/MP_JUP_FAVELA_AXIS_2,MP_CHYRON/MP_JUP_FAVELA_AXIS_3,MP_CHYRON/MP_JUP_FAVELA_AXIS_4,0
mp_jup_greece,LUA_MENU/MAPNAME_MP_JUP_GREECE,LUA_MENU/MAPNAME_MP_JUP_GREECE,,0.45,205,542,0,0,0.004,SPTNZ,TF141,OPFOR,ZVIR,ICORPS,GRP9,FREE,,,,,loading_mp_jup_greece_bg_preview,loading_mp_jup_greece_bg,0,LUA_MENU/MAPNAME_MP_JUP_GREECE,,DXR_ON,,0,0,700,3500,1,,0.06,-0.02,1,1,1,1,1,12000,2000,4000,15000,2000,,MP_CHYRON/MP_JUP_GREECE_ALLIES_1,MP_CHYRON/MP_JUP_GREECE_ALLIES_2,MP_CHYRON/MP_JUP_GREECE_ALLIES_3,MP_CHYRON/MP_JUP_GREECE_ALLIES_4,MP_CHYRON/MP_JUP_GREECE_AXIS_1,MP_CHYRON/MP_JUP_GREECE_AXIS_2,MP_CHYRON/MP_JUP_GREECE_AXIS_3,MP_CHYRON/MP_JUP_GREECE_AXIS_4,0
mp_jup_highrise,LUA_MENU/MAPNAME_MP_JUP_HIGHRISE,LUA_MENU/MAPNAME_MP_JUP_HIGHRISE,,0.45,205,542,0,0,0.004,SPTNZ,RANGERS,OPFOR,ZVIR,ICORPS,GRP9,FREE,,,,,loading_mp_jup_highrise_bg_preview,loading_mp_jup_highrise_bg,,LUA_MENU/MAPNAME_MP_JUP_HIGHRISE,,DXR_ON,,1,0,700,3500,1,,0.06,-0.02,1,1,1,1,1,12000,2000,4000,15000,2000,,MP_CHYRON/MP_JUP_HIGHRISE_ALLIES_1,MP_CHYRON/MP_JUP_HIGHRISE_ALLIES_2,MP_CHYRON/MP_JUP_HIGHRISE_ALLIES_3,MP_CHYRON/MP_JUP_HIGHRISE_ALLIES_4,MP_CHYRON/MP_JUP_HIGHRISE_AXIS_1,MP_CHYRON/MP_JUP_HIGHRISE_AXIS_2,MP_CHYRON/MP_JUP_HIGHRISE_AXIS_3,MP_CHYRON/MP_JUP_HIGHRISE_AXIS_4,0
mp_jup_quarry,LUA_MENU/MAPNAME_MP_JUP_QUARRY,LUA_MENU/MAPNAME_MP_JUP_QUARRY,,0.45,205,542,0,0,0.004,MILI,TF141,OPFOR,ZVIR,ICORPS,GRP9,FREE,,,,,loading_mp_jup_quarry_bg_preview,loading_mp_jup_quarry_bg,,LUA_MENU/MAPNAME_MP_JUP_QUARRY,,DXR_ON,,1,0,700,3500,1,,0.06,-0.02,1,1,1,1,1,12000,2000,4000,15000,2000,,MP_CHYRON/MP_JUP_QUARRY_ALLIES_1,MP_CHYRON/MP_JUP_QUARRY_ALLIES_2,MP_CHYRON/MP_JUP_QUARRY_ALLIES_3,MP_CHYRON/MP_JUP_QUARRY_ALLIES_4,MP_CHYRON/MP_JUP_QUARRY_AXIS_1,MP_CHYRON/MP_JUP_QUARRY_AXIS_2,MP_CHYRON/MP_JUP_QUARRY_AXIS_3,MP_CHYRON/MP_JUP_QUARRY_AXIS_4,0
mp_jup_rundown,LUA_MENU/MAPNAME_MP_JUP_RUNDOWN,LUA_MENU/MAPNAME_MP_JUP_RUNDOWN,,0.45,205,542,0,0,0.004,MILI,TF141,OPFOR,ZVIR,ICORPS,GRP9,FREE,,,,,loading_mp_jup_rundown_bg_preview,loading_mp_jup_rundown_bg,,LUA_MENU/MAPNAME_MP_JUP_RUNDOWN,,DXR_ON,,1,0,700,3500,1,,0.06,-0.02,1,1,1,1,1,12000,2000,4000,15000,2000,,MP_CHYRON/MP_JUP_RUNDOWN_ALLIES_1,MP_CHYRON/MP_JUP_RUNDOWN_ALLIES_2,MP_CHYRON/MP_JUP_RUNDOWN_ALLIES_3,MP_CHYRON/MP_JUP_RUNDOWN_ALLIES_4,MP_CHYRON/MP_JUP_RUNDOWN_AXIS_1,MP_CHYRON/MP_JUP_RUNDOWN_AXIS_2,MP_CHYRON/MP_JUP_RUNDOWN_AXIS_3,MP_CHYRON/MP_JUP_RUNDOWN_AXIS_4,0
mp_jup_rust,LUA_MENU/MAPNAME_MP_JUP_RUST,LUA_MENU/MAPNAME_MP_JUP_RUST,,0.45,205,542,0,0,0.004,OPFOR,TF141,OPFOR,ZVIR,ICORPS,GRP9,FREE,,,,,loading_mp_jup_rust_bg_preview,loading_mp_jup_rust_bg,0,LUA_MENU/MAPNAME_MP_JUP_RUST,,DXR_ON,,0,0,700,3500,1,,0.06,-0.02,1,1,1,1,1,12000,2000,4000,15000,2000,,MP_CHYRON/MP_JUP_RUST_ALLIES_1,MP_CHYRON/MP_JUP_RUST_ALLIES_2,MP_CHYRON/MP_JUP_RUST_ALLIES_3,MP_CHYRON/MP_JUP_RUST_ALLIES_4,MP_CHYRON/MP_JUP_RUST_AXIS_1,MP_CHYRON/MP_JUP_RUST_AXIS_2,MP_CHYRON/MP_JUP_RUST_AXIS_3,MP_CHYRON/MP_JUP_RUST_AXIS_4,0
mp_jup_scrapyard,LUA_MENU/MAPNAME_MP_JUP_SCRAPYARD,LUA_MENU/MAPNAME_MP_JUP_SCRAPYARD,,0.45,205,542,0,0,0.004,OPFOR,TF141,OPFOR,ZVIR,ICORPS,GRP9,FREE,,,,,loading_mp_jup_scrapyard_bg_preview,loading_mp_jup_scrapyard_bg,0,LUA_MENU/MAPNAME_MP_JUP_SCRAPYARD,,DXR_ON,,0,0,700,3500,1,,0.06,-0.02,1,1,1,1,1,12000,2000,4000,15000,2000,,MP_CHYRON/MP_JUP_SCRAPYARD_ALLIES_1,MP_CHYRON/MP_JUP_SCRAPYARD_ALLIES_2,MP_CHYRON/MP_JUP_SCRAPYARD_ALLIES_3,MP_CHYRON/MP_JUP_SCRAPYARD_ALLIES_4,MP_CHYRON/MP_JUP_SCRAPYARD_AXIS_1,MP_CHYRON/MP_JUP_SCRAPYARD_AXIS_2,MP_CHYRON/MP_JUP_SCRAPYARD_AXIS_3,MP_CHYRON/MP_JUP_SCRAPYARD_AXIS_4,0
mp_jup_subbase,LUA_MENU/MAPNAME_MP_JUP_SUBBASE,LUA_MENU/MAPNAME_MP_JUP_SUBBASE,,0.45,205,542,0,0,0.004,SPTNZ,NAVY,OPFOR,ZVIR,ICORPS,GRP9,FREE,,,,,loading_mp_jup_subbase_bg_preview,loading_mp_jup_subbase_bg,,LUA_MENU/MAPNAME_MP_JUP_SUBBASE,,DXR_ON,,1,0,700,3500,1,,0.06,-0.02,1,1,1,1,1,12000,2000,4000,15000,2000,,MP_CHYRON/MP_JUP_SUBBASE_ALLIES_1,MP_CHYRON/MP_JUP_SUBBASE_ALLIES_2,MP_CHYRON/MP_JUP_SUBBASE_ALLIES_3,MP_CHYRON/MP_JUP_SUBBASE_ALLIES_4,MP_CHYRON/MP_JUP_SUBBASE_AXIS_1,MP_CHYRON/MP_JUP_SUBBASE_AXIS_2,MP_CHYRON/MP_JUP_SUBBASE_AXIS_3,MP_CHYRON/MP_JUP_SUBBASE_AXIS_4,0
mp_jup_terminal,LUA_MENU/MAPNAME_MP_JUP_TERMINAL,LUA_MENU/MAPNAME_MP_JUP_TERMINAL,,0.45,205,542,0,0,0.004,SPTNZ,RANGERS,OPFOR,ZVIR,ICORPS,GRP9,FREE,,,,,loading_mp_jup_terminal_bg_preview,loading_mp_jup_terminal_bg,,LUA_MENU/MAPNAME_MP_JUP_TERMINAL,,DXR_ON,,1,0,700,3500,1,,0.06,-0.02,1,1,1,1,1,12000,2000,4000,15000,2000,,MP_CHYRON/MP_JUP_TERMINAL_ALLIES_1,MP_CHYRON/MP_JUP_TERMINAL_ALLIES_2,MP_CHYRON/MP_JUP_TERMINAL_ALLIES_3,MP_CHYRON/MP_JUP_TERMINAL_ALLIES_4,MP_CHYRON/MP_JUP_TERMINAL_AXIS_1,MP_CHYRON/MP_JUP_TERMINAL_AXIS_2,MP_CHYRON/MP_JUP_TERMINAL_AXIS_3,MP_CHYRON/MP_JUP_TERMINAL_AXIS_4,0
mp_jup_underpass,LUA_MENU/MAPNAME_MP_JUP_UNDERPASS,LUA_MENU/MAPNAME_MP_JUP_UNDERPASS,,0.45,205,542,0,0,0.004,MILI,TF141,OPFOR,ZVIR,ICORPS,GRP9,FREE,,,,,loading_mp_jup_underpass_bg_preview,loading_mp_jup_underpass_bg,,LUA_MENU/MAPNAME_MP_JUP_UNDERPASS,,DXR_ON,,1,0,700,3500,1,,0.06,-0.02,1,1,1,1,1,12000,2000,4000,15000,2000,,MP_CHYRON/MP_JUP_UNDERPASS_ALLIES_1,MP_CHYRON/MP_JUP_UNDERPASS_ALLIES_2,MP_CHYRON/MP_JUP_UNDERPASS_ALLIES_3,MP_CHYRON/MP_JUP_UNDERPASS_ALLIES_4,MP_CHYRON/MP_JUP_UNDERPASS_AXIS_1,MP_CHYRON/MP_JUP_UNDERPASS_AXIS_2,MP_CHYRON/MP_JUP_UNDERPASS_AXIS_3,MP_CHYRON/MP_JUP_UNDERPASS_AXIS_4,0
mp_jup_wasteland,LUA_MENU/MAPNAME_MP_JUP_WASTELAND,LUA_MENU/MAPNAME_MP_JUP_WASTELAND,,0.45,205,542,0,0,0.004,SPTNZ,TF141,OPFOR,ZVIR,ICORPS,GRP9,FREE,,,,,loading_mp_jup_wasteland_bg_preview,loading_mp_jup_wasteland_bg,,LUA_MENU/MAPNAME_MP_JUP_WASTELAND,,DXR_ON,,1,0,700,3500,1,,0.06,-0.02,1,1,1,1,1,12000,2000,4000,15000,2000,,MP_CHYRON/MP_JUP_WASTELAND_ALLIES_1,MP_CHYRON/MP_JUP_WASTELAND_ALLIES_2,MP_CHYRON/MP_JUP_WASTELAND_ALLIES_3,MP_CHYRON/MP_JUP_WASTELAND_ALLIES_4,MP_CHYRON/MP_JUP_WASTELAND_AXIS_1,MP_CHYRON/MP_JUP_WASTELAND_AXIS_2,MP_CHYRON/MP_JUP_WASTELAND_AXIS_3,MP_CHYRON/MP_JUP_WASTELAND_AXIS_4,0
cp_skyscraper,LUA_MENU_CP/MISSION_SKYSCRAPER,LUA_MENU_CP/MISSION_SKYSCRAPER,,,,,,,,,,,,,,,1,,6000,,image_mp_map_templogo,loading_cp_landlord_bg,,LUA_MENU_CP/MISSION_SKYSCRAPER,,DXR_ON,icon_mode_cp_mission,1,0,,,1,,,,1,1,1,1,1,12000,2000,4000,15000,2000,,,,,,,,,,0
mp_jup_launchfacility,LUA_MENU/MAPNAME_MP_JUP_LAUNCHFACILITY,LUA_MENU/MAPNAME_MP_JUP_LAUNCHFACILITY,,0.45,205,542,0,0,0.004,SPTNZ,TF141,OPFOR,ZVIR,ICORPS,GRP9,FREE,,,,,image_mp_map_templogo,loading_mp_benchmark_bg,,LUA_MENU/MAPNAME_MP_JUP_LAUNCHFACILITY,,DXR_ON,,1,0,700,3500,1,,0.06,-0.02,1,1,1,1,1,12000,2000,4000,15000,2000,,,,,,,,,,0
mp_jup_st_c_gw_wz,LUA_MENU/MAPNAME_MP_JUP_ST_C_GW_WZ,LUA_MENU/MAPNAME_MP_JUP_ST_C_GW_WZ,,0.45,205,542,0,0,0.004,OPFOR,TF141,OPFOR,ZVIR,ICORPS,GRP9,FREE,,,3000,5000,image_mp_map_templogo,loading_mp_benchmark_bg,,LUA_MENU/MAPNAME_MP_JUP_ST_C_GW_WZ,,DXR_ON,,1,0,700,3500,1,,0.06,-0.02,1,1,1,1,1,12000,2000,4000,15000,2000,,,,,,,,,,0
mp_jup_gw_fallout_wz,LUA_MENU/MAPNAME_MP_JUP_GW_FALLOUT_WZ,LUA_MENU/MAPNAME_MP_JUP_GW_FALLOUT_WZ,,0.45,205,542,0,0,0.004,OPFOR,TF141,OPFOR,ZVIR,ICORPS,GRP9,FREE,,,3000,5000,image_mp_map_templogo,loading_mp_benchmark_bg,,LUA_MENU/MAPNAME_MP_JUP_RESORT_GW_WZ,,DXR_ON,,1,0,700,3500,1,,0.06,-0.02,1,1,1,1,1,12000,2000,4000,15000,2000,,,,,,,,,,0
mp_jup_resort_gw_wz,LUA_MENU/MAPNAME_MP_JUP_RESORT_GW_WZ,LUA_MENU/MAPNAME_MP_JUP_RESORT_GW_WZ,,0.45,205,542,0,0,0.004,OPFOR,TF141,OPFOR,ZVIR,ICORPS,GRP9,FREE,,,3000,5000,image_mp_map_templogo,loading_mp_benchmark_bg,,LUA_MENU/MAPNAME_MP_JUP_RESORT_GW_WZ,,DXR_ON,,1,0,700,3500,1,,0.06,-0.02,1,1,1,1,1,12000,2000,4000,15000,2000,,,,,,,,,,0
mp_jup_shipment_iw9,LUA_MENU/MAPNAME_SHIPMENT,LUA_MENU/MAPNAME_SHIPMENT,,0.45,205,542,0,0,0.004,OPFOR,TF141,OPFOR,ZVIR,ICORPS,GRP9,FREE,,,,,loading_mp_shipment_bg_preview,loading_mp_shipment_bg,0,LUA_MENU/MAPNAME_SHIPMENT,,DXR_ON,,0,0,700,3500,1,,0.06,-0.02,1,1,1,1,1,12000,2000,4000,15000,2000,,MP_CHYRON/MP_JUP_SKIDROW_ALLIES_1,MP_CHYRON/MP_JUP_SKIDROW_ALLIES_2,MP_CHYRON/MP_JUP_SKIDROW_ALLIES_3,MP_CHYRON/MP_JUP_SKIDROW_ALLIES_4,MP_CHYRON/MP_JUP_SKIDROW_AXIS_1,MP_CHYRON/MP_JUP_SKIDROW_AXIS_2,MP_CHYRON/MP_JUP_SKIDROW_AXIS_3,MP_CHYRON/MP_JUP_SKIDROW_AXIS_4,0
mp_jup_shoothouse2,LUA_MENU/MAPNAME_SHOOTHOUSE2,LUA_MENU/MAPNAME_SHOOTHOUSE3,,0.45,205,542,0,0,0.004,OPFOR,TF141,OPFOR,ZVIR,ICORPS,GRP9,FREE,,,,,loading_mp_shoot_bg_preview,loading_mp_shoot_bg,0,LUA_MENU/MAPNAME_SHOOTHOUSE2,,DXR_ON,,0,0,700,3500,1,,0.06,-0.02,1,1,1,1,1,12000,2000,4000,15000,2000,,MP_CHYRON/MP_JUP_SKIDROW_ALLIES_1,MP_CHYRON/MP_JUP_SKIDROW_ALLIES_2,MP_CHYRON/MP_JUP_SKIDROW_ALLIES_3,MP_CHYRON/MP_JUP_SKIDROW_ALLIES_4,MP_CHYRON/MP_JUP_SKIDROW_AXIS_1,MP_CHYRON/MP_JUP_SKIDROW_AXIS_2,MP_CHYRON/MP_JUP_SKIDROW_AXIS_3,MP_CHYRON/MP_JUP_SKIDROW_AXIS_4,0
mp_jup_observatory,LUA_MENU/MAPNAME_OBSERVE,LUA_MENU/MAPNAME_OBSERVE,,0.45,205,542,0,0,0.004,OPFOR,TF141,OPFOR,ZVIR,ICORPS,GRP9,FREE,,,,,loading_mp_observ_bg_preview,loading_mp_observatory_bg,0,LUA_MENU/MAPNAME_OBSERVE,,DXR_ON,,0,0,700,3500,1,,0.06,-0.02,1,1,1,1,1,12000,2000,4000,15000,2000,,MP_CHYRON/MP_JUP_SKIDROW_ALLIES_1,MP_CHYRON/MP_JUP_SKIDROW_ALLIES_2,MP_CHYRON/MP_JUP_SKIDROW_ALLIES_3,MP_CHYRON/MP_JUP_SKIDROW_ALLIES_4,MP_CHYRON/MP_JUP_SKIDROW_AXIS_1,MP_CHYRON/MP_JUP_SKIDROW_AXIS_2,MP_CHYRON/MP_JUP_SKIDROW_AXIS_3,MP_CHYRON/MP_JUP_SKIDROW_AXIS_4,0
mp_jup_farm_18,LUA_MENU/MAPNAME_FARM_18,LUA_MENU/MAPNAME_FARM_19,,0.45,205,542,0,0,0.004,OPFOR,TF141,OPFOR,ZVIR,ICORPS,GRP9,FREE,,,,,loading_mp_farm_18_bg_preview,loading_mp_farm_18_bg,0,LUA_MENU/MAPNAME_FARM_18,,DXR_ON,,0,0,700,3500,1,,0.06,-0.02,1,1,1,1,1,12000,2000,4000,15000,2000,,MP_CHYRON/MP_JUP_SKIDROW_ALLIES_1,MP_CHYRON/MP_JUP_SKIDROW_ALLIES_2,MP_CHYRON/MP_JUP_SKIDROW_ALLIES_3,MP_CHYRON/MP_JUP_SKIDROW_ALLIES_4,MP_CHYRON/MP_JUP_SKIDROW_AXIS_1,MP_CHYRON/MP_JUP_SKIDROW_AXIS_2,MP_CHYRON/MP_JUP_SKIDROW_AXIS_3,MP_CHYRON/MP_JUP_SKIDROW_AXIS_4,0
mp_jup_swap_meet,LUA_MENU/MAPNAME_SWAP_MEET,LUA_MENU/MAPNAME_SWAP_MEET,,0.45,205,542,0,0,0.004,OPFOR,TF141,OPFOR,ZVIR,ICORPS,GRP9,FREE,,,,,loading_mp_swap_meet_bg_preview,loading_mp_swap_meet_bg,0,LUA_MENU/MAPNAME_SWAP_MEET,,DXR_ON,,0,0,700,3500,1,,0.06,-0.02,1,1,1,1,1,12000,2000,4000,15000,2000,,MP_CHYRON/MP_JUP_SKIDROW_ALLIES_1,MP_CHYRON/MP_JUP_SKIDROW_ALLIES_2,MP_CHYRON/MP_JUP_SKIDROW_ALLIES_3,MP_CHYRON/MP_JUP_SKIDROW_ALLIES_4,MP_CHYRON/MP_JUP_SKIDROW_AXIS_1,MP_CHYRON/MP_JUP_SKIDROW_AXIS_2,MP_CHYRON/MP_JUP_SKIDROW_AXIS_3,MP_CHYRON/MP_JUP_SKIDROW_AXIS_4,0
mp_jup_luxury,LUA_MENU/MAPNAME_LUXURY,LUA_MENU/MAPNAME_LUXURY,,0.45,205,542,0,0,0.004,OPFOR,TF141,OPFOR,ZVIR,ICORPS,GRP9,FREE,,,,,loading_mp_luxury_bg_preview,loading_mp_luxury_bg,0,LUA_MENU/MAPNAME_LUXURY,,DXR_ON,,0,0,700,3500,1,,0.06,-0.02,1,1,1,1,1,12000,2000,4000,15000,2000,,MP_CHYRON/MP_JUP_SKIDROW_ALLIES_1,MP_CHYRON/MP_JUP_SKIDROW_ALLIES_2,MP_CHYRON/MP_JUP_SKIDROW_ALLIES_3,MP_CHYRON/MP_JUP_SKIDROW_ALLIES_4,MP_CHYRON/MP_JUP_SKIDROW_AXIS_1,MP_CHYRON/MP_JUP_SKIDROW_AXIS_2,MP_CHYRON/MP_JUP_SKIDROW_AXIS_3,MP_CHYRON/MP_JUP_SKIDROW_AXIS_4,0
mp_jup_grandprix_pm_2,LUA_MENU/MAPNAME_GRANDPRIX,LUA_MENU/MAPNAME_GRANDPRIX,,0.45,205,542,0,0,0.004,OPFOR,TF141,OPFOR,ZVIR,ICORPS,GRP9,FREE,,,,,loading_mp_grandprix_pm_2_bg_preview,loading_mp_grandprix_pm_2_bg,0,LUA_MENU/MAPNAME_GRANDPRIX,,DXR_ON,,0,0,700,3500,1,,0.06,-0.02,1,1,1,1,1,12000,2000,4000,15000,2000,,MP_CHYRON/MP_JUP_SKIDROW_ALLIES_1,MP_CHYRON/MP_JUP_SKIDROW_ALLIES_2,MP_CHYRON/MP_JUP_SKIDROW_ALLIES_3,MP_CHYRON/MP_JUP_SKIDROW_ALLIES_4,MP_CHYRON/MP_JUP_SKIDROW_AXIS_1,MP_CHYRON/MP_JUP_SKIDROW_AXIS_2,MP_CHYRON/MP_JUP_SKIDROW_AXIS_3,MP_CHYRON/MP_JUP_SKIDROW_AXIS_4,0
mp_jup_m_alley,LUA_MENU/MAPNAME_M_ALLEY,LUA_MENU/MAPNAME_M_ALLEY,,0.45,205,542,0,0,0.004,OPFOR,TF141,OPFOR,ZVIR,ICORPS,GRP9,FREE,,,,,loading_mp_m_alley_bg_preview,loading_mp_m_alley_bg,0,LUA_MENU/MAPNAME_M_ALLEY,,DXR_ON,,0,0,700,3500,1,,0.06,-0.02,1,1,1,1,1,12000,2000,4000,15000,2000,,MP_CHYRON/MP_JUP_SKIDROW_ALLIES_1,MP_CHYRON/MP_JUP_SKIDROW_ALLIES_2,MP_CHYRON/MP_JUP_SKIDROW_ALLIES_3,MP_CHYRON/MP_JUP_SKIDROW_ALLIES_4,MP_CHYRON/MP_JUP_SKIDROW_AXIS_1,MP_CHYRON/MP_JUP_SKIDROW_AXIS_2,MP_CHYRON/MP_JUP_SKIDROW_AXIS_3,MP_CHYRON/MP_JUP_SKIDROW_AXIS_4,0
mp_jup_m_blacksite2,LUA_MENU/MAPNAME_M_BLACKSITE,LUA_MENU/MAPNAME_M_BLACKSITE,,0.45,205,542,0,0,0.004,OPFOR,TF141,OPFOR,ZVIR,ICORPS,GRP9,FREE,,,,,loading_mp_m_black_bg_preview,loading_mp_m_blacksite2_bg,0,LUA_MENU/MAPNAME_M_BLACKSITE,,DXR_ON,,0,0,700,3500,1,,0.06,-0.02,1,1,1,1,1,12000,2000,4000,15000,2000,,MP_CHYRON/MP_JUP_SKIDROW_ALLIES_1,MP_CHYRON/MP_JUP_SKIDROW_ALLIES_2,MP_CHYRON/MP_JUP_SKIDROW_ALLIES_3,MP_CHYRON/MP_JUP_SKIDROW_ALLIES_4,MP_CHYRON/MP_JUP_SKIDROW_AXIS_1,MP_CHYRON/MP_JUP_SKIDROW_AXIS_2,MP_CHYRON/MP_JUP_SKIDROW_AXIS_3,MP_CHYRON/MP_JUP_SKIDROW_AXIS_4,0
mp_jup_m_exhibit,LUA_MENU/MAPNAME_M_EXHIBIT,LUA_MENU/MAPNAME_M_EXHIBIT,,0.45,205,542,0,0,0.004,OPFOR,TF141,OPFOR,ZVIR,ICORPS,GRP9,FREE,,,,,loading_mp_m_exhibit_bg_preview,loading_mp_m_exhibit_bg,0,LUA_MENU/MAPNAME_M_EXHIBIT,,DXR_ON,,0,0,700,3500,1,,0.06,-0.02,1,1,1,1,1,12000,2000,4000,15000,2000,,MP_CHYRON/MP_JUP_SKIDROW_ALLIES_1,MP_CHYRON/MP_JUP_SKIDROW_ALLIES_2,MP_CHYRON/MP_JUP_SKIDROW_ALLIES_3,MP_CHYRON/MP_JUP_SKIDROW_ALLIES_4,MP_CHYRON/MP_JUP_SKIDROW_AXIS_1,MP_CHYRON/MP_JUP_SKIDROW_AXIS_2,MP_CHYRON/MP_JUP_SKIDROW_AXIS_3,MP_CHYRON/MP_JUP_SKIDROW_AXIS_4,0
