zone,global,mp/loot/br/default/lootset_global.csv,mp/loot/br/default/lootset_cache_spawns.csv,,#Global,0
zone,apartment_abandoned_lg_04_b,mp/loot/br/default/lootset_global.csv,mp/loot/br/default/lootset_cache_spawns.csv,,#Zone,0
zone,apartment_abandoned_lg_06_a,mp/loot/br/default/lootset_global.csv,mp/loot/br/default/lootset_cache_spawns.csv,,#Zone,0
zone,countdown_hangar_01,mp/loot/br/default/lootset_global.csv,mp/loot/br/default/lootset_cache_spawns.csv,,#Zone,0
zone,countdown_hangar_01b,mp/loot/br/default/lootset_global.csv,mp/loot/br/default/lootset_cache_spawns.csv,,#Zone,0
zone,countdown_hangar_01c,mp/loot/br/default/lootset_global.csv,mp/loot/br/default/lootset_cache_spawns.csv,,#Zone,0
zone,countdown_office_1s_02,mp/loot/br/default/lootset_global.csv,mp/loot/br/default/lootset_cache_spawns.csv,,#Zone,0
zone,exgm_stronghold_citadel,mp/loot/br/default/lootset_global.csv,mp/loot/br/default/lootset_cache_spawns.csv,,#Zone,0
zone,jup_bigmap_favela,mp/loot/br/default/lootset_global.csv,mp/loot/br/default/lootset_cache_spawns.csv,,#Zone,0
zone,jup_bigmap_lowtown,mp/loot/br/default/lootset_global.csv,mp/loot/br/default/lootset_cache_spawns.csv,,#Zone,0
zone,jup_bigmap_underpass,mp/loot/br/default/lootset_global.csv,mp/loot/br/default/lootset_cache_spawns.csv,,#Zone,0
zone,jup_blackmarket_truck,mp/loot/br/default/lootset_global.csv,mp/loot/br/default/lootset_cache_spawns.csv,,#Zone,0
zone,jup_commercial_bank_atm_kiosk_01,mp/loot/br/default/lootset_global.csv,mp/loot/br/default/lootset_cache_spawns.csv,,#Zone,0
zone,jup_commercial_hotel_01,mp/loot/br/default/lootset_global.csv,mp/loot/br/default/lootset_cache_spawns.csv,,#Zone,0
zone,jup_commercial_opera_01,mp/loot/br/default/lootset_global.csv,mp/loot/br/default/lootset_cache_spawns.csv,,#Zone,0
zone,jup_commercial_resort_building_main_structure_01,mp/loot/br/default/lootset_global.csv,mp/loot/br/default/lootset_cache_spawns.csv,,#Zone,0
zone,jup_commercial_resort_storage_sm_01,mp/loot/br/default/lootset_global.csv,mp/loot/br/default/lootset_cache_spawns.csv,,#Zone,0
zone,jup_commercial_rural_market_01,mp/loot/br/default/lootset_global.csv,mp/loot/br/default/lootset_cache_spawns.csv,,#Zone,0
zone,jup_commercial_rural_market_02,mp/loot/br/default/lootset_global.csv,mp/loot/br/default/lootset_cache_spawns.csv,,#Zone,0
zone,jup_industrial_bus_stop_02,mp/loot/br/default/lootset_global.csv,mp/loot/br/default/lootset_cache_spawns.csv,,#Zone,0
zone,jup_industrial_checkpoint_sm_01b,mp/loot/br/default/lootset_global.csv,mp/loot/br/default/lootset_cache_spawns.csv,,#Zone,0
zone,jup_industrial_cooling_tower_01,mp/loot/br/default/lootset_global.csv,mp/loot/br/default/lootset_cache_spawns.csv,,#Zone,0
zone,jup_industrial_cooling_tower_02,mp/loot/br/default/lootset_global.csv,mp/loot/br/default/lootset_cache_spawns.csv,,#Zone,0
zone,jup_industrial_marina_building_08,mp/loot/br/default/lootset_global.csv,mp/loot/br/default/lootset_cache_spawns.csv,,#Zone,0
zone,jup_industrial_nuclear_storage_01,mp/loot/br/default/lootset_global.csv,mp/loot/br/default/lootset_cache_spawns.csv,,#Zone,0
zone,jup_industrial_office_sm_04,mp/loot/br/default/lootset_global.csv,mp/loot/br/default/lootset_cache_spawns.csv,,#Zone,0
zone,jup_industrial_powerplant_01,mp/loot/br/default/lootset_global.csv,mp/loot/br/default/lootset_cache_spawns.csv,,#Zone,0
zone,jup_industrial_powerplant_02,mp/loot/br/default/lootset_global.csv,mp/loot/br/default/lootset_cache_spawns.csv,,#Zone,0
zone,jup_industrial_security_booth_sm_01,mp/loot/br/default/lootset_global.csv,mp/loot/br/default/lootset_cache_spawns.csv,,#Zone,0
zone,jup_industrial_warehouse_ind_06,mp/loot/br/default/lootset_global.csv,mp/loot/br/default/lootset_cache_spawns.csv,,#Zone,0
zone,jup_industrial_warehouse_ind_07,mp/loot/br/default/lootset_global.csv,mp/loot/br/default/lootset_cache_spawns.csv,,#Zone,0
zone,jup_industrial_warehouse_ind_07_b,mp/loot/br/default/lootset_global.csv,mp/loot/br/default/lootset_cache_spawns.csv,,#Zone,0
zone,jup_industrial_warehouse_ind_10,mp/loot/br/default/lootset_global.csv,mp/loot/br/default/lootset_cache_spawns.csv,,#Zone,0
zone,jup_industrial_warehouse_ind_10_b,mp/loot/br/default/lootset_global.csv,mp/loot/br/default/lootset_cache_spawns.csv,,#Zone,0
zone,jup_industrial_warehouse_ind_11,mp/loot/br/default/lootset_global.csv,mp/loot/br/default/lootset_cache_spawns.csv,,#Zone,0
zone,jup_infrastructure_hwy_train_tunnels_02,mp/loot/br/default/lootset_global.csv,mp/loot/br/default/lootset_cache_spawns.csv,,#Zone,0
zone,jup_infrastructure_manor_underground_section_01,mp/loot/br/default/lootset_global.csv,mp/loot/br/default/lootset_cache_spawns.csv,,#Zone,0
zone,jup_infrastructure_manor_underground_section_02,mp/loot/br/default/lootset_global.csv,mp/loot/br/default/lootset_cache_spawns.csv,,#Zone,0
zone,jup_infrastructure_manor_underground_section_03,mp/loot/br/default/lootset_global.csv,mp/loot/br/default/lootset_cache_spawns.csv,,#Zone,0
zone,jup_infrastructure_shed_utility_rail_01,mp/loot/br/default/lootset_global.csv,mp/loot/br/default/lootset_cache_spawns.csv,,#Zone,0
zone,jup_infrastructure_station_platform_covering_02,mp/loot/br/default/lootset_global.csv,mp/loot/br/default/lootset_cache_spawns.csv,,#Zone,0
zone,jup_manor_shootingbay_03,mp/loot/br/default/lootset_global.csv,mp/loot/br/default/lootset_cache_spawns.csv,,#Zone,0
zone,jup_military_manor_military_container_office_01,mp/loot/br/default/lootset_global.csv,mp/loot/br/default/lootset_cache_spawns.csv,,#Zone,0
zone,jup_military_milbase_checkpoint_1s_01,mp/loot/br/default/lootset_global.csv,mp/loot/br/default/lootset_cache_spawns.csv,,#Zone,0
zone,jup_military_milbase_motorpool_repairs_01,mp/loot/br/default/lootset_global.csv,mp/loot/br/default/lootset_cache_spawns.csv,,#Zone,0
zone,jup_military_milbase_warehouse_01,mp/loot/br/default/lootset_global.csv,mp/loot/br/default/lootset_cache_spawns.csv,,#Zone,0
zone,jup_military_milbase_warehouse_01b,mp/loot/br/default/lootset_global.csv,mp/loot/br/default/lootset_cache_spawns.csv,,#Zone,0
zone,jup_military_milbase_warehouse_small_01,mp/loot/br/default/lootset_global.csv,mp/loot/br/default/lootset_cache_spawns.csv,,#Zone,0
zone,jup_military_milbase_warehouse_small_01b,mp/loot/br/default/lootset_global.csv,mp/loot/br/default/lootset_cache_spawns.csv,,#Zone,0
zone,jup_overwatch,mp/loot/br/default/lootset_global.csv,mp/loot/br/default/lootset_cache_spawns.csv,,#Zone,0
zone,jup_residential_apartment_03_base_01,mp/loot/br/default/lootset_global.csv,mp/loot/br/default/lootset_cache_spawns.csv,,#Zone,0
zone,jup_residential_apartment_07,mp/loot/br/default/lootset_global.csv,mp/loot/br/default/lootset_cache_spawns.csv,,#Zone,0
zone,jup_residential_apartment_24,mp/loot/br/default/lootset_global.csv,mp/loot/br/default/lootset_cache_spawns.csv,,#Zone,0
zone,jup_residential_house_abandoned_lg_01,mp/loot/br/default/lootset_global.csv,mp/loot/br/default/lootset_cache_spawns.csv,,#Zone,0
zone,jup_residential_house_md_02,mp/loot/br/default/lootset_global.csv,mp/loot/br/default/lootset_cache_spawns.csv,,#Zone,0
zone,jup_residential_house_md_03,mp/loot/br/default/lootset_global.csv,mp/loot/br/default/lootset_cache_spawns.csv,,#Zone,0
zone,jup_residential_house_md_08,mp/loot/br/default/lootset_global.csv,mp/loot/br/default/lootset_cache_spawns.csv,,#Zone,0
zone,jup_residential_house_md_11,mp/loot/br/default/lootset_global.csv,mp/loot/br/default/lootset_cache_spawns.csv,,#Zone,0
zone,jup_residential_house_sm_01,mp/loot/br/default/lootset_global.csv,mp/loot/br/default/lootset_cache_spawns.csv,,#Zone,0
zone,jup_residential_house_sm_02,mp/loot/br/default/lootset_global.csv,mp/loot/br/default/lootset_cache_spawns.csv,,#Zone,0
zone,jup_residential_house_sm_03,mp/loot/br/default/lootset_global.csv,mp/loot/br/default/lootset_cache_spawns.csv,,#Zone,0
zone,jup_residential_house_sm_04,mp/loot/br/default/lootset_global.csv,mp/loot/br/default/lootset_cache_spawns.csv,,#Zone,0
zone,jup_residential_house_sm_05,mp/loot/br/default/lootset_global.csv,mp/loot/br/default/lootset_cache_spawns.csv,,#Zone,0
zone,jup_residential_house_sm_07,mp/loot/br/default/lootset_global.csv,mp/loot/br/default/lootset_cache_spawns.csv,,#Zone,0
zone,jup_Residential_Lowtown_15,mp/loot/br/default/lootset_global.csv,mp/loot/br/default/lootset_cache_spawns.csv,,#Zone,0
zone,jup_residential_manor_garage_01,mp/loot/br/default/lootset_global.csv,mp/loot/br/default/lootset_cache_spawns.csv,,#Zone,0
zone,jup_residential_manor_mansion_01,mp/loot/br/default/lootset_global.csv,mp/loot/br/default/lootset_cache_spawns.csv,,#Zone,0
zone,jup_residential_rural_house_md_2s_06_abandoned,mp/loot/br/default/lootset_global.csv,mp/loot/br/default/lootset_cache_spawns.csv,,#Zone,0
zone,jup_rural_bridgeaccident_01,mp/loot/br/default/lootset_global.csv,mp/loot/br/default/lootset_cache_spawns.csv,,#Zone,0
zone,jup_tile_a_all,mp/loot/br/default/lootset_global.csv,mp/loot/br/default/lootset_cache_spawns.csv,,#Zone,0
zone,jup_tile_a_commercial,mp/loot/br/default/lootset_global.csv,mp/loot/br/default/lootset_cache_spawns.csv,,#Zone,0
zone,jup_tile_a_dealership,mp/loot/br/default/lootset_global.csv,mp/loot/br/default/lootset_cache_spawns.csv,,#Zone,0
zone,jup_tile_a_fallen,mp/loot/br/default/lootset_global.csv,mp/loot/br/default/lootset_cache_spawns.csv,,#Zone,0
zone,jup_tile_a_hardhat,mp/loot/br/default/lootset_global.csv,mp/loot/br/default/lootset_cache_spawns.csv,,#Zone,0
zone,jup_tile_a_infrastructure,mp/loot/br/default/lootset_global.csv,mp/loot/br/default/lootset_cache_spawns.csv,,#Zone,0
zone,jup_tile_a_outpost,mp/loot/br/default/lootset_global.csv,mp/loot/br/default/lootset_cache_spawns.csv,,#Zone,0
zone,jup_tile_a_resort,mp/loot/br/default/lootset_global.csv,mp/loot/br/default/lootset_cache_spawns.csv,,#Zone,0
zone,jup_tile_a_tunnel,mp/loot/br/default/lootset_global.csv,mp/loot/br/default/lootset_cache_spawns.csv,,#Zone,0
zone,jup_tile_b_all,mp/loot/br/default/lootset_global.csv,mp/loot/br/default/lootset_cache_spawns.csv,,#Zone,0
zone,jup_tile_b_construction,mp/loot/br/default/lootset_global.csv,mp/loot/br/default/lootset_cache_spawns.csv,,#Zone,0
zone,jup_tile_b_containment,mp/loot/br/default/lootset_global.csv,mp/loot/br/default/lootset_cache_spawns.csv,,#Zone,0
zone,jup_tile_b_docks,mp/loot/br/default/lootset_global.csv,mp/loot/br/default/lootset_cache_spawns.csv,,#Zone,0
zone,jup_tile_b_drycask,mp/loot/br/default/lootset_global.csv,mp/loot/br/default/lootset_cache_spawns.csv,,#Zone,0
zone,jup_tile_b_factory,mp/loot/br/default/lootset_global.csv,mp/loot/br/default/lootset_cache_spawns.csv,,#Zone,0
zone,jup_tile_b_industrial,mp/loot/br/default/lootset_global.csv,mp/loot/br/default/lootset_cache_spawns.csv,,#Zone,0
zone,jup_tile_b_logistics,mp/loot/br/default/lootset_global.csv,mp/loot/br/default/lootset_cache_spawns.csv,,#Zone,0
zone,jup_tile_b_manufacturing,mp/loot/br/default/lootset_global.csv,mp/loot/br/default/lootset_cache_spawns.csv,,#Zone,0
zone,jup_tile_b_park,mp/loot/br/default/lootset_global.csv,mp/loot/br/default/lootset_cache_spawns.csv,,#Zone,0
zone,jup_tile_b_parking,mp/loot/br/default/lootset_global.csv,mp/loot/br/default/lootset_cache_spawns.csv,,#Zone,0
zone,jup_tile_b_power_plant,mp/loot/br/default/lootset_global.csv,mp/loot/br/default/lootset_cache_spawns.csv,,#Zone,0
zone,jup_tile_b_reactor1,mp/loot/br/default/lootset_global.csv,mp/loot/br/default/lootset_cache_spawns.csv,,#Zone,0
zone,jup_tile_b_reactor2,mp/loot/br/default/lootset_global.csv,mp/loot/br/default/lootset_cache_spawns.csv,,#Zone,0
zone,jup_tile_b_scrapyard,mp/loot/br/default/lootset_global.csv,mp/loot/br/default/lootset_cache_spawns.csv,,#Zone,0
zone,jup_tile_b_spraypools,mp/loot/br/default/lootset_global.csv,mp/loot/br/default/lootset_cache_spawns.csv,,#Zone,0
zone,jup_tile_b_station,mp/loot/br/default/lootset_global.csv,mp/loot/br/default/lootset_cache_spawns.csv,,#Zone,0
zone,jup_tile_b_substation,mp/loot/br/default/lootset_global.csv,mp/loot/br/default/lootset_cache_spawns.csv,,#Zone,0
zone,jup_tile_c_all,mp/loot/br/default/lootset_global.csv,mp/loot/br/default/lootset_cache_spawns.csv,,#Zone,0
zone,jup_tile_c_array,mp/loot/br/default/lootset_global.csv,mp/loot/br/default/lootset_cache_spawns.csv,,#Zone,0
zone,jup_tile_c_milbase,mp/loot/br/default/lootset_global.csv,mp/loot/br/default/lootset_cache_spawns.csv,,#Zone,0
zone,jup_tile_c_relic,mp/loot/br/default/lootset_global.csv,mp/loot/br/default/lootset_cache_spawns.csv,,#Zone,0
zone,jup_tile_c_silo,mp/loot/br/default/lootset_global.csv,mp/loot/br/default/lootset_cache_spawns.csv,,#Zone,0
zone,jup_tile_c_subpen,mp/loot/br/default/lootset_global.csv,mp/loot/br/default/lootset_cache_spawns.csv,,#Zone,0
zone,jup_tile_d_all,mp/loot/br/default/lootset_global.csv,mp/loot/br/default/lootset_cache_spawns.csv,,#Zone,0
zone,jup_tile_d_bridges,mp/loot/br/default/lootset_global.csv,mp/loot/br/default/lootset_cache_spawns.csv,,#Zone,0
zone,jup_tile_d_cargo_north,mp/loot/br/default/lootset_global.csv,mp/loot/br/default/lootset_cache_spawns.csv,,#Zone,0
zone,jup_tile_d_cargo_south,mp/loot/br/default/lootset_global.csv,mp/loot/br/default/lootset_cache_spawns.csv,,#Zone,0
zone,jup_tile_d_condos,mp/loot/br/default/lootset_global.csv,mp/loot/br/default/lootset_cache_spawns.csv,,#Zone,0
zone,jup_tile_d_hotel,mp/loot/br/default/lootset_global.csv,mp/loot/br/default/lootset_cache_spawns.csv,,#Zone,0
zone,jup_tile_d_marina,mp/loot/br/default/lootset_global.csv,mp/loot/br/default/lootset_cache_spawns.csv,,#Zone,0
zone,jup_tile_d_ridge,mp/loot/br/default/lootset_global.csv,mp/loot/br/default/lootset_cache_spawns.csv,,#Zone,0
zone,jup_tile_d_riverside_north,mp/loot/br/default/lootset_global.csv,mp/loot/br/default/lootset_cache_spawns.csv,,#Zone,0
zone,jup_tile_d_riverside_south,mp/loot/br/default/lootset_global.csv,mp/loot/br/default/lootset_cache_spawns.csv,,#Zone,0
zone,jup_tile_e_all,mp/loot/br/default/lootset_global.csv,mp/loot/br/default/lootset_cache_spawns.csv,,#Zone,0
zone,jup_tile_e_bathhouse,mp/loot/br/default/lootset_global.csv,mp/loot/br/default/lootset_cache_spawns.csv,,#Zone,0
zone,jup_tile_e_lowtown_01,mp/loot/br/default/lootset_global.csv,mp/loot/br/default/lootset_cache_spawns.csv,,#Zone,0
zone,jup_tile_e_oldtown,mp/loot/br/default/lootset_global.csv,mp/loot/br/default/lootset_cache_spawns.csv,,#Zone,0
zone,jup_tile_e_palace,mp/loot/br/default/lootset_global.csv,mp/loot/br/default/lootset_cache_spawns.csv,,#Zone,0
zone,jup_tile_e_ruins,mp/loot/br/default/lootset_global.csv,mp/loot/br/default/lootset_cache_spawns.csv,,#Zone,0
zone,jup_tile_e_seatown,mp/loot/br/default/lootset_global.csv,mp/loot/br/default/lootset_cache_spawns.csv,,#Zone,0
zone,jup_tile_f_abandoned,mp/loot/br/default/lootset_global.csv,mp/loot/br/default/lootset_cache_spawns.csv,,#Zone,0
zone,jup_tile_f_all,mp/loot/br/default/lootset_global.csv,mp/loot/br/default/lootset_cache_spawns.csv,,#Zone,0
zone,jup_tile_f_farms_north,mp/loot/br/default/lootset_global.csv,mp/loot/br/default/lootset_cache_spawns.csv,,#Zone,0
zone,jup_tile_f_farms_south,mp/loot/br/default/lootset_global.csv,mp/loot/br/default/lootset_cache_spawns.csv,,#Zone,0
zone,jup_tile_f_lowtown_02,mp/loot/br/default/lootset_global.csv,mp/loot/br/default/lootset_cache_spawns.csv,,#Zone,0
zone,jup_tile_f_market,mp/loot/br/default/lootset_global.csv,mp/loot/br/default/lootset_cache_spawns.csv,,#Zone,0
zone,jup_tile_f_power_station,mp/loot/br/default/lootset_global.csv,mp/loot/br/default/lootset_cache_spawns.csv,,#Zone,0
zone,jup_tile_f_river,mp/loot/br/default/lootset_global.csv,mp/loot/br/default/lootset_cache_spawns.csv,,#Zone,0
zone,jup_tile_f_village_north,mp/loot/br/default/lootset_global.csv,mp/loot/br/default/lootset_cache_spawns.csv,,#Zone,0
zone,jup_tile_f_village_south,mp/loot/br/default/lootset_global.csv,mp/loot/br/default/lootset_cache_spawns.csv,,#Zone,0
zone,jup_tile_g_all,mp/loot/br/default/lootset_global.csv,mp/loot/br/default/lootset_cache_spawns.csv,,#Zone,0
zone,jup_tile_g_block_01,mp/loot/br/default/lootset_global.csv,mp/loot/br/default/lootset_cache_spawns.csv,,#Zone,0
zone,jup_tile_g_government,mp/loot/br/default/lootset_global.csv,mp/loot/br/default/lootset_cache_spawns.csv,,#Zone,0
zone,jup_tile_g_museum,mp/loot/br/default/lootset_global.csv,mp/loot/br/default/lootset_cache_spawns.csv,,#Zone,0
zone,jup_tile_g_northside,mp/loot/br/default/lootset_global.csv,mp/loot/br/default/lootset_cache_spawns.csv,,#Zone,0
zone,jup_tile_g_railside,mp/loot/br/default/lootset_global.csv,mp/loot/br/default/lootset_cache_spawns.csv,,#Zone,0
zone,jup_tile_g_retail,mp/loot/br/default/lootset_global.csv,mp/loot/br/default/lootset_cache_spawns.csv,,#Zone,0
zone,jup_tile_g_roundabout,mp/loot/br/default/lootset_global.csv,mp/loot/br/default/lootset_cache_spawns.csv,,#Zone,0
zone,jup_tile_g_seaside,mp/loot/br/default/lootset_global.csv,mp/loot/br/default/lootset_cache_spawns.csv,,#Zone,0
zone,jup_tile_g_university,mp/loot/br/default/lootset_global.csv,mp/loot/br/default/lootset_cache_spawns.csv,,#Zone,0
zone,jup_tile_g_workzone,mp/loot/br/default/lootset_global.csv,mp/loot/br/default/lootset_cache_spawns.csv,,#Zone,0
zone,jup_tile_h_all,mp/loot/br/default/lootset_global.csv,mp/loot/br/default/lootset_cache_spawns.csv,,#Zone,0
zone,jup_tile_h_block_05,mp/loot/br/default/lootset_global.csv,mp/loot/br/default/lootset_cache_spawns.csv,,#Zone,0
zone,jup_tile_h_block_09,mp/loot/br/default/lootset_global.csv,mp/loot/br/default/lootset_cache_spawns.csv,,#Zone,0
zone,jup_tile_h_block_11,mp/loot/br/default/lootset_global.csv,mp/loot/br/default/lootset_cache_spawns.csv,,#Zone,0
zone,jup_tile_h_construction,mp/loot/br/default/lootset_global.csv,mp/loot/br/default/lootset_cache_spawns.csv,,#Zone,0
zone,jup_tile_h_estate,mp/loot/br/default/lootset_global.csv,mp/loot/br/default/lootset_cache_spawns.csv,,#Zone,0
zone,jup_tile_h_hilltop,mp/loot/br/default/lootset_global.csv,mp/loot/br/default/lootset_cache_spawns.csv,,#Zone,0
zone,jup_tile_h_hotel,mp/loot/br/default/lootset_global.csv,mp/loot/br/default/lootset_cache_spawns.csv,,#Zone,0
zone,jup_tile_h_opera,mp/loot/br/default/lootset_global.csv,mp/loot/br/default/lootset_cache_spawns.csv,,#Zone,0
zone,jup_tile_h_rec_center,mp/loot/br/default/lootset_global.csv,mp/loot/br/default/lootset_cache_spawns.csv,,#Zone,0
zone,jup_tile_h_souk,mp/loot/br/default/lootset_global.csv,mp/loot/br/default/lootset_cache_spawns.csv,,#Zone,0
zone,jup_tile_h_waterway,mp/loot/br/default/lootset_global.csv,mp/loot/br/default/lootset_cache_spawns.csv,,#Zone,0
zone,jup_tile_i_all,mp/loot/br/default/lootset_global.csv,mp/loot/br/default/lootset_cache_spawns.csv,,#Zone,0
zone,jup_tile_i_gate,mp/loot/br/default/lootset_global.csv,mp/loot/br/default/lootset_cache_spawns.csv,,#Zone,0
zone,jup_tile_i_guest_house,mp/loot/br/default/lootset_global.csv,mp/loot/br/default/lootset_cache_spawns.csv,,#Zone,0
zone,jup_tile_i_helipad,mp/loot/br/default/lootset_global.csv,mp/loot/br/default/lootset_cache_spawns.csv,,#Zone,0
zone,jup_tile_i_island,mp/loot/br/default/lootset_global.csv,mp/loot/br/default/lootset_cache_spawns.csv,,#Zone,0
zone,jup_tile_i_lake,mp/loot/br/default/lootset_global.csv,mp/loot/br/default/lootset_cache_spawns.csv,,#Zone,0
zone,jup_tile_i_manor,mp/loot/br/default/lootset_global.csv,mp/loot/br/default/lootset_cache_spawns.csv,,#Zone,0
zone,jup_tile_i_ranch,mp/loot/br/default/lootset_global.csv,mp/loot/br/default/lootset_cache_spawns.csv,,#Zone,0
zone,jup_tile_i_river,mp/loot/br/default/lootset_global.csv,mp/loot/br/default/lootset_cache_spawns.csv,,#Zone,0
zone,jup_tile_i_training_camp,mp/loot/br/default/lootset_global.csv,mp/loot/br/default/lootset_cache_spawns.csv,,#Zone,0
zone,killhouse_warehouse_01,mp/loot/br/default/lootset_global.csv,mp/loot/br/default/lootset_cache_spawns.csv,,#Zone,0
zone,milbase_barracks_3s_01,mp/loot/br/default/lootset_global.csv,mp/loot/br/default/lootset_cache_spawns.csv,,#Zone,0
zone,milbase_barracks_3s_01b,mp/loot/br/default/lootset_global.csv,mp/loot/br/default/lootset_cache_spawns.csv,,#Zone,0
zone,milbase_crane_01,mp/loot/br/default/lootset_global.csv,mp/loot/br/default/lootset_cache_spawns.csv,,#Zone,0
zone,milbase_motorpool_garage_01,mp/loot/br/default/lootset_global.csv,mp/loot/br/default/lootset_cache_spawns.csv,,#Zone,0
zone,milbase_office_1s_01,mp/loot/br/default/lootset_global.csv,mp/loot/br/default/lootset_cache_spawns.csv,,#Zone,0
zone,milbase_office_2s_02,mp/loot/br/default/lootset_global.csv,mp/loot/br/default/lootset_cache_spawns.csv,,#Zone,0
zone,milbase_pmc_containertruck_01,mp/loot/br/default/lootset_global.csv,mp/loot/br/default/lootset_cache_spawns.csv,,#Zone,0
zone,milbase_pmc_tent_01,mp/loot/br/default/lootset_global.csv,mp/loot/br/default/lootset_cache_spawns.csv,,#Zone,0
zone,milbase_pmc_tent_01b,mp/loot/br/default/lootset_global.csv,mp/loot/br/default/lootset_cache_spawns.csv,,#Zone,0
zone,milbase_rail_depot_01,mp/loot/br/default/lootset_global.csv,mp/loot/br/default/lootset_cache_spawns.csv,,#Zone,0
zone,milbase_rail_station_3s_01,mp/loot/br/default/lootset_global.csv,mp/loot/br/default/lootset_cache_spawns.csv,,#Zone,0
zone,milbase_underground_hangar_01,mp/loot/br/default/lootset_global.csv,mp/loot/br/default/lootset_cache_spawns.csv,,#Zone,0
zone,milbase_watchtower_01,mp/loot/br/default/lootset_global.csv,mp/loot/br/default/lootset_cache_spawns.csv,,#Zone,0
zone,monastery_belltower_01,mp/loot/br/default/lootset_global.csv,mp/loot/br/default/lootset_cache_spawns.csv,,#Zone,0
zone,monastery_coutyard_01,mp/loot/br/default/lootset_global.csv,mp/loot/br/default/lootset_cache_spawns.csv,,#Zone,0
zone,monastery_mainbuilding_3s_01,mp/loot/br/default/lootset_global.csv,mp/loot/br/default/lootset_cache_spawns.csv,,#Zone,0
zone,old_town_10,mp/loot/br/default/lootset_global.csv,mp/loot/br/default/lootset_cache_spawns.csv,,#Zone,0
zone,outpost_helipad_01,mp/loot/br/default/lootset_global.csv,mp/loot/br/default/lootset_cache_spawns.csv,,#Zone,0
zone,pmc_container_bldg_1s_01,mp/loot/br/default/lootset_global.csv,mp/loot/br/default/lootset_cache_spawns.csv,,#Zone,0
zone,saba_industrial,mp/loot/br/default/lootset_global.csv,mp/loot/br/default/lootset_cache_spawns.csv,,#Zone,0
zone,subbase_office_01,mp/loot/br/default/lootset_global.csv,mp/loot/br/default/lootset_cache_spawns.csv,,#Zone,0
zone,subbase_outbuilding_01,mp/loot/br/default/lootset_global.csv,mp/loot/br/default/lootset_cache_spawns.csv,,#Zone,0
zone,subbase_outbuilding_01b,mp/loot/br/default/lootset_global.csv,mp/loot/br/default/lootset_cache_spawns.csv,,#Zone,0
zone,subbase_warehouse_01,mp/loot/br/default/lootset_global.csv,mp/loot/br/default/lootset_cache_spawns.csv,,#Zone,0
zone,subbase_warehouse_02,mp/loot/br/default/lootset_global.csv,mp/loot/br/default/lootset_cache_spawns.csv,,#Zone,0
zone,up_tile_b_maintenance,mp/loot/br/default/lootset_global.csv,mp/loot/br/default/lootset_cache_spawns.csv,,#Zone,0
zone,tier2_autobody_shop_01,mp/loot/br/default/locations/lootset_autobody_shop.csv,mp/loot/br/default/lootset_cache_spawns.csv,,#Zone_location,0
zone,tier2_bank_01,mp/loot/br/default/locations/lootset_bank.csv,mp/loot/br/default/lootset_cache_spawns.csv,,#Zone_location,0
zone,tier2_bank_02,mp/loot/br/default/locations/lootset_bank.csv,mp/loot/br/default/lootset_cache_spawns.csv,,#Zone_location,0
zone,tier2_car_dealership_01,mp/loot/br/default/locations/lootset_car_dealership.csv,mp/loot/br/default/lootset_cache_spawns.csv,,#Zone_location,0
zone,tier2_car_dealership_02,mp/loot/br/default/locations/lootset_car_dealership.csv,mp/loot/br/default/lootset_cache_spawns.csv,,#Zone_location,0
zone,tier2_clinic_01,mp/loot/br/default/locations/lootset_pharmacy.csv,mp/loot/br/default/lootset_cache_spawns.csv,,#Zone_location,0
zone,tier2_fire_station_01,mp/loot/br/default/locations/lootset_fire_station.csv,mp/loot/br/default/lootset_cache_spawns.csv,,#Zone_location,0
zone,tier2_fire_station_01_a,mp/loot/br/default/locations/lootset_fire_station.csv,mp/loot/br/default/lootset_cache_spawns.csv,,#Zone_location,0
zone,tier2_gas_station_03,mp/loot/br/default/locations/lootset_gas_station.csv,mp/loot/br/default/lootset_cache_spawns.csv,,#Zone_location,0
zone,tier2_gas_station_05,mp/loot/br/default/locations/lootset_gas_station.csv,mp/loot/br/default/lootset_cache_spawns.csv,,#Zone_location,0
zone,tier2_gas_station_06,mp/loot/br/default/locations/lootset_gas_station.csv,mp/loot/br/default/lootset_cache_spawns.csv,,#Zone_location,0
zone,tier2_pharmacy_01,mp/loot/br/default/locations/lootset_pharmacy.csv,mp/loot/br/default/lootset_cache_spawns.csv,,#Zone_location,0
zone,tier2_pharmacy_01b,mp/loot/br/default/locations/lootset_pharmacy.csv,mp/loot/br/default/lootset_cache_spawns.csv,,#Zone_location,0
zone,jup_lootable_ambulance,mp/loot/br/default/locations/lootset_pharmacy.csv,mp/loot/br/default/lootset_cache_spawns.csv,,#Zone_location,0
zone,tier2_police_station_01,mp/loot/br/default/locations/lootset_police_station.csv,mp/loot/br/default/lootset_cache_spawns.csv,,#Zone_location,0
zone,tier2_police_station_01_b,mp/loot/br/default/locations/lootset_police_station.csv,mp/loot/br/default/lootset_cache_spawns.csv,,#Zone_location,0
zone,tier2_restaurant_01,mp/loot/br/default/locations/lootset_restaurant.csv,mp/loot/br/default/lootset_cache_spawns.csv,,#Zone_location,0
zone,tier2_restaurant_01_a,mp/loot/br/default/locations/lootset_restaurant.csv,mp/loot/br/default/lootset_cache_spawns.csv,,#Zone_location,0
zone,tier2_station_house_01,mp/loot/br/default/locations/lootset_station_house.csv,mp/loot/br/default/lootset_cache_spawns.csv,,#Zone_location,0
zone,tier2_station_house_01_a,mp/loot/br/default/locations/lootset_station_house.csv,mp/loot/br/default/lootset_cache_spawns.csv,,#Zone_location,0
zone,base_hotzone_01,mp/loot/br/default/lootset_global.csv,mp/loot/br/default/lootset_cache_spawns.csv,,#Zone,0
zone,base_hotzone_02,mp/loot/br/default/lootset_global.csv,mp/loot/br/default/lootset_cache_spawns.csv,,#Zone,0
zone,base_hotzone_03,mp/loot/br/default/lootset_global.csv,mp/loot/br/default/lootset_cache_spawns.csv,,#Zone,0
zone,base_hotzone_04,mp/loot/br/default/lootset_global.csv,mp/loot/br/default/lootset_cache_spawns.csv,,#Zone,0
zone,base_hotzone_05,mp/loot/br/default/lootset_global.csv,mp/loot/br/default/lootset_cache_spawns.csv,,#Zone,0
zone,base_hotzone_06,mp/loot/br/default/lootset_global.csv,mp/loot/br/default/lootset_cache_spawns.csv,,#Zone,0
zone,base_hotzone_07,mp/loot/br/default/lootset_global.csv,mp/loot/br/default/lootset_cache_spawns.csv,,#Zone,0
zone,industrial_hotzone_01,mp/loot/br/default/lootset_global.csv,mp/loot/br/default/lootset_cache_spawns.csv,,#Zone,0
zone,industrial_hotzone_02,mp/loot/br/default/lootset_global.csv,mp/loot/br/default/lootset_cache_spawns.csv,,#Zone,0
zone,industrial_hotzone_03,mp/loot/br/default/lootset_global.csv,mp/loot/br/default/lootset_cache_spawns.csv,,#Zone,0
zone,industrial_hotzone_04,mp/loot/br/default/lootset_global.csv,mp/loot/br/default/lootset_cache_spawns.csv,,#Zone,0
zone,industrial_hotzone_05,mp/loot/br/default/lootset_global.csv,mp/loot/br/default/lootset_cache_spawns.csv,,#Zone,0
zone,industrial_hotzone_06,mp/loot/br/default/lootset_global.csv,mp/loot/br/default/lootset_cache_spawns.csv,,#Zone,0
zone,industrial_hotzone_07,mp/loot/br/default/lootset_global.csv,mp/loot/br/default/lootset_cache_spawns.csv,,#Zone,0
zone,resort_hotzone_01,mp/loot/br/default/lootset_global.csv,mp/loot/br/default/lootset_cache_spawns.csv,,#Zone,0
zone,resort_hotzone_02,mp/loot/br/default/lootset_global.csv,mp/loot/br/default/lootset_cache_spawns.csv,,#Zone,0
zone,resort_hotzone_03,mp/loot/br/default/lootset_global.csv,mp/loot/br/default/lootset_cache_spawns.csv,,#Zone,0
zone,resort_hotzone_04,mp/loot/br/default/lootset_global.csv,mp/loot/br/default/lootset_cache_spawns.csv,,#Zone,0
zone,resort_hotzone_05,mp/loot/br/default/lootset_global.csv,mp/loot/br/default/lootset_cache_spawns.csv,,#Zone,0
zone,resort_hotzone_06,mp/loot/br/default/lootset_global.csv,mp/loot/br/default/lootset_cache_spawns.csv,,#Zone,0
zone,resort_hotzone_07,mp/loot/br/default/lootset_global.csv,mp/loot/br/default/lootset_cache_spawns.csv,,#Zone,0
zone,resort_hotzone_08,mp/loot/br/default/lootset_global.csv,mp/loot/br/default/lootset_cache_spawns.csv,,#Zone,0
zone,resort_hotzone_09,mp/loot/br/default/lootset_global.csv,mp/loot/br/default/lootset_cache_spawns.csv,,#Zone,0
zone,resort_hotzone_10,mp/loot/br/default/lootset_global.csv,mp/loot/br/default/lootset_cache_spawns.csv,,#Zone,0
zone,resort_hotzone_11,mp/loot/br/default/lootset_global.csv,mp/loot/br/default/lootset_cache_spawns.csv,,#Zone,0
zone,resort_hotzone_12,mp/loot/br/default/lootset_global.csv,mp/loot/br/default/lootset_cache_spawns.csv,,#Zone,0
zone,resort_hotzone_13,mp/loot/br/default/lootset_global.csv,mp/loot/br/default/lootset_cache_spawns.csv,,#Zone,0
zone,resort_hotzone_15,mp/loot/br/default/lootset_global.csv,mp/loot/br/default/lootset_cache_spawns.csv,,#Zone,0
zone,resort_hotzone_16,mp/loot/br/default/lootset_global.csv,mp/loot/br/default/lootset_cache_spawns.csv,,#Zone,0
zone,resort_hotzone_17,mp/loot/br/default/lootset_global.csv,mp/loot/br/default/lootset_cache_spawns.csv,,#Zone,0
zone,resort_hotzone_18,mp/loot/br/default/lootset_global.csv,mp/loot/br/default/lootset_cache_spawns.csv,,#Zone,0
zone,resort_hotzone_19,mp/loot/br/default/lootset_global.csv,mp/loot/br/default/lootset_cache_spawns.csv,,#Zone,0
zone,resort_hotzone_20,mp/loot/br/default/lootset_global.csv,mp/loot/br/default/lootset_cache_spawns.csv,,#Zone,0
zone,resort_hotzone_21,mp/loot/br/default/lootset_global.csv,mp/loot/br/default/lootset_cache_spawns.csv,,#Zone,0
zone,resort_hotzone_22,mp/loot/br/default/lootset_global.csv,mp/loot/br/default/lootset_cache_spawns.csv,,#Zone,0
zone,resort_hotzone_23,mp/loot/br/default/lootset_global.csv,mp/loot/br/default/lootset_cache_spawns.csv,,#Zone,0
zone,resort_hotzone_24,mp/loot/br/default/lootset_global.csv,mp/loot/br/default/lootset_cache_spawns.csv,,#Zone,0
zone,jup_tile_b_underwater_01,mp/loot/br/default/lootset_empty.csv,mp/loot/br/default/lootset_cache_spawns_underwater.csv,,#Zone,0
zone,jup_tile_d_underwater,mp/loot/br/default/lootset_empty.csv,mp/loot/br/default/lootset_cache_spawns_underwater.csv,,#Zone,0
zone,jup_tile_e_underwater_01,mp/loot/br/default/lootset_empty.csv,mp/loot/br/default/lootset_cache_spawns_underwater.csv,,#Zone,0
zone,jup_tile_e_underwater_02,mp/loot/br/default/lootset_empty.csv,mp/loot/br/default/lootset_cache_spawns_underwater.csv,,#Zone,0
zone,jup_tile_e_underwater_03,mp/loot/br/default/lootset_empty.csv,mp/loot/br/default/lootset_cache_spawns_underwater.csv,,#Zone,0
itemCache,br_loot_cache,mp/loot/br/default/lootset_cache_base.csv,,,50,0
itemCache,br_loot_cache_underwater,mp/loot/br/default/lootset_cache_underwater.csv,,,50,0
itemCache,br_loot_cache_lege,mp/loot/br/default/lootset_cache_lege.csv,,,50,0
itemCache,br_reusable_loot_cache,mp/loot/br/default/lootset_cache_reusable.csv,,,100,0
itemCache,br_loot_cache_stronghold,mp/loot/br/default/strongholds/lootset_cache_stronghold.csv,,,20,0
itemCache,br_loot_cache_blacksite,mp/loot/br/default/strongholds/lootset_cache_blacksite.csv,,,20,0
itemCache,brloot_scavenger_laptop,mp/loot/br/default/contracts/lootset_contract_scav1.csv,mp/loot/br/default/contracts/lootset_contract_scav2.csv,mp/loot/br/default/contracts/lootset_contract_scav3.csv,20,0
itemCache,brloot_safecracker_laptop,mp/loot/br/default/contracts/lootset_contract_safe1.csv,,,20,0
itemCache,br_loot_cache_personal_supply,mp/loot/br/default/lootset_cache_base.csv,,,10,0
itemCache,cache_medicine_cabinet,mp/loot/br/default/containers/lootset_cache_medicine_cabinet.csv,,,25,0
itemCache,cache_cash_register,mp/loot/br/default/containers/lootset_cache_cash_register.csv,,,25,0
itemCache,cache_medical_box_wall,mp/loot/br/default/containers/lootset_cache_medical_box_wall.csv,,,25,0
itemCache,dmz_hidden_container_common,mp/loot/br/default/containers/lootset_cache_hidden_container.csv,,,25,0
itemCache,cache_duffel_bag_01,mp/loot/br/default/containers/lootset_cache_duffel_bag.csv,,,25,0
itemCache,cache_duffel_bag_02,mp/loot/br/default/containers/lootset_cache_duffel_bag.csv,,,25,0
itemCache,cache_weapon_locker,mp/loot/br/default/containers/lootset_cache_weapon_locker.csv,,,25,0
scriptCache,agent_milestone_kills3,mp/loot/br/default/modes/lootset_agent_milestone_kills3.csv,10,,,0
scriptCache,agent_milestone_kills2,mp/loot/br/default/modes/lootset_agent_milestone_kills2.csv,10,,,0
scriptCache,agent_milestone_kills1,mp/loot/br/default/modes/lootset_agent_milestone_kills1.csv,10,,,0
scriptCache,br_quest_safe,mp/loot/br/default/contracts/lootset_contract_safe1.csv,21,,,0
scriptCache,br_train_safe,mp/loot/br/default/lootset_cache_lege.csv,50,,,0
scriptCache,br_elite_chopper_crate,mp/loot/br/default/lootset_cache_lege.csv,10,,,0
scriptCache,br_quest_scav_one,mp/loot/br/default/contracts/lootset_contract_scav1.csv,21,,,0
scriptCache,br_quest_scav_two,mp/loot/br/default/contracts/lootset_contract_scav2.csv,21,,,0
scriptCache,br_quest_scav_three,mp/loot/br/default/contracts/lootset_contract_scav3.csv,21,,,0
scriptCache,br_quest_vip_crate,mp/loot/br/default/contracts/lootset_contract_vipCrate.csv,21,,,0
scriptCache,blacksite_boss_backpack,mp/loot/br/default/strongholds/lootset_blacksite_boss_backpack.csv,25,,,0
scriptCache,bomb_defuse_reward,mp/loot/br/default/strongholds/lootset_stronghold_bomb_defuse_reward.csv,25,,,0
scriptCache,br_intel_drop,mp/loot/br/default/contracts/lootset_contract_intel.csv,21,,,0
scriptCache,sc_gulag_event_cash_overflow,mp/loot/br/default/gulag/lootset_gulag_event_cash_overflow.csv,5,,,0
scriptCache,pe_crate_drop,mp/loot/br/default/public_events/lootset_cache_pe_crate_drop.csv,25,,,0
scriptCache,festive_fervor_ultra_crate,mp/loot/br/default/containers/lootset_cache_dth.csv,10,,,0
scriptCache,festive_fervor_lege_crate,mp/loot/br/default/lootset_cache_lege.csv,25,,,0
scriptCache,festive_fervor_base_crate,mp/loot/br/default/lootset_cache_base.csv,50,,,0
scriptCache,br_present,mp/loot/br/default/containers/lootset_cache_present.csv,20,,,0
scriptCache,br_puzzle_loot_cache,mp/loot/br/default/strongholds/lootset_cache_stronghold.csv,20,,,0
scriptCache,festive_fervor_rudolf_crate,mp/loot/br/default/containers/lootset_cache_rudolf.csv,10,,,0
initialScriptableState,br_loot_cache,closed_usable,,,,0
initialScriptableState,br_loot_cache_underwater,closed_usable,,,,0
initialScriptableState,br_loot_cache_gulag,closed_usable,,,,0
initialScriptableState,br_loot_cache_lege,closed_usable,,,,0
initialScriptableState,br_reusable_loot_cache,closed_usable,,,,0
initialScriptableState,br_loot_cache_stronghold,closed_usable,,,,0
initialScriptableState,br_loot_cache_blacksite,closed_usable,,,,0
initialScriptableState,cache_base,closed_usable,,,,0
initialScriptableState,cache_cash_register,closed_usable,,,,0
initialScriptableState,cache_duffel_bag_01,closed_usable,,,,0
initialScriptableState,cache_duffel_bag_02,closed_usable,,,,0
initialScriptableState,cache_medical_box_wall,closed_usable,,,,0
initialScriptableState,cache_medicine_cabinet,closed_usable,,,,0
initialScriptableState,cache_weapon_locker,closed_usable,,,,0
initialScriptableState,dmz_hidden_container_common,closed_usable,,,,0
initialScriptableState,br_loot_cache_personal_supply,closed_usable,,,,0
