iw9_ar_mike16,optic|mike16_optics,extra|mike16_extras,backpiece|mike16_backpieces,reargrip|mike16_reargrips,magazine|mike16_magazines,gunperk|mike16_gunperks,undermount|mike16_undermounts,muzzle|mike16_muzzles,frontpiece|mike16_frontpieces,,,
iw9_lm_foxtrot,optic|foxtrot_optics,extra|foxtrot_extras,backpiece|foxtrot_backpieces,reargrip|foxtrot_reargrips,magazine|foxtrot_magazines,gunperk|foxtrot_gunperks,undermount|foxtrot_undermounts,muzzle|foxtrot_muzzles,frontpiece|foxtrot_frontpieces,,,
iw9_br_msecho,optic|msecho_optics,extra|msecho_extras,backpiece|msecho_backpieces,reargrip|msecho_reargrips,magazine|msecho_magazines,gunperk|msecho_gunperks,undermount|msecho_undermounts,muzzle|msecho_muzzles,frontpiece|msecho_frontpieces,,,
iw9_sm_alpha57,optic|alpha57_optics,extra|alpha57_extras,backpiece|alpha57_backpieces,reargrip|alpha57_reargrips,gunperk|alpha57_gunperks,undermount|alpha57_undermounts,muzzle|alpha57_muzzles,frontpiece|alpha57_frontpieces,,,,
iw9_dm_pgolf1,optic|pgolf1_optics,extra|pgolf1_extras,backpiece|pgolf1_backpieces,reargrip|pgolf1_reargrips,magazine|pgolf1_magazines,gunperk|pgolf1_gunperks,undermount|pgolf1_undermounts,muzzle|pgolf1_muzzles,frontpiece|pgolf1_frontpieces,,,
iw9_lm_kilo21,optic|kilo21_optics,extra|kilo21_extras,backpiece|kilo21_backpieces,reargrip|kilo21_reargrips,magazine|kilo21_magazines,gunperk|kilo21_gunperks,undermount|kilo21_undermounts,muzzle|kilo21_muzzles,frontpiece|kilo21_frontpieces,,,
iw9_ar_kilo53,optic|kilo53_optics,extra|kilo53_extras,backpiece|kilo53_backpieces,reargrip|kilo53_reargrips,magazine|kilo53_magazines,gunperk|kilo53_gunperks,undermount|kilo53_undermounts,muzzle|kilo53_muzzles,frontpiece|kilo53_frontpieces,,,
iw9_sm_mpapa5,optic|mpapa5_optics,extra|mpapa5_extras,backpiece|mpapa5_backpieces,reargrip|mpapa5_reargrips,magazine|mpapa5_magazines,gunperk|mpapa5_gunperks,undermount|mpapa5_undermounts,muzzle|mpapa5_muzzles,frontpiece|mpapa5_frontpieces,,,
iw9_ar_golf3,optic|golf3_optics,extra|golf3_extras,backpiece|golf3_backpieces,reargrip|golf3_reargrips,magazine|golf3_magazines,gunperk|golf3_gunperks,undermount|golf3_undermounts,muzzle|golf3_muzzles,frontpiece|golf3_frontpieces,,,
iw9_ar_mike4,optic|mike4_optics,extra|mike4_extras,backpiece|mike4_backpieces,reargrip|mike4_reargrips,magazine|mike4_magazines,gunperk|mike4_gunperks,undermount|mike4_undermounts,muzzle|mike4_muzzles,frontpiece|mike4_frontpieces,,,
iw9_ar_augolf,optic|augolf_optics,extra|augolf_extras,backpiece|augolf_backpieces,reargrip|augolf_reargrips,magazine|augolf_magazines,gunperk|augolf_gunperks,undermount|augolf_undermounts,muzzle|augolf_muzzles,frontpiece|augolf_frontpieces,comb|augolf_combs,,
iw9_sm_apapa,optic|apapa_optics,extra|apapa_extras,backpiece|apapa_backpieces,reargrip|apapa_reargrips,magazine|apapa_magazines,gunperk|apapa_gunperks,muzzle|apapa_muzzles,frontpiece|apapa_frontpieces,comb|apapa_combs,,,
iw9_lm_ahotel,optic|ahotel_optics,extra|ahotel_extras,backpiece|ahotel_backpieces,reargrip|ahotel_reargrips,magazine|ahotel_magazines,gunperk|ahotel_gunperks,undermount|ahotel_undermounts,muzzle|ahotel_muzzles,frontpiece|ahotel_frontpieces,comb|ahotel_combs,,
iw9_ar_akilo,optic|akilo_optics,extra|akilo_extras,backpiece|akilo_backpieces,reargrip|akilo_reargrips,magazine|akilo_magazines,gunperk|akilo_gunperks,undermount|akilo_undermounts,muzzle|akilo_muzzles,frontpiece|akilo_frontpieces,,,
iw9_ar_akilo105,optic|akilo105_optics,extra|akilo105_extras,backpiece|akilo105_backpieces,reargrip|akilo105_reargrips,magazine|akilo105_magazines,gunperk|akilo105_gunperks,undermount|akilo105_undermounts,muzzle|akilo105_muzzles,frontpiece|akilo105_frontpieces,,,
iw9_ar_akilo74,optic|akilo74_optics,extra|akilo74_extras,backpiece|akilo74_backpieces,reargrip|akilo74_reargrips,magazine|akilo74_magazines,gunperk|akilo74_gunperks,undermount|akilo74_undermounts,muzzle|akilo74_muzzles,frontpiece|akilo74_frontpieces,,,
iw9_sm_aviktor,optic|aviktor_optics,extra|aviktor_extras,backpiece|aviktor_backpieces,reargrip|aviktor_reargrips,magazine|aviktor_magazines,gunperk|aviktor_gunperks,undermount|aviktor_undermounts,muzzle|aviktor_muzzles,frontpiece|aviktor_frontpieces,,,
iw9_sm_beta,optic|beta_optics,extra|beta_extras,backpiece|beta_backpieces,reargrip|beta_reargrips,magazine|beta_magazines,gunperk|beta_gunperks,undermount|beta_undermounts,muzzle|beta_muzzles,frontpiece|beta_frontpieces,,,
iw9_lm_rkilo,optic|rkilo_optics,extra|rkilo_extras,backpiece|rkilo_backpieces,reargrip|rkilo_reargrips,magazine|rkilo_magazines,gunperk|rkilo_gunperks,undermount|rkilo_undermounts,muzzle|rkilo_muzzles,frontpiece|rkilo_frontpieces,,,
iw9_ar_scharlie,optic|scharlie_optics,extra|scharlie_extras,backpiece|scharlie_backpieces,reargrip|scharlie_reargrips,magazine|scharlie_magazines,gunperk|scharlie_gunperks,undermount|scharlie_undermounts,muzzle|scharlie_muzzles,frontpiece|scharlie_frontpieces,,,
iw9_ar_schotel,optic|schotel_optics,extra|schotel_extras,backpiece|schotel_backpieces,reargrip|schotel_reargrips,magazine|schotel_magazines,gunperk|schotel_gunperks,undermount|schotel_undermounts,muzzle|schotel_muzzles,frontpiece|schotel_frontpieces,,,
iw9_dm_scromeo,optic|scromeo_optics,extra|scromeo_extras,backpiece|scromeo_backpieces,reargrip|scromeo_reargrips,magazine|scromeo_magazines,gunperk|scromeo_gunperks,undermount|scromeo_undermounts,muzzle|scromeo_muzzles,frontpiece|scromeo_frontpieces,,,
iw9_sm_papa90,optic|papa90_optics,extra|papa90_extras,backpiece|papa90_backpieces,reargrip|papa90_reargrips,rail|papa90_rails,gunperk|papa90_gunperks,undermount|papa90_undermounts,muzzle|papa90_muzzles,frontpiece|papa90_frontpieces,comb|papa90_combs,,
iw9_sm_mpapax,optic|mpapax_optics,extra|mpapax_extras,backpiece|mpapax_backpieces,reargrip|mpapax_reargrips,magazine|mpapax_magazines,gunperk|mpapax_gunperks,undermount|mpapax_undermounts,muzzle|mpapax_muzzles,frontpiece|mpapax_frontpieces,,,
iw9_ar_mcharlie,optic|mcharlie_optics,extra|mcharlie_extras,backpiece|mcharlie_backpieces,reargrip|mcharlie_reargrips,magazine|mcharlie_magazines,gunperk|mcharlie_gunperks,undermount|mcharlie_undermounts,muzzle|mcharlie_muzzles,frontpiece|mcharlie_frontpieces,,,
iw9_ar_mcbravo,optic|mcbravo_optics,extra|mcbravo_extras,backpiece|mcbravo_backpieces,reargrip|mcbravo_reargrips,magazine|mcbravo_magazines,gunperk|mcbravo_gunperks,undermount|mcbravo_undermounts,muzzle|mcbravo_muzzles,frontpiece|mcbravo_frontpieces,,,
iw9_sm_mpapa7,optic|mpapa7_optics,extra|mpapa7_extras,backpiece|mpapa7_backpieces,reargrip|mpapa7_reargrips,magazine|mpapa7_magazines,gunperk|mpapa7_gunperks,undermount|mpapa7_undermounts,muzzle|mpapa7_muzzles,frontpiece|mpapa7_frontpieces,,,
iw9_sm_victor,optic|victor_optics,extra|victor_extras,backpiece|victor_backpieces,reargrip|victor_reargrips,magazine|victor_magazines,gunperk|victor_gunperks,undermount|victor_undermounts,muzzle|victor_muzzles,frontpiece|victor_frontpieces,,,
iw9_sh_mike1014,optic|mike1014_optics,extra|mike1014_extras,backpiece|mike1014_backpieces,reargripthree|mike1014_reargrips,bolt|mike1014_bolts,gunperk|mike1014_gunperks,guard|mike1014_guards,muzzle|mike1014_muzzles,frontpiece|mike1014_frontpieces,comb|mike1014_combs,,
iw9_sh_mbravo,optic|mbravo_optics,extra|mbravo_extras,backpiece|mbravo_backpieces,guardtwo|mbravo_guards,magazine|mbravo_magazines,gunperk|mbravo_gunperks,undermount|mbravo_undermounts,muzzle|mbravo_muzzles,frontpiece|mbravo_frontpieces,,,
iw9_sh_mviktor,optic|mviktor_optics,extra|mviktor_extras,backpiece|mviktor_backpieces,guardtwo|mviktor_guards,magazine|mviktor_magazines,gunperk|mviktor_gunperks,undermount|mviktor_undermounts,muzzle|mviktor_muzzles,frontpiece|mviktor_frontpieces,,,
iw9_sh_charlie725,optic|charlie725_optics,extra|charlie725_extras,backpiece|charlie725_backpieces,guard|charlie725_guards,gunperk|charlie725_gunperks,undermount|charlie725_undermounts,muzzle|charlie725_muzzles,frontpiece|charlie725_frontpieces,,,,
iw9_lm_slima,optic|slima_optics,extra|slima_extras,backpiece|slima_backpieces,reargrip|slima_reargrips,magazine|slima_magazines,gunperk|slima_gunperks,undermount|slima_undermounts,muzzle|slima_muzzles,frontpiece|slima_frontpieces,,,
iw9_lm_ngolf7,optic|ngolf7_optics,extra|ngolf7_extras,backpiece|ngolf7_backpieces,reargrip|ngolf7_reargrips,magazine|ngolf7_magazines,gunperk|ngolf7_gunperks,undermount|ngolf7_undermounts,muzzle|ngolf7_muzzles,frontpiece|ngolf7_frontpieces,,,
iw9_dm_mike14,optic|mike14_optics,extra|mike14_extras,backpiece|mike14_backpieces,reargrip|mike14_reargrips,undermount|mike14_undermounts,gunperk|mike14_gunperks,magazine|mike14_magazines,muzzle|mike14_muzzles,frontpiece|mike14_frontpieces,comb|mike14_combs,,
iw9_br_soscar14,optic|soscar14_optics,extra|soscar14_extras,backpiece|soscar14_backpieces,reargrip|soscar14_reargrips,undermount|soscar14_undermounts,gunperk|soscar14_gunperks,magazine|soscar14_magazines,muzzle|soscar14_muzzles,frontpiece|soscar14_frontpieces,comb|soscar14_combs,,
iw9_dm_sbeta,optic|sbeta_optics,extra|sbeta_extras,backpiece|sbeta_backpieces,lever|sbeta_levers,undermount|sbeta_undermounts,gunperk|sbeta_gunperks,guard|sbeta_guards,muzzle|sbeta_muzzles,frontpiece|sbeta_frontpieces,comb|sbeta_combs,,
iw9_dm_mike24,optic|mike24_optics,extra|mike24_extras,backpiece|mike24_backpieces,boltaction|mike24_bolts,undermount|mike24_undermounts,gunperk|mike24_gunperks,magazine|mike24_magazines,muzzle|mike24_muzzles,frontpiece|mike24_frontpieces,comb|mike24_combs,,
iw9_dm_sa700,optic|sa700_optics,extra|sa700_extras,backpiece|sa700_backpieces,boltaction|sa700_bolts,undermount|sa700_undermounts,gunperk|sa700_gunperks,magazine|sa700_magazines,muzzle|sa700_muzzles,frontpiece|sa700_frontpieces,reargriptwo|sa700_reargrips,,
iw9_dm_la700,optic|la700_optics,extra|la700_extras,backpiece|la700_backpieces,boltaction|la700_bolts,undermount|la700_undermounts,gunperk|la700_gunperks,magazine|la700_magazines,muzzle|la700_muzzles,frontpiece|la700_frontpieces,comb|la700_combs,,
iw9_dm_xmike2010,optic|xmike2010_optics,backpiece|xmike2010_backpieces,boltaction|xmike2010_bolts,undermount|xmike2010_undermounts,gunperk|xmike2010_gunperks,magazine|xmike2010_magazines,muzzle|xmike2010_muzzles,frontpiece|xmike2010_frontpieces,reargriptwo|xmike2010_reargrips,,,
iw9_sn_mromeo,optic|mromeo_optics,extra|mromeo_extras,backpiece|mromeo_backpieces,boltaction|mromeo_bolts,undermount|mromeo_undermounts,gunperk|mromeo_gunperks,magazine|mromeo_magazines,muzzle|mromeo_muzzles,frontpiece|mromeo_frontpieces,reargriptwo|mromeo_reargrips,,
iw9_sn_limax,optic|limax_optics,extra|limax_extras,backpiece|limax_backpieces,undermount|limax_undermounts,gunperk|limax_gunperks,magazine|limax_magazines,muzzle|limax_muzzles,frontpiece|limax_frontpieces,reargrip|limax_reargrips,,,
iw9_sn_alpha50,optic|alpha50_optics,extra|alpha50_extras,backpiece|alpha50_backpieces,guardthree|alpha50_guards,undermount|alpha50_undermounts,gunperk|alpha50_gunperks,magazine|alpha50_magazines,muzzle|alpha50_muzzles,frontpiece|alpha50_frontpieces,reargrip|alpha50_reargrips,,
iw9_pi_golf17,optic|golf17_optics,extrapstl|golf17_extras,backpiece|golf17_backpieces,reargrip|golf17_reargrips,magazine|golf17_magazines,gunperk|golf17_gunperks,trigger|golf17_triggers,muzzle|golf17_muzzles,frontpiece|golf17_frontpieces,,,
iw9_pi_golf18,optic|golf18_optics,extrapstl|golf18_extras,backpiece|golf18_backpieces,reargrip|golf18_reargrips,magazine|golf18_magazines,gunperk|golf18_gunperks,undermount|golf18_undermounts,muzzle|golf18_muzzles,frontpiece|golf18_frontpieces,,,
iw9_pi_decho,optic|decho_optics,extrapstl|decho_extras,reargrip|decho_reargrips,magazine|decho_magazines,gunperk|decho_gunperks,trigger|decho_triggers,muzzle|decho_muzzles,frontpiece|decho_frontpieces,,,,
iw9_pi_papa220,optic|papa220_optics,extrapstl|papa220_extras,reargrip|papa220_reargrips,magazine|papa220_magazines,gunperk|papa220_gunperks,trigger|papa220_triggers,muzzle|papa220_muzzles,frontpiece|papa220_frontpieces,,,,
iw9_pi_swhiskey,optic|swhiskey_optics,extrapstl|swhiskey_extras,reargrip|swhiskey_reargrips,loader|swhiskey_levers,gunperk|swhiskey_gunperks,trigger|swhiskey_triggers,muzzle|swhiskey_muzzles,frontpiece|swhiskey_frontpieces,,,,
iw9_dm_crossbow,optic|crossbow_optics,backpiecetwo|crossbow_backpieces,bolts|crossbow_gunperks,undermount|crossbow_undermounts,arms|crossbow_frontpieces,extra|crossbow_extras,wires|crossbow_wires,,,,,
iw9_ar_acharlie300,optic|acharlie300_optics,extra|acharlie300_extras,backpiece|acharlie300_backpieces,reargrip|acharlie300_reargrips,magazine|acharlie300_magazines,gunperk|acharlie300_gunperks,undermount|acharlie300_undermounts,muzzle|acharlie300_muzzles,frontpiece|acharlie300_frontpieces,,,
iw9_sh_vecho,optic|vecho_optics,extra|vecho_extras,backpiece|vecho_backpieces,bolt|vecho_bolts,magazine|vecho_magazines,gunperk|vecho_gunperks,undermount|vecho_undermounts,muzzle|vecho_muzzles,frontpiece|vecho_frontpieces,reargrip|vecho_reargrips,,
iw9_dm_stango25,optic|stango25_optics,extra|stango25_extras,backpiece|stango25_backpieces,guardthree|stango25_guards,undermount|stango25_undermounts,gunperk|stango25_gunperks,magazine|stango25_magazines,muzzle|stango25_muzzles,frontpiece|stango25_frontpieces,reargrip|stango25_reargrips,,
iw9_br_ngsierra,optic|ngsierra_optics,extra|ngsierra_extras,backpiece|ngsierra_backpieces,reargrip|ngsierra_reargrips,magazine|ngsierra_magazines,gunperk|ngsierra_gunperks,undermount|ngsierra_undermounts,muzzle|ngsierra_muzzles,frontpiece|ngsierra_frontpieces,comb|ngsierra_combs,,
iw9_sn_india,optic|india_optics,extra|india_extras,backpiece|india_backpieces,bolt|india_bolts,carryhandle|india_carryhandles,gunperk|india_gunperks,magazine|india_magazines,muzzle|india_muzzles,frontpiece|india_frontpieces,reargrip|india_reargrips,,
iw9_pi_tango9,optic|tango9_optics,extrapstl|tango9_extras,reargrip|tango9_reargrips,undermount|tango9_undermounts,gunperk|tango9_gunperks,magazine|tango9_magazines,muzzle|tango9_muzzles,frontpiece|tango9_frontpieces,backpiece|tango9_backpieces,,,
iw9_pi_dechoauto,optic|dechoauto_optics,undermount|dechoauto_undermounts,reargrip|dechoauto_reargrips,magazine|dechoauto_magazines,gunperk|dechoauto_gunperks,trigger|dechoauto_triggers,muzzle|dechoauto_muzzles,frontpiece|dechoauto_frontpieces,,,,
iw9_ar_helima,optic|helima_optics,extra|helima_extras,backpiece|helima_backpieces,reargrip|helima_reargrips,magazine|helima_magazines,gunperk|helima_gunperks,undermount|helima_undermounts,muzzle|helima_muzzles,frontpiece|helima_frontpieces,comb|helima_combs,,
iw9_sm_acharlie45,optic|acharlie45_optics,extra|acharlie45_extras,backpiece|acharlie45_backpieces,reargrip|acharlie45_reargrips,magazine|acharlie45_magazines,gunperk|acharlie45_gunperks,undermount|acharlie45_undermounts,muzzle|acharlie45_muzzles,frontpiece|acharlie45_frontpieces,,,
iw9_sh_tsierra12,optic|tsierra12_optics,extra|tsierra12_extras,backpiece|tsierra12_backpieces,reargriptwo|tsierra12_reargrips,magazine|tsierra12_magazines,gunperk|tsierra12_gunperks,undermount|tsierra12_undermounts,muzzle|tsierra12_muzzles,frontpiece|tsierra12_frontpieces,triggertwo|tsierra12_triggers,,
iw9_ar_ralpha,optic|ralpha_optics,extra|ralpha_extras,backpiece|ralpha_backpieces,reargrip|ralpha_reargrips,magazine|ralpha_magazines,gunperk|ralpha_gunperks,undermount|ralpha_undermounts,muzzle|ralpha_muzzles,frontpiece|ralpha_frontpieces,,,
iw9_ar_fecho,optic|fecho_optics,extra|fecho_extras,backpiece|fecho_backpieces,reargrip|fecho_reargrips,magazine|fecho_magazines,gunperk|fecho_gunperks,undermount|fecho_undermounts,muzzle|fecho_muzzles,frontpiece|fecho_frontpieces,comb|fecho_combs,,
iw9_sn_walpha,optic|walpha_muzzles,extra|walpha_optics,backpiece|walpha_extras,reargrip_walpha_reargrips,magazine|walpha_gunperks,gunperk|walpha_frontpieces,magazine|walpha_magazines,backpieces|walpha_backpieces,,,,
jup_cp01_sh_aromeo410,optic|jup_cp01_sh_aromeo410_optics,extra|jup_cp01_sh_aromeo410_extras,backpiece|jup_cp01_sh_aromeo410_backpieces,reargrip|jup_cp01_sh_aromeo410_reargrips,magazine|jup_cp01_sh_aromeo410_magazines,gunperk|jup_cp01_sh_aromeo410_gunperks,undermount|jup_cp01_sh_aromeo410_undermounts,muzzle|jup_cp01_sh_aromeo410_muzzles,frontpiece|jup_cp01_sh_aromeo410_frontpieces,conversionkit|jup_cp01_sh_aromeo410_amps,,
jup_cp01_sm_coscar635,optic|jup_cp01_sm_coscar635_optics,extra|jup_cp01_sm_coscar635_extras,backpiece|jup_cp01_sm_coscar635_backpieces,reargrip|jup_cp01_sm_coscar635_reargrips,magazine|jup_cp01_sm_coscar635_magazines,gunperk|jup_cp01_sm_coscar635_gunperks,undermount|jup_cp01_sm_coscar635_undermounts,muzzle|jup_cp01_sm_coscar635_muzzles,frontpiece|jup_cp01_sm_coscar635_frontpieces,conversionkit|jup_cp01_sm_coscar635_amps,,
jup_cp05_lm_halpha,optic|jup_cp05_lm_halpha_optics,extra|jup_cp05_lm_halpha_extras,backpiece|jup_cp05_lm_halpha_backpieces,reargrip|jup_cp05_lm_halpha_reargrips,magazine|jup_cp05_lm_halpha_magazines,gunperk|jup_cp05_lm_halpha_gunperks,undermount|jup_cp05_lm_halpha_undermounts,muzzle|jup_cp05_lm_halpha_muzzles,frontpiece|jup_cp05_lm_halpha_frontpieces,conversionkit|jup_cp05_lm_halpha_amps,,
jup_cp08_br_xmike5,optic|jup_cp08_br_xmike5_optics,extra|jup_cp08_br_xmike5_extras,backpiece|jup_cp08_br_xmike5_backpieces,reargrip|jup_cp08_br_xmike5_reargrips,magazine|jup_cp08_br_xmike5_magazines,gunperk|jup_cp08_br_xmike5_gunperks,undermount|jup_cp08_br_xmike5_undermounts,muzzle|jup_cp08_br_xmike5_muzzles,frontpiece|jup_cp08_br_xmike5_frontpieces,conversionkit|jup_cp08_br_xmike5_amps,,
jup_cp24_pi_glima21,optic|jup_cp24_pi_glima21_optics,extra|jup_cp24_pi_glima21_extras,backpiece|jup_cp24_pi_glima21_backpieces,reargrip|jup_cp24_pi_glima21_reargrips,magazine|jup_cp24_pi_glima21_magazines,gunperk|jup_cp24_pi_glima21_gunperks,undermount|jup_cp24_pi_glima21_undermounts,muzzle|jup_cp24_pi_glima21_muzzles,frontpiece|jup_cp24_pi_glima21_frontpieces,trigger|jup_cp24_pi_glima21_triggers,conversionkit|jup_cp24_pi_glima21_amps,
jup_jp01_ar_golf36,optic|jup_jp01_ar_golf36_optics,extra|jup_jp01_ar_golf36_extras,backpiece|jup_jp01_ar_golf36_backpieces,reargrip|jup_jp01_ar_golf36_reargrips,magazine|jup_jp01_ar_golf36_magazines,gunperk|jup_jp01_ar_golf36_gunperks,undermount|jup_jp01_ar_golf36_undermounts,muzzle|jup_jp01_ar_golf36_muzzles,frontpiece|jup_jp01_ar_golf36_frontpieces,conversionkit|jup_jp01_ar_golf36_amps,,
jup_jp01_dm_slima8,optic|jup_jp01_dm_slima8_optics,extra|jup_jp01_dm_slima8_extras,backpiece|jup_jp01_dm_slima8_backpieces,reargrip|jup_jp01_dm_slima8_reargrips,magazine|jup_jp01_dm_slima8_magazines,gunperk|jup_jp01_dm_slima8_gunperks,undermount|jup_jp01_dm_slima8_undermounts,muzzle|jup_jp01_dm_slima8_muzzles,frontpiece|jup_jp01_dm_slima8_frontpieces,conversionkit|jup_jp01_dm_slima8_amps,,
jup_jp01_lm_mgolf36,optic|jup_jp01_lm_mgolf36_optics,extra|jup_jp01_lm_mgolf36_extras,backpiece|jup_jp01_lm_mgolf36_backpieces,reargrip|jup_jp01_lm_mgolf36_reargrips,magazine|jup_jp01_lm_mgolf36_magazines,gunperk|jup_jp01_lm_mgolf36_gunperks,undermount|jup_jp01_lm_mgolf36_undermounts,muzzle|jup_jp01_lm_mgolf36_muzzles,frontpiece|jup_jp01_lm_mgolf36_frontpieces,conversionkit|jup_jp01_lm_mgolf36,,
jup_jp02_ar_bromeo805,optic|jup_jp02_ar_bromeo805_optics,extra|jup_jp02_ar_bromeo805_extras,backpiece|jup_jp02_ar_bromeo805_backpieces,reargrip|jup_jp02_ar_bromeo805_reargrips,magazine|jup_jp02_ar_bromeo805_magazines,gunperk|jup_jp02_ar_bromeo805_gunperks,undermount|jup_jp02_ar_bromeo805_undermounts,muzzle|jup_jp02_ar_bromeo805_muzzles,frontpiece|jup_jp02_ar_bromeo805_frontpieces,conversionkit|jup_jp02_ar_bromeo805_amps,,
jup_jp02_br_bromeo2,optic|jup_jp02_br_bromeo2_optics,extra|jup_jp02_br_bromeo2_extras,backpiece|jup_jp02_br_bromeo2_backpieces,reargrip|jup_jp02_br_bromeo2_reargrips,magazine|jup_jp02_br_bromeo2_magazines,gunperk|jup_jp02_br_bromeo2_gunperks,undermount|jup_jp02_br_bromeo2_undermounts,muzzle|jup_jp02_br_bromeo2_muzzles,frontpiece|jup_jp02_br_bromeo2_frontpieces,conversionkit|jup_jp02_br_bromeo2_amps,,
jup_jp02_dm_bromeop,optic|jup_jp02_dm_bromeop_optics,extra|jup_jp02_dm_bromeop_extras,backpiece|jup_jp02_dm_bromeop_backpieces,reargrip|jup_jp02_dm_bromeop_reargrips,magazine|jup_jp02_dm_bromeop_magazines,gunperk|jup_jp02_dm_bromeop_gunperks,undermount|jup_jp02_dm_bromeop_undermounts,muzzle|jup_jp02_dm_bromeop_muzzles,frontpiece|jup_jp02_dm_bromeop_frontpieces,conversionkit|jup_jp02_dm_bromeop_amps,,
jup_jp02_sm_scharlie3,optic|jup_jp02_sm_scharlie3_optics,extra|jup_jp02_sm_scharlie3_extras,backpiece|jup_jp02_sm_scharlie3_backpieces,reargrip|jup_jp02_sm_scharlie3_reargrips,magazine|jup_jp02_sm_scharlie3_magazines,gunperk|jup_jp02_sm_scharlie3_gunperks,undermount|jup_jp02_sm_scharlie3_undermounts,muzzle|jup_jp02_sm_scharlie3_muzzles,frontpiece|jup_jp02_sm_scharlie3_frontpieces,conversionkit|jup_jp02_sm_scharlie3_amps,,
jup_jp04_sm_lwhiskey,optic|jup_jp04_sm_lwhiskey_optics,extra|jup_jp04_sm_lwhiskey_extras,backpiece|jup_jp04_sm_lwhiskey_backpieces,reargrip|jup_jp04_sm_lwhiskey_reargrips,magazine|jup_jp04_sm_lwhiskey_magazines,gunperk|jup_jp04_sm_lwhiskey_gunperks,undermount|jup_jp04_sm_lwhiskey_undermounts,muzzle|jup_jp04_sm_lwhiskey_muzzles,frontpiece|jup_jp04_sm_lwhiskey_frontpieces,conversionkit|jup_jp04_sm_lwhiskey_amps,,
jup_jp04_sm_umike,optic|jup_jp04_sm_umike_optics,extra|jup_jp04_sm_umike_extras,backpiece|jup_jp04_sm_umike_backpieces,reargrip|jup_jp04_sm_umike_reargrips,magazine|jup_jp04_sm_umike_magazines,gunperk|jup_jp04_sm_umike_gunperks,undermount|jup_jp04_sm_umike_undermounts,muzzle|jup_jp04_sm_umike_muzzles,frontpiece|jup_jp04_sm_umike_frontpieces,conversionkit|jup_jp04_sm_umike_amps,,
jup_jp06_lm_pkilop,optic|jup_jp06_lm_pkilop_optics,extra|jup_jp06_lm_pkilop_extras,backpiece|jup_jp06_lm_pkilop_backpieces,reargrip|jup_jp06_lm_pkilop_reargrips,magazine|jup_jp06_lm_pkilop_magazines,gunperk|jup_jp06_lm_pkilop_gunperks,undermount|jup_jp06_lm_pkilop_undermounts,muzzle|jup_jp06_lm_pkilop_muzzles,frontpiece|jup_jp06_lm_pkilop_frontpieces,conversionkit|jup_jp06_lm_pkilop_amps,,
jup_jp07_pi_uzulum,optic|jup_jp07_pi_uzulum_optics,extrapstl|jup_jp07_pi_uzulum_extras,backpiece|jup_jp07_pi_uzulum_backpieces,reargrip|jup_jp07_pi_uzulum_reargrips,magazine|jup_jp07_pi_uzulum_magazines,gunperk|jup_jp07_pi_uzulum_gunperks,undermount|jup_jp07_pi_uzulum_undermounts,muzzle|jup_jp07_pi_uzulum_muzzles,frontpiece|jup_jp07_pi_uzulum_frontpieces,trigger|jup_jp07_pi_uzulum_triggers,conversionkit|jup_jp07_pi_uzulum_amps,
jup_jp07_sm_uzulu,optic|jup_jp07_sm_uzulu_optics,extra|jup_jp07_sm_uzulu_extras,backpiece|jup_jp07_sm_uzulu_backpieces,reargrip|jup_jp07_sm_uzulu_reargrips,magazine|jup_jp07_sm_uzulu_magazines,gunperk|jup_jp07_sm_uzulu_gunperks,undermount|jup_jp07_sm_uzulu_undermounts,muzzle|jup_jp07_sm_uzulu_muzzles,frontpiece|jup_jp07_sm_uzulu_frontpieces,conversionkit|jup_jp07_sm_uzulu_amps,,
jup_jp07_sm_uzulup,optic|jup_jp07_sm_uzulup_optics,extra|jup_jp07_sm_uzulup_extras,backpiece|jup_jp07_sm_uzulup_backpieces,reargrip|jup_jp07_sm_uzulup_reargrips,magazine|jup_jp07_sm_uzulup_magazines,gunperk|jup_jp07_sm_uzulup_gunperks,undermount|jup_jp07_sm_uzulup_undermounts,muzzle|jup_jp07_sm_uzulup_muzzles,frontpiece|jup_jp07_sm_uzulup_frontpieces,conversionkit|jup_jp07_sm_uzulup_amps,,
jup_jp08_ar_qbravo97,optic|jup_jp08_ar_qbravo97_optics,extra|jup_jp08_ar_qbravo97_extras,backpiece|jup_jp08_ar_qbravo97_backpieces,reargrip|jup_jp08_ar_qbravo97_reargrips,magazine|jup_jp08_ar_qbravo97_magazines,gunperk|jup_jp08_ar_qbravo97_gunperks,undermount|jup_jp08_ar_qbravo97_undermounts,muzzle|jup_jp08_ar_qbravo97_muzzles,frontpiece|jup_jp08_ar_qbravo97_frontpieces,comb|jup_jp08_ar_qbravo97_combs,conversionkit|jup_jp08_ar_qbravo97_amps,
jup_jp08_lm_qbravo95lsw,optic|jup_jp08_lm_qbravo95lsw_optics,extra|jup_jp08_lm_qbravo95lsw_extras,backpiece|jup_jp08_lm_qbravo95lsw_backpieces,reargrip|jup_jp08_lm_qbravo95lsw_reargrips,magazine|jup_jp08_lm_qbravo95lsw_magazines,gunperk|jup_jp08_lm_qbravo95lsw_gunperks,undermount|jup_jp08_lm_qbravo95lsw_undermounts,muzzle|jup_jp08_lm_qbravo95lsw_muzzles,frontpiece|jup_jp08_lm_qbravo95lsw_frontpieces,conversionkit|jup_jp08_lm_qbravo95lsw_amps,comb|jup_jp08_lm_qbravo95lsw_combs,
jup_jp09_sh_oromeo12,optic|jup_jp09_sh_oromeo12_optics,extra|jup_jp09_sh_oromeo12_extras,backpiece|jup_jp09_sh_oromeo12_backpieces,reargrip|jup_jp09_sh_oromeo12_reargrips,magazine|jup_jp09_sh_oromeo12_magazines,gunperk|jup_jp09_sh_oromeo12_gunperks,undermount|jup_jp09_sh_oromeo12_undermounts,muzzle|jup_jp09_sh_oromeo12_muzzles,frontpiece|jup_jp09_sh_oromeo12_frontpieces,conversionkit|jup_jp09_sh_oromeo12_amps,,
jup_jp12_pi_mike93,optic|jup_jp12_pi_mike93_optics,extra|jup_jp12_pi_mike93_extras,backpiece|jup_jp12_pi_mike93_backpieces,reargrip|jup_jp12_pi_mike93_reargrips,magazine|jup_jp12_pi_mike93_magazines,gunperk|jup_jp12_pi_mike93_gunperks,undermount|jup_jp12_pi_mike93_undermounts,muzzle|jup_jp12_pi_mike93_muzzles,frontpiece|jup_jp12_pi_mike93_frontpieces,trigger|jup_jp12_pi_mike93_triggers,conversionkit|jup_jp12_pi_mike93_amps,
jup_jp13_dm_svictork,optic|jup_jp13_dm_svictork_optics,extra|jup_jp13_dm_svictork_extras,backpiece|jup_jp13_dm_svictork_backpieces,reargrip|jup_jp13_dm_svictork_reargrips,magazine|jup_jp13_dm_svictork_magazines,gunperk|jup_jp13_dm_svictork_gunperks,undermount|jup_jp13_dm_svictork_undermounts,muzzle|jup_jp13_dm_svictork_muzzles,frontpiece|jup_jp13_dm_svictork_frontpieces,conversionkit|jup_jp13_dm_svictork_amps,,
jup_jp13_sn_svictor,optic|jup_jp13_sn_svictor_optics,extra|jup_jp13_sn_svictor_extras,backpiece|jup_jp13_sn_svictor_backpieces,reargrip|jup_jp13_sn_svictor_reargrips,magazine|jup_jp13_sn_svictor_magazines,gunperk|jup_jp13_sn_svictor_gunperks,undermount|jup_jp13_sn_svictor_undermounts,muzzle|jup_jp13_sn_svictor_muzzles,frontpiece|jup_jp13_sn_svictor_frontpieces,conversionkit|jup_jp13_sn_svictor_amps,,
jup_jp14_pi_rsierra12,optic|jup_jp14_pi_rsierra12_optics,extra|jup_jp14_pi_rsierra12_extras,backpiece|jup_jp14_pi_rsierra12_backpieces,reargrip|jup_jp14_pi_rsierra12_reargrips,magazine|jup_jp14_pi_rsierra12_magazines,gunperk|jup_jp14_pi_rsierra12_gunperks,undermount|jup_jp14_pi_rsierra12_undermounts,muzzle|jup_jp14_pi_rsierra12_muzzles,frontpiece|jup_jp14_pi_rsierra12_frontpieces,trigger|jup_jp14_pi_rsierra12_triggers,conversionkit|jup_jp14_pi_rsierra12_amps,
jup_jp16_sh_recho870,optic|jup_jp16_sh_recho870_optics,extra|jup_jp16_sh_recho870_extras,backpiece|jup_jp16_sh_recho870_backpieces,reargrip|jup_jp16_sh_recho870_reargrips,magazine|jup_jp16_sh_recho870_magazines,gunperk|jup_jp16_sh_recho870_gunperks,undermount|jup_jp16_sh_recho870_undermounts,muzzle|jup_jp16_sh_recho870_muzzles,frontpiece|jup_jp16_sh_recho870_frontpieces,guard|jup_jp16_sh_recho870_guards,conversionkit|jup_jp16_sh_recho870_amps,bolt|jup_jp16_sh_recho870_bolts
jup_jp17_sn_hsierra,optic|jup_jp17_sn_hsierra_optics,extra|jup_jp17_sn_hsierra_extras,backpiece|jup_jp17_sn_hsierra_backpieces,reargrip|jup_jp17_sn_hsierra_reargrips,magazine|jup_jp17_sn_hsierra_magazines,gunperk|jup_jp17_sn_hsierra_gunperks,undermount|jup_jp17_sn_hsierra_undermounts,muzzle|jup_jp17_sn_hsierra_muzzles,frontpiece|jup_jp17_sn_hsierra_frontpieces,conversionkit|jup_jp17_sn_hsierra_amps,bolt|jup_jp17_sn_hsierra_bolts,
jup_jp19_ar_acharlie,optic|jup_jp19_ar_acharlie_optics,extra|jup_jp19_ar_acharlie_extras,backpiece|jup_jp19_ar_acharlie_backpieces,reargrip|jup_jp19_ar_acharlie_reargrips,magazine|jup_jp19_ar_acharlie_magazines,gunperk|jup_jp19_ar_acharlie_gunperks,undermount|jup_jp19_ar_acharlie_undermounts,muzzle|jup_jp19_ar_acharlie_muzzles,frontpiece|jup_jp19_ar_acharlie_frontpieces,conversionkit|jup_jp19_ar_acharlie_amps,,
jup_jp19_br_acharlie450,optic|jup_jp19_br_acharlie450_optics,extra|jup_jp19_br_acharlie450_extras,backpiece|jup_jp19_br_acharlie450_backpieces,reargrip|jup_jp19_br_acharlie450_reargrips,magazine|jup_jp19_br_acharlie450_magazines,gunperk|jup_jp19_br_acharlie450_gunperks,undermount|jup_jp19_br_acharlie450_undermounts,muzzle|jup_jp19_br_acharlie450_muzzles,frontpiece|jup_jp19_br_acharlie450_frontpieces,conversionkit|jup_jp19_br_acharlie450_amps,,
jup_jp19_dm_acharlied,optic|jup_jp19_dm_acharlied_optics,extra|jup_jp19_dm_acharlied_extras,backpiece|jup_jp19_dm_acharlied_backpieces,reargrip|jup_jp19_dm_acharlied_reargrips,magazine|jup_jp19_dm_acharlied_magazines,gunperk|jup_jp19_dm_acharlied_gunperks,undermount|jup_jp19_dm_acharlied_undermounts,muzzle|jup_jp19_dm_acharlied_muzzles,frontpiece|jup_jp19_dm_acharlied_frontpieces,conversionkit|jup_jp19_dm_acharlied_amps,,
jup_jp36_ar_anov94,optic|jup_jp36_ar_anov94_optics,extra|jup_jp36_ar_anov94_extras,backpiece|jup_jp36_ar_anov94_backpieces,reargrip|jup_jp36_ar_anov94_reargrips,magazine|jup_jp36_ar_anov94_magazines,gunperk|jup_jp36_ar_anov94_gunperks,undermount|jup_jp36_ar_anov94_undermounts,muzzle|jup_jp36_ar_anov94_muzzles,frontpiece|jup_jp36_ar_anov94_frontpieces,conversionkit|jup_jp36_ar_anov94_amps,,
jup_jp36_sn_boscar,optic|jup_jp36_sn_boscar_optics,extra|jup_jp36_sn_boscar_extras,backpiece|jup_jp36_sn_boscar_backpieces,reargrip|jup_jp36_sn_boscar_reargrips,magazine|jup_jp36_sn_boscar_magazines,gunperk|jup_jp36_sn_boscar_gunperks,undermount|jup_jp36_sn_boscar_undermounts,muzzle|jup_jp36_sn_boscar_muzzles,frontpiece|jup_jp36_sn_boscar_frontpieces,bolt|jup_jp36_sn_boscar_bolts,conversionkit|jup_jp36_sn_boscar_amps,
iw9_sm_sdelta,optic|sdelta_optics,extra|sdelta_extras,backpiece|sdelta_backpieces,reargrip|sdelta_reargrips,magazine|sdelta_magazines,gunperk|sdelta_gunperks,undermount|sdelta_undermounts,frontpiece|sdelta_frontpieces,,,,
iw9_pi_mike2011,optic|mike2011_optics,extrapstl|mike2011_extras,reargrip|mike2011_reargrips,trigger|mike2011_triggers,gunperk|mike2011_gunperks,magazine|mike2011_magazines,muzzle|mike2011_muzzles,frontpiece|mike2011_frontpieces,,,,
iw9_ar_malima,optic|malima_optics,extra|malima_extras,backpiece|malima_backpieces,reargrip|malima_reargrips,magazine|malima_magazines,gunperk|malima_gunperks,undermount|malima_undermounts,muzzle|malima_muzzles,frontpiece|malima_frontpieces,comb|malima_combs,,
iw9_sm_acharlie9,optic|acharlie9_optics,extra|acharlie9_extras,backpiece|acharlie9_backpieces,reargrip|acharlie9_reargrips,magazine|acharlie9_magazines,gunperk|acharlie9_gunperks,undermount|acharlie9_undermounts,frontpiece|acharlie9_frontpieces,muzzle|acharlie9_muzzles,,,
jup_cp06_ar_falpha,optic|jup_cp06_ar_falpha_optics,extra|jup_cp06_ar_falpha_extras,backpiece|jup_cp06_ar_falpha_backpieces,reargrip|jup_cp06_ar_falpha_reargrips,magazine|jup_cp06_ar_falpha_magazines,gunperk|jup_cp06_ar_falpha_gunperks,undermount|jup_cp06_ar_falpha_undermounts,muzzle|jup_cp06_ar_falpha_muzzles,frontpiece|jup_cp06_ar_falpha_frontpieces,comb|jup_cp06_ar_falpha_combs,,
jup_cp15_lm_mkilo3,optic|jup_cp15_lm_mkilo3_optics,extra|jup_cp15_lm_mkilo3_extras,backpiece|jup_cp15_lm_mkilo3_backpieces,reargrip|jup_cp15_lm_mkilo3_reargrips,magazine|jup_cp15_lm_mkilo3_magazines,gunperk|jup_cp15_lm_mkilo3_gunperks,undermount|jup_cp15_lm_mkilo3_undermounts,muzzle|jup_cp15_lm_mkilo3_muzzles,frontpiece|jup_cp15_lm_mkilo3_frontpieces,,,
