background,1,1,emblem_bg_default,EM_BG_DEFAULT,0,0,0,0,general,,,
icon,0,0,em_icon_weapon_ake_mpl,MP_EMBLEM_EDITOR/WEAPON_VOLK,0,0,0,0,MP_EMBLEM_EDITOR/DECAL_TAB_WEAPONS,general,0.35,TRUE
icon,1,1,em_icon_weapon_ar57_mp,MP_EMBLEM_EDITOR/WEAPON_KBAR,0,0,0,0,MP_EMBLEM_EDITOR/DECAL_TAB_WEAPONS,general,0.35,TRUE
icon,2,2,em_icon_weapon_m4_mp,MP_EMBLEM_EDITOR/WEAPON_NV4,0,0,0,0,MP_EMBLEM_EDITOR/DECAL_TAB_WEAPONS,general,0.35,TRUE
icon,3,3,em_icon_weapon_fmg_mp,MP_EMBLEM_EDITOR/WEAPON_TYPE_2,0,0,0,0,MP_EMBLEM_EDITOR/DECAL_TAB_WEAPONS,general,0.35,TRUE
icon,4,4,em_icon_weapon_sdfar_mp,MP_EMBLEM_EDITOR/WEAPON_R3K,0,0,0,0,MP_EMBLEM_EDITOR/DECAL_TAB_WEAPONS,general,0.35,TRUE
icon,5,5,em_icon_weapon_erad_mp,MP_EMBLEM_EDITOR/WEAPON_ERAD,0,0,0,0,MP_EMBLEM_EDITOR/DECAL_TAB_WEAPONS,general,0.35,TRUE
icon,6,6,em_icon_weapon_fhr_mp,MP_EMBLEM_EDITOR/WEAPON_FHR40,0,0,0,0,MP_EMBLEM_EDITOR/DECAL_TAB_WEAPONS,general,0.35,TRUE
icon,7,7,em_icon_weapon_crb_mpl,MP_EMBLEM_EDITOR/WEAPON_KARMA45,0,0,0,0,MP_EMBLEM_EDITOR/DECAL_TAB_WEAPONS,general,0.35,TRUE
icon,8,8,em_icon_weapon_ripper_mpr,MP_EMBLEM_EDITOR/WEAPON_RPR_EVO,0,0,0,0,MP_EMBLEM_EDITOR/DECAL_TAB_WEAPONS,general,0.35,TRUE
icon,9,9,em_icon_weapon_ump45_mpl,MP_EMBLEM_EDITOR/WEAPON_HVR,0,0,0,0,MP_EMBLEM_EDITOR/DECAL_TAB_WEAPONS,general,0.35,TRUE
icon,10,10,em_icon_weapon_sdflmg_mp,MP_EMBLEM_EDITOR/WEAPON_RAW,0,0,0,0,MP_EMBLEM_EDITOR/DECAL_TAB_WEAPONS,general,0.35,TRUE
icon,11,11,em_icon_weapon_mauler_mp,MP_EMBLEM_EDITOR/WEAPON_MAULER,0,0,0,0,MP_EMBLEM_EDITOR/DECAL_TAB_WEAPONS,general,0.35,TRUE
icon,12,12,em_icon_weapon_lmg03_mp,MP_EMBLEM_EDITOR/WEAPON_TITAN,0,0,0,0,MP_EMBLEM_EDITOR/DECAL_TAB_WEAPONS,general,0.35,TRUE
icon,13,13,em_icon_weapon_kbs_mp,MP_EMBLEM_EDITOR/WEAPON_KBS_LONGBOW,0,0,0,0,MP_EMBLEM_EDITOR/DECAL_TAB_WEAPONS,general,0.35,TRUE
icon,14,14,em_icon_weapon_m8_mp,MP_EMBLEM_EDITOR/WEAPON_EBR800,0,0,0,0,MP_EMBLEM_EDITOR/DECAL_TAB_WEAPONS,general,0.35,TRUE
icon,15,15,em_icon_weapon_cheytac_mp,MP_EMBLEM_EDITOR/WEAPON_WIDOWMAKER,0,0,0,0,MP_EMBLEM_EDITOR/DECAL_TAB_WEAPONS,general,0.35,TRUE
icon,16,16,em_icon_weapon_m1_mp,MP_EMBLEM_EDITOR/WEAPON_DMR1,0,0,0,0,MP_EMBLEM_EDITOR/DECAL_TAB_WEAPONS,general,0.35,TRUE
icon,17,17,em_icon_weapon_devastator_mp,MP_EMBLEM_EDITOR/WEAPON_REAVER,0,0,0,0,MP_EMBLEM_EDITOR/DECAL_TAB_WEAPONS,general,0.35,TRUE
icon,18,18,em_icon_weapon_sonic_mpr,MP_EMBLEM_EDITOR/WEAPON_BANSHEE,0,0,0,0,MP_EMBLEM_EDITOR/DECAL_TAB_WEAPONS,general,0.35,TRUE
icon,19,19,em_icon_weapon_sdfshotty_mp,MP_EMBLEM_EDITOR/WEAPON_DCM8,0,0,0,0,MP_EMBLEM_EDITOR/DECAL_TAB_WEAPONS,general,0.35,TRUE
icon,20,20,em_icon_weapon_spas_mp,MP_EMBLEM_EDITOR/WEAPON_RACK9,0,0,0,0,MP_EMBLEM_EDITOR/DECAL_TAB_WEAPONS,general,0.35,TRUE
icon,21,21,em_icon_weapon_arclassic_mp,MP_EMBLEM_EDITOR/WEAPON_OSA,0,0,0,0,MP_EMBLEM_EDITOR/DECAL_TAB_WEAPONS,general,0.35,TRUE
icon,22,22,em_icon_weapon_ump45c_mp,MP_EMBLEM_EDITOR/WEAPON_MACTAV45,0,0,0,0,MP_EMBLEM_EDITOR/DECAL_TAB_WEAPONS,general,0.35,TRUE
icon,23,23,em_icon_weapon_cheytacc_mp,MP_EMBLEM_EDITOR/WEAPON_TF141,0,0,0,0,MP_EMBLEM_EDITOR/DECAL_TAB_WEAPONS,general,0.35,TRUE
icon,24,24,em_icon_weapon_spasc_mp,MP_EMBLEM_EDITOR/WEAPON_SRAVAGE,0,0,0,0,MP_EMBLEM_EDITOR/DECAL_TAB_WEAPONS,general,0.35,TRUE
icon,25,25,em_icon_weapon_m1c_mp,MP_EMBLEM_EDITOR/WEAPON_M1,0,0,0,0,MP_EMBLEM_EDITOR/DECAL_TAB_WEAPONS,general,0.35,TRUE
icon,26,26,em_icon_weapon_chargeshot_mp,MP_EMBLEM_EDITOR/WEAPON_PDW,0,0,0,0,MP_EMBLEM_EDITOR/DECAL_TAB_WEAPONS,general,0.35,TRUE
icon,27,27,em_icon_weapon_lockon_mp,MP_EMBLEM_EDITOR/WEAPON_SPARTAN_SA3,0,0,0,0,MP_EMBLEM_EDITOR/DECAL_TAB_WEAPONS,general,0.35,TRUE
icon,28,28,em_icon_weapon_glprox_mp,MP_EMBLEM_EDITOR/WEAPON_HOWITZER,0,0,0,0,MP_EMBLEM_EDITOR/DECAL_TAB_WEAPONS,general,0.35,TRUE
icon,29,29,em_icon_weapon_emc_mp,MP_EMBLEM_EDITOR/WEAPON_EMC,0,0,0,0,MP_EMBLEM_EDITOR/DECAL_TAB_WEAPONS,general,0.35,TRUE
icon,30,30,em_icon_weapon_nrg_mp,MP_EMBLEM_EDITOR/WEAPON_ONI,0,0,0,0,MP_EMBLEM_EDITOR/DECAL_TAB_WEAPONS,general,0.35,TRUE
icon,31,31,em_icon_weapon_g18_mp,MP_EMBLEM_EDITOR/WEAPON_KENDALL_44,0,0,0,0,MP_EMBLEM_EDITOR/DECAL_TAB_WEAPONS,general,0.35,TRUE
icon,32,32,em_icon_weapon_revolver_mp,MP_EMBLEM_EDITOR/WEAPON_HAILSTORM,0,0,0,0,MP_EMBLEM_EDITOR/DECAL_TAB_WEAPONS,general,0.35,TRUE
icon,33,33,em_icon_weapon_g18c_mp,MP_EMBLEM_EDITOR/WEAPON_HORNET,0,0,0,0,MP_EMBLEM_EDITOR/DECAL_TAB_WEAPONS,general,0.35,TRUE
icon,34,34,em_icon_weapon_knife_mp,MP_EMBLEM_EDITOR/WEAPON_COMBAT_KNIFE,0,0,0,0,MP_EMBLEM_EDITOR/DECAL_TAB_WEAPONS,general,0.35,TRUE
icon,35,35,em_icon_lethal_biospike,MP_EMBLEM_EDITOR/WEAPON_INFECTED,0,0,0,0,MP_EMBLEM_EDITOR/DECAL_TAB_WEAPONS,general,0.35,TRUE
icon,36,36,em_icon_lethal_blackhole,MP_EMBLEM_EDITOR/WEAPON_BLACK_HOLE,0,0,0,0,MP_EMBLEM_EDITOR/DECAL_TAB_WEAPONS,general,0.35,TRUE
icon,37,37,em_icon_lethal_cluster,MP_EMBLEM_EDITOR/WEAPON_CLUSTER,0,0,0,0,MP_EMBLEM_EDITOR/DECAL_TAB_WEAPONS,general,0.35,TRUE
icon,38,38,em_icon_ar_perfect,MP_EMBLEM_EDITOR/ICON_AR_STAR,0,0,0,0,MP_EMBLEM_EDITOR/DECAL_TAB_ICONS,general,0.35,FALSE
icon,39,39,em_icon_bandage,MP_EMBLEM_EDITOR/ICON_BANDAGE,0,0,0,0,MP_EMBLEM_EDITOR/DECAL_TAB_ICONS,general,0.35,TRUE
icon,40,40,em_icon_boltcutter,MP_EMBLEM_EDITOR/ICON_BOLTCUTTER,0,0,0,0,MP_EMBLEM_EDITOR/DECAL_TAB_ICONS,general,0.35,TRUE
icon,41,41,em_icon_broom,MP_EMBLEM_EDITOR/ICON_BROOM,0,0,0,0,MP_EMBLEM_EDITOR/DECAL_TAB_ICONS,general,0.35,TRUE
icon,42,42,em_icon_car,MP_EMBLEM_EDITOR/ICON_CAR,0,0,0,0,MP_EMBLEM_EDITOR/DECAL_TAB_ICONS,general,0.35,TRUE
icon,43,43,em_icon_cleaver,MP_EMBLEM_EDITOR/ICON_CLEAVER,0,0,0,0,MP_EMBLEM_EDITOR/DECAL_TAB_ICONS,general,0.35,TRUE
icon,44,44,em_icon_crosshair,MP_EMBLEM_EDITOR/ICON_CROSSHAIR,0,0,0,0,MP_EMBLEM_EDITOR/DECAL_TAB_ICONS,general,0.35,TRUE
icon,45,45,em_icon_ctf_crush_victory,MP_EMBLEM_EDITOR/ICON_VICTORY,0,0,0,0,MP_EMBLEM_EDITOR/DECAL_TAB_ICONS,general,0.35,TRUE
icon,46,46,em_icon_dem_bomb,MP_EMBLEM_EDITOR/ICON_BOMB,0,0,0,0,MP_EMBLEM_EDITOR/DECAL_TAB_ICONS,general,0.35,TRUE
icon,47,47,em_icon_dem_bomb_protector,MP_EMBLEM_EDITOR/ICON_BOMB_PROTECTOR,0,0,0,0,MP_EMBLEM_EDITOR/DECAL_TAB_ICONS,general,0.35,TRUE
icon,48,48,em_icon_dem_crush_victory,MP_EMBLEM_EDITOR/ICON_VICTORY_BOX,0,0,0,0,MP_EMBLEM_EDITOR/DECAL_TAB_ICONS,general,0.35,TRUE
icon,49,49,em_icon_dem_interruption,MP_EMBLEM_EDITOR/ICON_INTERRUPTION,0,0,0,0,MP_EMBLEM_EDITOR/DECAL_TAB_ICONS,general,0.35,TRUE
icon,50,50,em_icon_dem_synch_attack,MP_EMBLEM_EDITOR/ICON_EXPLOSION,0,0,0,0,MP_EMBLEM_EDITOR/DECAL_TAB_ICONS,general,0.35,TRUE
icon,51,51,em_icon_dom_alpha_lockdown,MP_EMBLEM_EDITOR/ICON_ALPHA_LOCKDOWN,0,0,0,0,MP_EMBLEM_EDITOR/DECAL_TAB_ICONS,general,0.35,TRUE
icon,52,52,em_icon_dom_bravo_hot,MP_EMBLEM_EDITOR/ICON_BRAVO_HOT,0,0,0,0,MP_EMBLEM_EDITOR/DECAL_TAB_ICONS,general,0.35,TRUE
icon,53,53,em_icon_dom_bravo_lockdown,MP_EMBLEM_EDITOR/ICON_BRAVO_LOCKDOWN,0,0,0,0,MP_EMBLEM_EDITOR/DECAL_TAB_ICONS,general,0.35,TRUE
icon,54,54,em_icon_dom_charlie_lockdown,MP_EMBLEM_EDITOR/ICON_CHARLIE_LOCKDOWN,0,0,0,0,MP_EMBLEM_EDITOR/DECAL_TAB_ICONS,general,0.35,TRUE
icon,55,55,em_icon_dom_crush_victory,MP_EMBLEM_EDITOR/ICON_CRUSHING_VICTORY,0,0,0,0,MP_EMBLEM_EDITOR/DECAL_TAB_ICONS,general,0.35,TRUE
icon,56,56,em_icon_dom_double_denied,MP_EMBLEM_EDITOR/ICON_DOUBLE_DENIED,0,0,0,0,MP_EMBLEM_EDITOR/DECAL_TAB_ICONS,general,0.35,TRUE
icon,57,57,em_icon_explode,MP_EMBLEM_EDITOR/ICON_EXPLODE,0,0,0,0,MP_EMBLEM_EDITOR/DECAL_TAB_ICONS,general,0.35,TRUE
icon,58,58,em_icon_feather_duster,MP_EMBLEM_EDITOR/ICON_FEATHER_DUSTER,0,0,0,0,MP_EMBLEM_EDITOR/DECAL_TAB_ICONS,general,0.35,TRUE
icon,59,59,em_icon_ffa_crush_victory,MP_EMBLEM_EDITOR/ICON_SOLDIER,0,0,0,0,MP_EMBLEM_EDITOR/DECAL_TAB_ICONS,general,0.35,TRUE
icon,60,60,em_icon_ffa_hard_to_kill,MP_EMBLEM_EDITOR/ICON_BULLET,0,0,0,0,MP_EMBLEM_EDITOR/DECAL_TAB_ICONS,general,0.35,TRUE
icon,61,61,em_icon_ffa_invincible,MP_EMBLEM_EDITOR/ICON_CANNON,0,0,0,0,MP_EMBLEM_EDITOR/DECAL_TAB_ICONS,general,0.35,TRUE
icon,62,62,em_icon_ffa_just_a_gun,MP_EMBLEM_EDITOR/ICON_HAND_GUN,0,0,0,0,MP_EMBLEM_EDITOR/DECAL_TAB_ICONS,general,0.35,TRUE
icon,63,63,em_icon_ffa_unstoppable,MP_EMBLEM_EDITOR/ICON_ROCKET,0,0,0,0,MP_EMBLEM_EDITOR/DECAL_TAB_ICONS,general,0.35,TRUE
icon,64,64,em_icon_gold,MP_EMBLEM_EDITOR/ICON_GOLD,0,0,0,0,MP_EMBLEM_EDITOR/DECAL_TAB_ICONS,general,0.35,TRUE
icon,65,65,em_icon_grim_reaper,MP_EMBLEM_EDITOR/ICON_GRIM_REAPER,0,0,0,0,MP_EMBLEM_EDITOR/DECAL_TAB_ICONS,general,0.35,TRUE
icon,66,66,em_icon_hacker_tool,MP_EMBLEM_EDITOR/ICON_HACKER_TOOL,0,0,0,0,MP_EMBLEM_EDITOR/DECAL_TAB_ICONS,general,0.35,TRUE
icon,67,67,em_icon_ha_ha,MP_EMBLEM_EDITOR/ICON_LAUGHTER,0,0,0,0,MP_EMBLEM_EDITOR/DECAL_TAB_ICONS,general,0.35,TRUE
icon,68,68,em_icon_hq_crush_victory,MP_EMBLEM_EDITOR/ICON_SUPPLY_DROP,0,0,0,0,MP_EMBLEM_EDITOR/DECAL_TAB_ICONS,general,0.35,TRUE
icon,69,69,em_icon_hq_final_defense,MP_EMBLEM_EDITOR/ICON_FINAL_DEFENSE,0,0,0,0,MP_EMBLEM_EDITOR/DECAL_TAB_ICONS,general,0.35,TRUE
icon,70,70,em_icon_kc_clean_sweep,MP_EMBLEM_EDITOR/ICON_TWO_DOG_TAGS,0,0,0,0,MP_EMBLEM_EDITOR/DECAL_TAB_ICONS,general,0.35,TRUE
icon,71,71,em_icon_kc_got_mine,MP_EMBLEM_EDITOR/ICON_DOG_TAG,0,0,0,0,MP_EMBLEM_EDITOR/DECAL_TAB_ICONS,general,0.35,TRUE
icon,72,72,em_icon_koth_annihilation_victory,MP_EMBLEM_EDITOR/ICON_ZIG_ZAG,0,0,0,0,MP_EMBLEM_EDITOR/DECAL_TAB_ICONS,general,0.35,TRUE
icon,73,73,em_icon_koth_crush_victory,MP_EMBLEM_EDITOR/ICON_DEFEAT,0,0,0,0,MP_EMBLEM_EDITOR/DECAL_TAB_ICONS,general,0.35,TRUE
icon,74,74,em_icon_koth_point_man,MP_EMBLEM_EDITOR/ICON_ARROW,0,0,0,0,MP_EMBLEM_EDITOR/DECAL_TAB_ICONS,general,0.35,TRUE
icon,75,75,em_icon_koth_shutout,MP_EMBLEM_EDITOR/ICON_FIST,0,0,0,0,MP_EMBLEM_EDITOR/DECAL_TAB_ICONS,general,0.35,TRUE
icon,76,76,em_icon_ladder,MP_EMBLEM_EDITOR/ICON_LADDER,0,0,0,0,MP_EMBLEM_EDITOR/DECAL_TAB_ICONS,general,0.35,TRUE
icon,77,77,em_icon_lizard,MP_EMBLEM_EDITOR/ICON_LIZARD,0,0,0,0,MP_EMBLEM_EDITOR/DECAL_TAB_ICONS,general,0.35,TRUE
icon,78,78,em_icon_lmg_perfect,MP_EMBLEM_EDITOR/ICON_LMG_STAR,0,0,0,0,MP_EMBLEM_EDITOR/DECAL_TAB_ICONS,general,0.35,FALSE
icon,79,79,em_icon_ninja_mask,MP_EMBLEM_EDITOR/ICON_NINJA_MASK,0,0,0,0,MP_EMBLEM_EDITOR/DECAL_TAB_ICONS,general,0.35,TRUE
icon,80,80,em_icon_old_gun,MP_EMBLEM_EDITOR/ICON_PISTOL,0,0,0,0,MP_EMBLEM_EDITOR/DECAL_TAB_ICONS,general,0.35,TRUE
icon,81,81,em_icon_phone,MP_EMBLEM_EDITOR/ICON_PHONE,0,0,0,0,MP_EMBLEM_EDITOR/DECAL_TAB_ICONS,general,0.35,TRUE
icon,82,82,em_icon_pistol_perfect,MP_EMBLEM_EDITOR/ICON_PISTOL_STAR,0,0,0,0,MP_EMBLEM_EDITOR/DECAL_TAB_ICONS,general,0.35,FALSE
icon,83,83,em_icon_plus_sign,MP_EMBLEM_EDITOR/ICON_PLUS_SIGN,0,0,0,0,MP_EMBLEM_EDITOR/DECAL_TAB_ICONS,general,0.35,TRUE
icon,84,84,em_icon_pocketwatch,MP_EMBLEM_EDITOR/ICON_POCKET_WATCH,0,0,0,0,MP_EMBLEM_EDITOR/DECAL_TAB_ICONS,general,0.35,TRUE
icon,85,85,em_icon_prestige,MP_EMBLEM_EDITOR/ICON_PRESTIGE,0,0,0,0,MP_EMBLEM_EDITOR/DECAL_TAB_ICONS,general,0.35,TRUE
icon,86,86,em_icon_say_hello,MP_EMBLEM_EDITOR/ICON_CROSS_BONES,0,0,0,0,MP_EMBLEM_EDITOR/DECAL_TAB_ICONS,general,0.35,TRUE
icon,87,87,em_icon_sd_bomb_protector,MP_EMBLEM_EDITOR/ICON_HAND,0,0,0,0,MP_EMBLEM_EDITOR/DECAL_TAB_ICONS,general,0.35,TRUE
icon,88,88,em_icon_sd_clutch,MP_EMBLEM_EDITOR/ICON_LIGHTENING,0,0,0,0,MP_EMBLEM_EDITOR/DECAL_TAB_ICONS,general,0.35,TRUE
icon,89,89,em_icon_sd_crush_victory,MP_EMBLEM_EDITOR/ICON_SUITCASE,0,0,0,0,MP_EMBLEM_EDITOR/DECAL_TAB_ICONS,general,0.35,TRUE
icon,90,90,em_icon_sd_hard_to_kill,MP_EMBLEM_EDITOR/ICON_TRIPLE_KILL,0,0,0,0,MP_EMBLEM_EDITOR/DECAL_TAB_ICONS,general,0.35,TRUE
icon,91,91,em_icon_sd_interruption,MP_EMBLEM_EDITOR/ICON_SKULL_SHIELD,0,0,0,0,MP_EMBLEM_EDITOR/DECAL_TAB_ICONS,general,0.35,TRUE
icon,92,92,em_icon_sd_last_man,MP_EMBLEM_EDITOR/ICON_LAST_MAN,0,0,0,0,MP_EMBLEM_EDITOR/DECAL_TAB_ICONS,general,0.35,TRUE
icon,93,93,em_icon_sd_shutout,MP_EMBLEM_EDITOR/ICON_TEAM_HUG,0,0,0,0,MP_EMBLEM_EDITOR/DECAL_TAB_ICONS,general,0.35,TRUE
icon,94,94,em_icon_sd_targets_down,MP_EMBLEM_EDITOR/ICON_BOMB_CASE,0,0,0,0,MP_EMBLEM_EDITOR/DECAL_TAB_ICONS,general,0.35,TRUE
icon,95,95,em_icon_shock_charge,MP_EMBLEM_EDITOR/ICON_SHOCK_CHARGE,0,0,0,0,MP_EMBLEM_EDITOR/DECAL_TAB_ICONS,general,0.35,FALSE
icon,96,96,em_icon_shrunk_head,MP_EMBLEM_EDITOR/ICON_SHRUNK_HEAD,0,0,0,0,MP_EMBLEM_EDITOR/DECAL_TAB_ICONS,general,0.35,TRUE
icon,97,97,em_icon_thief,MP_EMBLEM_EDITOR/ICON_THEIF_MASK,0,0,0,0,MP_EMBLEM_EDITOR/DECAL_TAB_ICONS,general,0.35,TRUE
icon,98,98,em_icon_tin_star,MP_EMBLEM_EDITOR/ICON_SHERIFF_STAR,0,0,0,0,MP_EMBLEM_EDITOR/DECAL_TAB_ICONS,general,0.35,TRUE
icon,99,99,em_icon_triple_kill,MP_EMBLEM_EDITOR/ICON_SKULL,0,0,0,0,MP_EMBLEM_EDITOR/DECAL_TAB_ICONS,general,0.35,TRUE
icon,100,100,em_icon_skull_challenge,MP_EMBLEM_EDITOR/ICON_DOUBLE_HEADSHOT,0,0,0,0,MP_EMBLEM_EDITOR/DECAL_TAB_ICONS,general,0.35,TRUE
icon,101,101,em_icon_smg_perfect,MP_EMBLEM_EDITOR/ICON_SMG_STAR,0,0,0,0,MP_EMBLEM_EDITOR/DECAL_TAB_ICONS,general,0.35,FALSE
icon,102,102,em_icon_sniper_perfect,MP_EMBLEM_EDITOR/ICON_SNIPER_STAR,0,0,0,0,MP_EMBLEM_EDITOR/DECAL_TAB_ICONS,general,0.35,FALSE
icon,103,103,em_icon_soldier_back,MP_EMBLEM_EDITOR/ICON_SMG_SOLDIER,0,0,0,0,MP_EMBLEM_EDITOR/DECAL_TAB_ICONS,general,0.35,TRUE
icon,104,104,em_icon_soldier_gunfighter,MP_EMBLEM_EDITOR/ICON_GUNFIGHTER,0,0,0,0,MP_EMBLEM_EDITOR/DECAL_TAB_ICONS,general,0.35,TRUE
icon,105,105,em_icon_streak_anti_swatter,MP_EMBLEM_EDITOR/ICON_AIR_DEFENSE,0,0,0,0,MP_EMBLEM_EDITOR/DECAL_TAB_ICONS,general,0.35,FALSE
icon,106,106,em_icon_streak_assault_package,MP_EMBLEM_EDITOR/ICON_ASSAULT__PACKAGE,0,0,0,0,MP_EMBLEM_EDITOR/DECAL_TAB_ICONS,general,0.35,FALSE
icon,107,107,em_icon_streak_big_game,MP_EMBLEM_EDITOR/ICON_HELICOPTER,0,0,0,0,MP_EMBLEM_EDITOR/DECAL_TAB_ICONS,general,0.35,FALSE
icon,108,108,em_icon_streak_cancelled_out,MP_EMBLEM_EDITOR/ICON_JET,0,0,0,0,MP_EMBLEM_EDITOR/DECAL_TAB_ICONS,general,0.35,FALSE
icon,109,109,em_icon_streak_dog_pound,MP_EMBLEM_EDITOR/ICON_DOG,0,0,0,0,MP_EMBLEM_EDITOR/DECAL_TAB_ICONS,general,0.35,FALSE
icon,110,110,em_icon_streak_drones_eliminated,MP_EMBLEM_EDITOR/ICON_DRONE,0,0,0,0,MP_EMBLEM_EDITOR/DECAL_TAB_ICONS,general,0.35,FALSE
icon,111,111,em_icon_streak_focus_fire,MP_EMBLEM_EDITOR/ICON_FOCUS_FIRE,0,0,0,0,MP_EMBLEM_EDITOR/DECAL_TAB_ICONS,general,0.35,FALSE
icon,112,112,em_icon_streak_guide_dogs,MP_EMBLEM_EDITOR/ICON_PAW,0,0,0,0,MP_EMBLEM_EDITOR/DECAL_TAB_ICONS,general,0.35,FALSE
icon,113,113,em_icon_streak_hard_counter,MP_EMBLEM_EDITOR/ICON_HARD_COUNTER,0,0,0,0,MP_EMBLEM_EDITOR/DECAL_TAB_ICONS,general,0.35,FALSE
icon,114,114,em_icon_streak_heavy_cover,MP_EMBLEM_EDITOR/ICON_SENTRY,0,0,0,0,MP_EMBLEM_EDITOR/DECAL_TAB_ICONS,general,0.35,FALSE
icon,115,115,em_icon_streak_hijacked_kills,MP_EMBLEM_EDITOR/ICON_HIJACKED,0,0,0,0,MP_EMBLEM_EDITOR/DECAL_TAB_ICONS,general,0.35,FALSE
icon,116,116,em_icon_streak_killjoy,MP_EMBLEM_EDITOR/ICON_RC_CAR,0,0,0,0,MP_EMBLEM_EDITOR/DECAL_TAB_ICONS,general,0.35,FALSE
icon,117,117,em_icon_streak_max_payload,MP_EMBLEM_EDITOR/ICON_PAYLOAD,0,0,0,0,MP_EMBLEM_EDITOR/DECAL_TAB_ICONS,general,0.35,FALSE
icon,118,118,em_icon_streak_opportunistic,MP_EMBLEM_EDITOR/ICON_AERIAL_ASSAULT,0,0,0,0,MP_EMBLEM_EDITOR/DECAL_TAB_ICONS,general,0.35,FALSE
icon,119,119,em_icon_streak_overcooked,MP_EMBLEM_EDITOR/ICON_GURDIAN,0,0,0,0,MP_EMBLEM_EDITOR/DECAL_TAB_ICONS,general,0.35,FALSE
icon,120,120,em_icon_streak_pest_control,MP_EMBLEM_EDITOR/ICON_PEST_CONTROL,0,0,0,0,MP_EMBLEM_EDITOR/DECAL_TAB_ICONS,general,0.35,FALSE
icon,121,121,em_icon_streak_rc_multi_bomber,MP_EMBLEM_EDITOR/ICON_RC_BOMBER,0,0,0,0,MP_EMBLEM_EDITOR/DECAL_TAB_ICONS,general,0.35,FALSE
icon,122,122,em_icon_streak_shredder,MP_EMBLEM_EDITOR/ICON_MINI_GUN,0,0,0,0,MP_EMBLEM_EDITOR/DECAL_TAB_ICONS,general,0.35,FALSE
icon,123,123,em_icon_streak_small_game,MP_EMBLEM_EDITOR/ICON_SMALL_GAME,0,0,0,0,MP_EMBLEM_EDITOR/DECAL_TAB_ICONS,general,0.35,FALSE
icon,124,124,em_icon_streak_special_delivery,MP_EMBLEM_EDITOR/ICON_UAV,0,0,0,0,MP_EMBLEM_EDITOR/DECAL_TAB_ICONS,general,0.35,FALSE
icon,125,125,em_icon_streak_support_package,MP_EMBLEM_EDITOR/ICON_SPECIAL_DELIVERY,0,0,0,0,MP_EMBLEM_EDITOR/DECAL_TAB_ICONS,general,0.35,FALSE
icon,126,126,em_icon_streak_threat_neutral,MP_EMBLEM_EDITOR/ICON_FIGHTER_JET,0,0,0,0,MP_EMBLEM_EDITOR/DECAL_TAB_ICONS,general,0.35,FALSE
icon,127,127,em_icon_streak_thumper,MP_EMBLEM_EDITOR/ICON_GRENADE_LAUNCHER,0,0,0,0,MP_EMBLEM_EDITOR/DECAL_TAB_ICONS,general,0.35,FALSE
icon,128,128,em_icon_streak_tracker,MP_EMBLEM_EDITOR/ICON_TRACKER,0,0,0,0,MP_EMBLEM_EDITOR/DECAL_TAB_ICONS,general,0.35,FALSE
icon,129,129,em_icon_tdm_avenger,MP_EMBLEM_EDITOR/ICON_AVENGER,0,0,0,0,MP_EMBLEM_EDITOR/DECAL_TAB_ICONS,general,0.35,TRUE
icon,130,130,em_icon_tdm_crush_victory,MP_EMBLEM_EDITOR/ICON_TEAMWORK,0,0,0,0,MP_EMBLEM_EDITOR/DECAL_TAB_ICONS,general,0.35,TRUE
icon,131,131,em_icon_tdm_merciless,MP_EMBLEM_EDITOR/ICON_MERCILESS,0,0,0,0,MP_EMBLEM_EDITOR/DECAL_TAB_ICONS,general,0.35,TRUE
icon,132,132,em_icon_tdm_relentless,MP_EMBLEM_EDITOR/ICON_RENTLESS,0,0,0,0,MP_EMBLEM_EDITOR/DECAL_TAB_ICONS,general,0.35,TRUE
icon,133,133,em_icon_tdm_ruthless,MP_EMBLEM_EDITOR/ICON_RUTHLESS,0,0,0,0,MP_EMBLEM_EDITOR/DECAL_TAB_ICONS,general,0.35,TRUE
icon,134,134,em_icon_tdm_savior,MP_EMBLEM_EDITOR/ICON_SAVIOR,0,0,0,0,MP_EMBLEM_EDITOR/DECAL_TAB_ICONS,general,0.35,TRUE
icon,135,135,em_icon_tdm_triple_kill,MP_EMBLEM_EDITOR/ICON_TRIPLE_BULLETS,0,0,0,0,MP_EMBLEM_EDITOR/DECAL_TAB_ICONS,general,0.35,TRUE
icon,136,136,em_icon_wizard_hat,MP_EMBLEM_EDITOR/ICON_WIZARD_HAT,0,0,0,0,MP_EMBLEM_EDITOR/DECAL_TAB_ICONS,general,0.35,TRUE
icon,137,137,em_shape_circle_half,MP_EMBLEM_EDITOR/SHAPE_HALF_CIRCLE,0,0,0,0,MP_EMBLEM_EDITOR/DECAL_TAB_SYMBOLS,general,0.35,TRUE
icon,138,138,em_shape_circle_quarter,MP_EMBLEM_EDITOR/SHAPE_CIRCLE_QUARTER,0,0,0,0,MP_EMBLEM_EDITOR/DECAL_TAB_SYMBOLS,general,0.35,TRUE
icon,139,139,em_shape_diamond,MP_EMBLEM_EDITOR/SHAPE_DIAMOND,0,0,0,0,MP_EMBLEM_EDITOR/DECAL_TAB_SYMBOLS,general,0.35,TRUE
icon,140,140,em_shape_diamond_half,MP_EMBLEM_EDITOR/SHAPE_HALF_DIAMOND,0,0,0,0,MP_EMBLEM_EDITOR/DECAL_TAB_SYMBOLS,general,0.35,TRUE
icon,141,141,em_shape_odd_001,MP_EMBLEM_EDITOR/SHAPE_GOLF_FLAG,0,0,0,0,MP_EMBLEM_EDITOR/DECAL_TAB_SYMBOLS,general,0.35,TRUE
icon,142,142,em_shape_odd_002,MP_EMBLEM_EDITOR/SHAPE_TONGUE,0,0,0,0,MP_EMBLEM_EDITOR/DECAL_TAB_SYMBOLS,general,0.35,TRUE
icon,143,143,em_shape_odd_003,MP_EMBLEM_EDITOR/SHAPE_BROKEN_COLUMN,0,0,0,0,MP_EMBLEM_EDITOR/DECAL_TAB_SYMBOLS,general,0.35,TRUE
icon,144,144,em_shape_odd_004,MP_EMBLEM_EDITOR/SHAPE_VISOR,0,0,0,0,MP_EMBLEM_EDITOR/DECAL_TAB_SYMBOLS,general,0.35,TRUE
icon,145,145,em_shape_odd_005,MP_EMBLEM_EDITOR/SHAPE_BONE,0,0,0,0,MP_EMBLEM_EDITOR/DECAL_TAB_SYMBOLS,general,0.35,TRUE
icon,146,146,em_shape_odd_006,MP_EMBLEM_EDITOR/SHAPE_ARMCHAIR,0,0,0,0,MP_EMBLEM_EDITOR/DECAL_TAB_SYMBOLS,general,0.35,TRUE
icon,147,147,em_shape_odd_007,MP_EMBLEM_EDITOR/SHAPE_OVEN_MITT,0,0,0,0,MP_EMBLEM_EDITOR/DECAL_TAB_SYMBOLS,general,0.35,TRUE
icon,148,148,em_shape_odd_008,MP_EMBLEM_EDITOR/SHAPE_WIND_SOCK,0,0,0,0,MP_EMBLEM_EDITOR/DECAL_TAB_SYMBOLS,general,0.35,TRUE
icon,149,149,em_shape_odd_009,MP_EMBLEM_EDITOR/SHAPE_PODIUM,0,0,0,0,MP_EMBLEM_EDITOR/DECAL_TAB_SYMBOLS,general,0.35,TRUE
icon,150,150,em_shape_odd_010,MP_EMBLEM_EDITOR/SHAPE_PIE_SLICE,0,0,0,0,MP_EMBLEM_EDITOR/DECAL_TAB_SYMBOLS,general,0.35,TRUE
icon,151,151,em_shape_odd_011,MP_EMBLEM_EDITOR/SHAPE_FLASHLIGHT,0,0,0,0,MP_EMBLEM_EDITOR/DECAL_TAB_SYMBOLS,general,0.35,TRUE
icon,152,152,em_shape_odd_012,MP_EMBLEM_EDITOR/SHAPE_SCOOP,0,0,0,0,MP_EMBLEM_EDITOR/DECAL_TAB_SYMBOLS,general,0.35,TRUE
icon,153,153,em_shape_odd_013,MP_EMBLEM_EDITOR/SHAPE_FLAG_BREEZE,0,0,0,0,MP_EMBLEM_EDITOR/DECAL_TAB_SYMBOLS,general,0.35,TRUE
icon,154,154,em_shape_odd_014,MP_EMBLEM_EDITOR/SHAPE_FLAG_NO_WIND,0,0,0,0,MP_EMBLEM_EDITOR/DECAL_TAB_SYMBOLS,general,0.35,TRUE
icon,155,155,em_shape_odd_015,MP_EMBLEM_EDITOR/SHAPE_FEDORA,0,0,0,0,MP_EMBLEM_EDITOR/DECAL_TAB_SYMBOLS,general,0.35,TRUE
icon,156,156,em_shape_odd_016,MP_EMBLEM_EDITOR/SHAPE_AXE,0,0,0,0,MP_EMBLEM_EDITOR/DECAL_TAB_SYMBOLS,general,0.35,TRUE
icon,157,157,em_shape_odd_017,MP_EMBLEM_EDITOR/SHAPE_ROCK,0,0,0,0,MP_EMBLEM_EDITOR/DECAL_TAB_SYMBOLS,general,0.35,TRUE
icon,158,158,em_shape_odd_018,MP_EMBLEM_EDITOR/SHAPE_BIKE_RAMP,0,0,0,0,MP_EMBLEM_EDITOR/DECAL_TAB_SYMBOLS,general,0.35,TRUE
icon,159,159,em_shape_odd_019,MP_EMBLEM_EDITOR/SHAPE_HALF_COLUMN,0,0,0,0,MP_EMBLEM_EDITOR/DECAL_TAB_SYMBOLS,general,0.35,TRUE
icon,160,160,em_shape_odd_020,MP_EMBLEM_EDITOR/SHAPE_ROCK_SHADOW,0,0,0,0,MP_EMBLEM_EDITOR/DECAL_TAB_SYMBOLS,general,0.35,TRUE
icon,161,161,em_shape_odd_021,MP_EMBLEM_EDITOR/SHAPE_MONOLITH,0,0,0,0,MP_EMBLEM_EDITOR/DECAL_TAB_SYMBOLS,general,0.35,TRUE
icon,162,162,em_shape_odd_022,MP_EMBLEM_EDITOR/SHAPE_TOP_HAT,0,0,0,0,MP_EMBLEM_EDITOR/DECAL_TAB_SYMBOLS,general,0.35,TRUE
icon,163,163,em_shape_odd_023,MP_EMBLEM_EDITOR/SHAPE_IGLOO,0,0,0,0,MP_EMBLEM_EDITOR/DECAL_TAB_SYMBOLS,general,0.35,TRUE
icon,164,164,em_shape_odd_024,MP_EMBLEM_EDITOR/SHAPE_MANE,0,0,0,0,MP_EMBLEM_EDITOR/DECAL_TAB_SYMBOLS,general,0.35,TRUE
icon,165,165,em_shape_odd_025,MP_EMBLEM_EDITOR/SHAPE_SWOOP,0,0,0,0,MP_EMBLEM_EDITOR/DECAL_TAB_SYMBOLS,general,0.35,TRUE
icon,166,166,em_shape_odd_026,MP_EMBLEM_EDITOR/SHAPE_SHIELD_SYMBOL,0,0,0,0,MP_EMBLEM_EDITOR/DECAL_TAB_SYMBOLS,general,0.35,TRUE
icon,167,167,em_shape_odd_027,MP_EMBLEM_EDITOR/SHAPE_PAINT_SPLASH,0,0,0,0,MP_EMBLEM_EDITOR/DECAL_TAB_SYMBOLS,general,0.35,TRUE
icon,168,168,em_shape_odd_028,MP_EMBLEM_EDITOR/SHAPE_HALF_HEART,0,0,0,0,MP_EMBLEM_EDITOR/DECAL_TAB_SYMBOLS,general,0.35,TRUE
icon,169,169,em_shape_odd_029,MP_EMBLEM_EDITOR/SHAPE_CONE,0,0,0,0,MP_EMBLEM_EDITOR/DECAL_TAB_SYMBOLS,general,0.35,TRUE
icon,170,170,em_shape_odd_030,MP_EMBLEM_EDITOR/SHAPE_THIMBLE,0,0,0,0,MP_EMBLEM_EDITOR/DECAL_TAB_SYMBOLS,general,0.35,TRUE
icon,171,171,em_shape_odd_031,MP_EMBLEM_EDITOR/SHAPE_KISS,0,0,0,0,MP_EMBLEM_EDITOR/DECAL_TAB_SYMBOLS,general,0.35,TRUE
icon,172,172,em_shape_odd_032,MP_EMBLEM_EDITOR/SHAPE_NOSE,0,0,0,0,MP_EMBLEM_EDITOR/DECAL_TAB_SYMBOLS,general,0.35,TRUE
icon,173,173,em_shape_odd_033,MP_EMBLEM_EDITOR/SHAPE_QUARTER_EGG,0,0,0,0,MP_EMBLEM_EDITOR/DECAL_TAB_SYMBOLS,general,0.35,FALSE
icon,174,174,em_shape_odd_034,MP_EMBLEM_EDITOR/SHAPE_EGG,0,0,0,0,MP_EMBLEM_EDITOR/DECAL_TAB_SYMBOLS,general,0.35,TRUE
icon,175,175,em_shape_odd_035,MP_EMBLEM_EDITOR/SHAPE_ISLAND,0,0,0,0,MP_EMBLEM_EDITOR/DECAL_TAB_SYMBOLS,general,0.35,FALSE
icon,176,176,em_shape_odd_036,MP_EMBLEM_EDITOR/SHAPE_ARM,0,0,0,0,MP_EMBLEM_EDITOR/DECAL_TAB_SYMBOLS,general,0.35,FALSE
icon,177,177,em_shape_odd_037,MP_EMBLEM_EDITOR/SHAPE_VASE,0,0,0,0,MP_EMBLEM_EDITOR/DECAL_TAB_SYMBOLS,general,0.35,FALSE
icon,178,178,em_shape_odd_038,MP_EMBLEM_EDITOR/SHAPE_PILLOW,0,0,0,0,MP_EMBLEM_EDITOR/DECAL_TAB_SYMBOLS,general,0.35,TRUE
icon,179,179,em_shape_scribble,MP_EMBLEM_EDITOR/SHAPE_SCRIBBLE,0,0,0,0,MP_EMBLEM_EDITOR/DECAL_TAB_SYMBOLS,general,0.35,TRUE
icon,180,180,em_shape_square_rounded,MP_EMBLEM_EDITOR/SHAPE_ROUNDED_SQUARE,0,0,0,0,MP_EMBLEM_EDITOR/DECAL_TAB_SYMBOLS,general,0.35,TRUE
icon,181,181,em_shape_star_01,MP_EMBLEM_EDITOR/SHAPE_NINJA_STAR,0,0,0,0,MP_EMBLEM_EDITOR/DECAL_TAB_SYMBOLS,general,0.35,TRUE
icon,182,182,em_shape_star_01_half,MP_EMBLEM_EDITOR/SHAPE_HALF_NINJA_STAR,0,0,0,0,MP_EMBLEM_EDITOR/DECAL_TAB_SYMBOLS,general,0.35,TRUE
icon,183,183,em_shape_star_02,MP_EMBLEM_EDITOR/SHAPE_SHURIKEN,0,0,0,0,MP_EMBLEM_EDITOR/DECAL_TAB_SYMBOLS,general,0.35,TRUE
icon,184,184,em_shape_star_02_half,MP_EMBLEM_EDITOR/SHAPE_HALF_SHURIKEN,0,0,0,0,MP_EMBLEM_EDITOR/DECAL_TAB_SYMBOLS,general,0.35,TRUE
icon,185,185,em_shape_star_03,MP_EMBLEM_EDITOR/SHAPE_SUN_STAR,0,0,0,0,MP_EMBLEM_EDITOR/DECAL_TAB_SYMBOLS,general,0.35,TRUE
icon,186,186,em_shape_star_03_half,MP_EMBLEM_EDITOR/SHAPE_HALF_SUN_STAR,0,0,0,0,MP_EMBLEM_EDITOR/DECAL_TAB_SYMBOLS,general,0.35,TRUE
icon,187,187,em_shape_trap,MP_EMBLEM_EDITOR/SHAPE_TRAPEZIUM,0,0,0,0,MP_EMBLEM_EDITOR/DECAL_TAB_SYMBOLS,general,0.35,TRUE
icon,188,188,em_shape_triangle_rounded,MP_EMBLEM_EDITOR/SHAPE_ROUNDED_TRIANGLE,0,0,0,0,MP_EMBLEM_EDITOR/DECAL_TAB_SYMBOLS,general,0.35,TRUE
icon,189,189,em_shape_tube,MP_EMBLEM_EDITOR/SHAPE_TUBE,0,0,0,0,MP_EMBLEM_EDITOR/DECAL_TAB_SYMBOLS,general,0.35,TRUE
icon,190,190,em_shape_tube_half,MP_EMBLEM_EDITOR/SHAPE_HALF_TUBE,0,0,0,0,MP_EMBLEM_EDITOR/DECAL_TAB_SYMBOLS,general,0.35,FALSE
icon,198,198,em_icon_rank_01,MP_EMBLEM_EDITOR/RANK_ONE,0,0,0,0,MP_EMBLEM_EDITOR/DECAL_TAB_RANKS,general,0.35,TRUE
icon,199,199,em_icon_rank_02,MP_EMBLEM_EDITOR/RANK_TWO,0,0,0,0,MP_EMBLEM_EDITOR/DECAL_TAB_RANKS,general,0.35,TRUE
icon,200,200,em_icon_rank_03,MP_EMBLEM_EDITOR/RANK_THREE,0,0,0,0,MP_EMBLEM_EDITOR/DECAL_TAB_RANKS,general,0.35,TRUE
icon,201,201,em_icon_rank_04,MP_EMBLEM_EDITOR/RANK_FOUR,0,0,0,0,MP_EMBLEM_EDITOR/DECAL_TAB_RANKS,general,0.35,TRUE
icon,202,202,em_icon_rank_05,MP_EMBLEM_EDITOR/RANK_FIVE,0,0,0,0,MP_EMBLEM_EDITOR/DECAL_TAB_RANKS,general,0.35,TRUE
icon,203,203,em_icon_rank_06,MP_EMBLEM_EDITOR/RANK_SIX,0,0,0,0,MP_EMBLEM_EDITOR/DECAL_TAB_RANKS,general,0.35,TRUE
icon,204,204,em_icon_rank_07,MP_EMBLEM_EDITOR/RANK_SEVEN,0,0,0,0,MP_EMBLEM_EDITOR/DECAL_TAB_RANKS,general,0.35,TRUE
icon,205,205,em_icon_rank_08,MP_EMBLEM_EDITOR/RANK_EIGHT,0,0,0,0,MP_EMBLEM_EDITOR/DECAL_TAB_RANKS,general,0.35,TRUE
icon,206,206,em_icon_rank_09,MP_EMBLEM_EDITOR/RANK_NINE,0,0,0,0,MP_EMBLEM_EDITOR/DECAL_TAB_RANKS,general,0.35,TRUE
icon,208,208,em_icon_rank_10,MP_EMBLEM_EDITOR/RANK_TEN,0,0,0,0,MP_EMBLEM_EDITOR/DECAL_TAB_RANKS,general,0.35,TRUE
icon,209,209,em_icon_rank_11,MP_EMBLEM_EDITOR/RANK_ELEVEN,0,0,0,0,MP_EMBLEM_EDITOR/DECAL_TAB_RANKS,general,0.35,TRUE
icon,212,212,em_icon_rank_12,MP_EMBLEM_EDITOR/RANK_TWELVE,0,0,0,0,MP_EMBLEM_EDITOR/DECAL_TAB_RANKS,general,0.35,TRUE
icon,213,213,em_icon_rank_13,MP_EMBLEM_EDITOR/RANK_THIRTEEN,0,0,0,0,MP_EMBLEM_EDITOR/DECAL_TAB_RANKS,general,0.35,TRUE
icon,214,214,em_icon_rank_14,MP_EMBLEM_EDITOR/RANK_FOURTEEN,0,0,0,0,MP_EMBLEM_EDITOR/DECAL_TAB_RANKS,general,0.35,TRUE
icon,215,215,em_icon_rank_15,MP_EMBLEM_EDITOR/RANK_FIFTEEN,0,0,0,0,MP_EMBLEM_EDITOR/DECAL_TAB_RANKS,general,0.35,TRUE
icon,216,216,em_icon_rank_16,MP_EMBLEM_EDITOR/RANK_SIXTEEN,0,0,0,0,MP_EMBLEM_EDITOR/DECAL_TAB_RANKS,general,0.35,TRUE
icon,217,217,em_type_letter_a,MP_EMBLEM_EDITOR/TYPE_LETTER_A,0,0,0,0,MP_EMBLEM_EDITOR/DECAL_TAB_ALPHAS,general,0.35,TRUE
icon,218,218,em_type_letter_b,MP_EMBLEM_EDITOR/TYPE_LETTER_B,0,0,0,0,MP_EMBLEM_EDITOR/DECAL_TAB_ALPHAS,general,0.35,TRUE
icon,219,219,em_type_letter_c,MP_EMBLEM_EDITOR/TYPE_LETTER_C,0,0,0,0,MP_EMBLEM_EDITOR/DECAL_TAB_ALPHAS,general,0.35,TRUE
icon,220,220,em_type_letter_d,MP_EMBLEM_EDITOR/TYPE_LETTER_D,0,0,0,0,MP_EMBLEM_EDITOR/DECAL_TAB_ALPHAS,general,0.35,TRUE
icon,221,221,em_type_letter_e,MP_EMBLEM_EDITOR/TYPE_LETTER_E,0,0,0,0,MP_EMBLEM_EDITOR/DECAL_TAB_ALPHAS,general,0.35,TRUE
icon,222,222,em_type_letter_f,MP_EMBLEM_EDITOR/TYPE_LETTER_F,0,0,0,0,MP_EMBLEM_EDITOR/DECAL_TAB_ALPHAS,general,0.35,TRUE
icon,223,223,em_type_letter_g,MP_EMBLEM_EDITOR/TYPE_LETTER_G,0,0,0,0,MP_EMBLEM_EDITOR/DECAL_TAB_ALPHAS,general,0.35,TRUE
icon,224,224,em_type_letter_h,MP_EMBLEM_EDITOR/TYPE_LETTER_H,0,0,0,0,MP_EMBLEM_EDITOR/DECAL_TAB_ALPHAS,general,0.35,TRUE
icon,225,225,em_type_letter_i,MP_EMBLEM_EDITOR/TYPE_LETTER_I,0,0,0,0,MP_EMBLEM_EDITOR/DECAL_TAB_ALPHAS,general,0.35,TRUE
icon,226,226,em_type_letter_j,MP_EMBLEM_EDITOR/TYPE_LETTER_J,0,0,0,0,MP_EMBLEM_EDITOR/DECAL_TAB_ALPHAS,general,0.35,TRUE
icon,227,227,em_type_letter_k,MP_EMBLEM_EDITOR/TYPE_LETTER_K,0,0,0,0,MP_EMBLEM_EDITOR/DECAL_TAB_ALPHAS,general,0.35,TRUE
icon,228,228,em_type_letter_l,MP_EMBLEM_EDITOR/TYPE_LETTER_L,0,0,0,0,MP_EMBLEM_EDITOR/DECAL_TAB_ALPHAS,general,0.35,TRUE
icon,229,229,em_type_letter_m,MP_EMBLEM_EDITOR/TYPE_LETTER_M,0,0,0,0,MP_EMBLEM_EDITOR/DECAL_TAB_ALPHAS,general,0.35,TRUE
icon,230,230,em_type_letter_n,MP_EMBLEM_EDITOR/TYPE_LETTER_N,0,0,0,0,MP_EMBLEM_EDITOR/DECAL_TAB_ALPHAS,general,0.35,TRUE
icon,231,231,em_type_letter_o,MP_EMBLEM_EDITOR/TYPE_LETTER_O,0,0,0,0,MP_EMBLEM_EDITOR/DECAL_TAB_ALPHAS,general,0.35,TRUE
icon,232,232,em_type_letter_p,MP_EMBLEM_EDITOR/TYPE_LETTER_P,0,0,0,0,MP_EMBLEM_EDITOR/DECAL_TAB_ALPHAS,general,0.35,TRUE
icon,233,233,em_type_letter_q,MP_EMBLEM_EDITOR/TYPE_LETTER_Q,0,0,0,0,MP_EMBLEM_EDITOR/DECAL_TAB_ALPHAS,general,0.35,TRUE
icon,234,234,em_type_letter_r,MP_EMBLEM_EDITOR/TYPE_LETTER_R,0,0,0,0,MP_EMBLEM_EDITOR/DECAL_TAB_ALPHAS,general,0.35,TRUE
icon,235,235,em_type_letter_s,MP_EMBLEM_EDITOR/TYPE_LETTER_S,0,0,0,0,MP_EMBLEM_EDITOR/DECAL_TAB_ALPHAS,general,0.35,TRUE
icon,236,236,em_type_letter_t,MP_EMBLEM_EDITOR/TYPE_LETTER_T,0,0,0,0,MP_EMBLEM_EDITOR/DECAL_TAB_ALPHAS,general,0.35,TRUE
icon,237,237,em_type_letter_u,MP_EMBLEM_EDITOR/TYPE_LETTER_U,0,0,0,0,MP_EMBLEM_EDITOR/DECAL_TAB_ALPHAS,general,0.35,TRUE
icon,238,238,em_type_letter_v,MP_EMBLEM_EDITOR/TYPE_LETTER_V,0,0,0,0,MP_EMBLEM_EDITOR/DECAL_TAB_ALPHAS,general,0.35,TRUE
icon,239,239,em_type_letter_w,MP_EMBLEM_EDITOR/TYPE_LETTER_W,0,0,0,0,MP_EMBLEM_EDITOR/DECAL_TAB_ALPHAS,general,0.35,TRUE
icon,240,240,em_type_letter_x,MP_EMBLEM_EDITOR/TYPE_LETTER_X,0,0,0,0,MP_EMBLEM_EDITOR/DECAL_TAB_ALPHAS,general,0.35,TRUE
icon,241,241,em_type_letter_y,MP_EMBLEM_EDITOR/TYPE_LETTER_Y,0,0,0,0,MP_EMBLEM_EDITOR/DECAL_TAB_ALPHAS,general,0.35,TRUE
icon,242,242,em_type_letter_z,MP_EMBLEM_EDITOR/TYPE_LETTER_Z,0,0,0,0,MP_EMBLEM_EDITOR/DECAL_TAB_ALPHAS,general,0.35,TRUE
icon,243,243,em_type_num_0,MP_EMBLEM_EDITOR/TYPE_ZERO,0,0,0,0,MP_EMBLEM_EDITOR/DECAL_TAB_ALPHAS,general,0.35,TRUE
icon,244,244,em_type_num_1,MP_EMBLEM_EDITOR/TYPE_ONE,0,0,0,0,MP_EMBLEM_EDITOR/DECAL_TAB_ALPHAS,general,0.35,TRUE
icon,245,245,em_type_num_2,MP_EMBLEM_EDITOR/TYPE_TWO,0,0,0,0,MP_EMBLEM_EDITOR/DECAL_TAB_ALPHAS,general,0.35,TRUE
icon,246,246,em_type_num_3,MP_EMBLEM_EDITOR/TYPE_THREE,0,0,0,0,MP_EMBLEM_EDITOR/DECAL_TAB_ALPHAS,general,0.35,TRUE
icon,247,247,em_type_num_4,MP_EMBLEM_EDITOR/TYPE_FOUR,0,0,0,0,MP_EMBLEM_EDITOR/DECAL_TAB_ALPHAS,general,0.35,TRUE
icon,248,248,em_type_num_5,MP_EMBLEM_EDITOR/TYPE_FIVE,0,0,0,0,MP_EMBLEM_EDITOR/DECAL_TAB_ALPHAS,general,0.35,TRUE
icon,249,249,em_type_num_6,MP_EMBLEM_EDITOR/TYPE_SIX,0,0,0,0,MP_EMBLEM_EDITOR/DECAL_TAB_ALPHAS,general,0.35,TRUE
icon,250,250,em_type_num_7,MP_EMBLEM_EDITOR/TYPE_SEVEN,0,0,0,0,MP_EMBLEM_EDITOR/DECAL_TAB_ALPHAS,general,0.35,TRUE
icon,251,251,em_type_num_8,MP_EMBLEM_EDITOR/TYPE_EIGHT,0,0,0,0,MP_EMBLEM_EDITOR/DECAL_TAB_ALPHAS,general,0.35,TRUE
icon,252,252,em_type_num_9,MP_EMBLEM_EDITOR/TYPE_NINE,0,0,0,0,MP_EMBLEM_EDITOR/DECAL_TAB_ALPHAS,general,0.35,TRUE
icon,253,253,em_icon_lethal_explodingdrone,MP_EMBLEM_EDITOR/WEAPON_EXPLODING_DRONE,0,0,0,0,MP_EMBLEM_EDITOR/DECAL_TAB_WEAPONS,general,0.35,TRUE
icon,254,254,em_icon_lethal_flechette,MP_EMBLEM_EDITOR/WEAPON_FLECHETTE,0,0,0,0,MP_EMBLEM_EDITOR/DECAL_TAB_WEAPONS,general,0.35,TRUE
icon,255,255,em_icon_lethal_plasma,MP_EMBLEM_EDITOR/WEAPON_PLASMA_GRENADE,0,0,0,0,MP_EMBLEM_EDITOR/DECAL_TAB_WEAPONS,general,0.35,TRUE
icon,256,256,em_icon_lethal_seeker,MP_EMBLEM_EDITOR/WEAPON_SEEKER,0,0,0,0,MP_EMBLEM_EDITOR/DECAL_TAB_WEAPONS,general,0.35,TRUE
icon,258,258,em_icon_rank_17,MP_EMBLEM_EDITOR/RANK_SEVENTEEN,0,0,0,0,MP_EMBLEM_EDITOR/DECAL_TAB_RANKS,general,0.35,TRUE
icon,259,259,em_icon_rank_18,MP_EMBLEM_EDITOR/RANK_EIGHTEEN,0,0,0,0,MP_EMBLEM_EDITOR/DECAL_TAB_RANKS,general,0.35,TRUE
icon,260,260,em_icon_rank_19,MP_EMBLEM_EDITOR/RANK_NINETEEN,0,0,0,0,MP_EMBLEM_EDITOR/DECAL_TAB_RANKS,general,0.35,TRUE
icon,261,261,em_icon_rank_20,MP_EMBLEM_EDITOR/RANK_TWENTY,0,0,0,0,MP_EMBLEM_EDITOR/DECAL_TAB_RANKS,general,0.35,TRUE
icon,262,262,em_icon_rank_21,MP_EMBLEM_EDITOR/RANK_TWENTY_ONE,0,0,0,0,MP_EMBLEM_EDITOR/DECAL_TAB_RANKS,general,0.35,TRUE
icon,263,263,em_icon_lethal_tar,MP_EMBLEM_EDITOR/ICON_TAR,0,0,0,0,MP_EMBLEM_EDITOR/DECAL_TAB_WEAPONS,general,0.35,TRUE
icon,264,264,em_icon_tactical_blackout,MP_EMBLEM_EDITOR/ICON_BLACKOUT,0,0,0,0,MP_EMBLEM_EDITOR/DECAL_TAB_WEAPONS,general,0.35,TRUE
icon,265,265,em_icon_tactical_domeshield,MP_EMBLEM_EDITOR/ICON_DOME_SHIELD,0,0,0,0,MP_EMBLEM_EDITOR/DECAL_TAB_WEAPONS,general,0.35,TRUE
icon,266,266,em_icon_tactical_jammer,MP_EMBLEM_EDITOR/ICON_JAMMER,0,0,0,0,MP_EMBLEM_EDITOR/DECAL_TAB_WEAPONS,general,0.35,TRUE
icon,267,267,em_icon_tactical_personalradar,MP_EMBLEM_EDITOR/ICON_RADAR,0,0,0,0,MP_EMBLEM_EDITOR/DECAL_TAB_WEAPONS,general,0.35,TRUE
icon,268,268,em_icon_tactical_smoke,MP_EMBLEM_EDITOR/ICON_SMOKE,0,0,0,0,MP_EMBLEM_EDITOR/DECAL_TAB_WEAPONS,general,0.35,TRUE
icon,269,269,em_icon_killstreak_apex,MP_EMBLEM_EDITOR/ICON_APEX_OUTLINE,0,0,0,0,MP_EMBLEM_EDITOR/DECAL_TAB_ICONS,general,0.35,TRUE
icon,270,270,em_icon_killstreak_uav,MP_EMBLEM_EDITOR/ICON_UAV_OUTLINE,0,0,0,0,MP_EMBLEM_EDITOR/DECAL_TAB_ICONS,general,0.35,TRUE
icon,271,271,em_icon_killstreak_bombardment,MP_EMBLEM_EDITOR/ICON_BOMBARDMENT,0,0,0,0,MP_EMBLEM_EDITOR/DECAL_TAB_ICONS,general,0.35,TRUE
icon,272,272,em_icon_killstreak_c8,MP_EMBLEM_EDITOR/ICON_C8,0,0,0,0,MP_EMBLEM_EDITOR/DECAL_TAB_ICONS,general,0.35,TRUE
icon,273,273,em_icon_killstreak_cuav,MP_EMBLEM_EDITOR/ICON_COUNTER_UAV_OUTLINE,0,0,0,0,MP_EMBLEM_EDITOR/DECAL_TAB_ICONS,general,0.35,TRUE
icon,274,274,em_icon_killstreak_dronepackage,MP_EMBLEM_EDITOR/ICON_DRONE_OUTLINE,0,0,0,0,MP_EMBLEM_EDITOR/DECAL_TAB_ICONS,general,0.35,TRUE
icon,275,275,em_icon_killstreak_microturret,MP_EMBLEM_EDITOR/ICON_MICRO_TURRET,0,0,0,0,MP_EMBLEM_EDITOR/DECAL_TAB_ICONS,general,0.35,TRUE
icon,276,276,em_icon_killstreak_scorcher,MP_EMBLEM_EDITOR/ICON_SCORCHER_OUTLINE,0,0,0,0,MP_EMBLEM_EDITOR/DECAL_TAB_ICONS,general,0.35,TRUE
icon,277,277,em_icon_killstreak_shocksentry,MP_EMBLEM_EDITOR/ICON_SHOCK_OUTLINE,0,0,0,0,MP_EMBLEM_EDITOR/DECAL_TAB_ICONS,general,0.35,TRUE
icon,278,278,em_icon_killstreak_supertrophy,MP_EMBLEM_EDITOR/ICON_SUPER_TROPHY,0,0,0,0,MP_EMBLEM_EDITOR/DECAL_TAB_ICONS,general,0.35,TRUE
icon,279,279,em_icon_killstreak_thor,MP_EMBLEM_EDITOR/ICON_THOR_OUTLINE,0,0,0,0,MP_EMBLEM_EDITOR/DECAL_TAB_ICONS,general,0.35,TRUE
icon,280,281,em_icon_killstreak_venom,MP_EMBLEM_EDITOR/ICON_VENOM_OUTLINE,0,0,0,0,MP_EMBLEM_EDITOR/DECAL_TAB_ICONS,general,0.35,TRUE
icon,281,282,em_icon_killstreak_vulture,MP_EMBLEM_EDITOR/ICON_VULTURE_OL,0,0,0,0,MP_EMBLEM_EDITOR/DECAL_TAB_ICONS,general,0.35,TRUE
icon,282,283,em_icon_killstreak_warden,MP_EMBLEM_EDITOR/ICON_WARDEN_OUTLINE,0,0,0,0,MP_EMBLEM_EDITOR/DECAL_TAB_ICONS,general,0.35,TRUE
icon,283,284,em_icon_iw_killstreak_advanceuav2,MP_EMBLEM_EDITOR/ICON_ADVANCED_UAV,0,0,0,0,MP_EMBLEM_EDITOR/DECAL_TAB_ICONS,general,0.35,TRUE
icon,284,285,em_icon_iw_killstreak_apex2,MP_EMBLEM_EDITOR/ICON_APEX,0,0,0,0,MP_EMBLEM_EDITOR/DECAL_TAB_ICONS,general,0.35,TRUE
icon,285,286,em_icon_iw_killstreak_counteruav2,MP_EMBLEM_EDITOR/ICON_COUNTER_UAV,0,0,0,0,MP_EMBLEM_EDITOR/DECAL_TAB_ICONS,general,0.35,TRUE
icon,286,287,em_icon_iw_killstreak_dronepackage2,MP_EMBLEM_EDITOR/ICON_DRONE_PACKAGE,0,0,0,0,MP_EMBLEM_EDITOR/DECAL_TAB_ICONS,general,0.35,TRUE
icon,287,288,em_icon_iw_killstreak_dropship2,MP_EMBLEM_EDITOR/ICON_WARDEN,0,0,0,0,MP_EMBLEM_EDITOR/DECAL_TAB_ICONS,general,0.35,TRUE
icon,288,289,em_icon_iw_killstreak_rc82,MP_EMBLEM_EDITOR/ICON_RC82,0,0,0,0,MP_EMBLEM_EDITOR/DECAL_TAB_ICONS,general,0.35,TRUE
icon,289,290,em_icon_iw_killstreak_scarab2,MP_EMBLEM_EDITOR/ICON_SCARAB,0,0,0,0,MP_EMBLEM_EDITOR/DECAL_TAB_ICONS,general,0.35,TRUE
icon,290,291,em_icon_iw_killstreak_scorcher2,MP_EMBLEM_EDITOR/ICON_SCORCHER,0,0,0,0,MP_EMBLEM_EDITOR/DECAL_TAB_ICONS,general,0.35,TRUE
icon,291,292,em_icon_iw_killstreak_sentryturret2,MP_EMBLEM_EDITOR/ICON_VULTURE,0,0,0,0,MP_EMBLEM_EDITOR/DECAL_TAB_ICONS,general,0.35,TRUE
icon,292,293,em_icon_iw_killstreak_shocksentry2,MP_EMBLEM_EDITOR/ICON_SENTRY,0,0,0,0,MP_EMBLEM_EDITOR/DECAL_TAB_ICONS,general,0.35,TRUE
icon,293,294,em_icon_iw_killstreak_thor2,MP_EMBLEM_EDITOR/ICON_THOR,0,0,0,0,MP_EMBLEM_EDITOR/DECAL_TAB_ICONS,general,0.35,TRUE
icon,294,295,em_icon_iw_killstreak_trinity2,MP_EMBLEM_EDITOR/ICON_TRINITY,0,0,0,0,MP_EMBLEM_EDITOR/DECAL_TAB_ICONS,general,0.35,TRUE
icon,295,296,em_icon_iw_killstreak_uav2,MP_EMBLEM_EDITOR/ICON_UAV,0,0,0,0,MP_EMBLEM_EDITOR/DECAL_TAB_ICONS,general,0.35,TRUE
icon,296,297,em_icon_iw_jackal1,MP_EMBLEM_EDITOR/ICON_JACKAL_TOP,0,0,0,0,MP_EMBLEM_EDITOR/DECAL_TAB_ICONS,general,0.35,TRUE
icon,297,298,em_icon_iw_jackal2,MP_EMBLEM_EDITOR/ICON_JACKAL_FRONT,0,0,0,0,MP_EMBLEM_EDITOR/DECAL_TAB_ICONS,general,0.35,TRUE
icon,298,299,em_icon_iw_jackal3,MP_EMBLEM_EDITOR/ICON_JACKAL_BOTTOM,0,0,0,0,MP_EMBLEM_EDITOR/DECAL_TAB_ICONS,general,0.35,TRUE
icon,299,300,em_icon_iw_arrow1,MP_EMBLEM_EDITOR/TRIANGLE,0,0,0,0,MP_EMBLEM_EDITOR/DECAL_TAB_SYMBOLS,general,0.35,TRUE
icon,300,301,em_icon_iw_arrow2,MP_EMBLEM_EDITOR/SPEARHEAD,0,0,0,0,MP_EMBLEM_EDITOR/DECAL_TAB_SYMBOLS,general,0.35,TRUE
icon,301,302,em_icon_iw_arrow3,MP_EMBLEM_EDITOR/WOLFHEAD,0,0,0,0,MP_EMBLEM_EDITOR/DECAL_TAB_SYMBOLS,general,0.35,TRUE
icon,302,303,em_icon_iw_arrow4,MP_EMBLEM_EDITOR/ARROW,0,0,0,0,MP_EMBLEM_EDITOR/DECAL_TAB_ICONS,general,0.35,TRUE
icon,303,304,em_icon_iw_arrow5,MP_EMBLEM_EDITOR/DETAILED_ARROW,0,0,0,0,MP_EMBLEM_EDITOR/DECAL_TAB_ICONS,general,0.35,TRUE
icon,304,305,em_icon_iw_axe1,MP_EMBLEM_EDITOR/HALBERD_AXE,0,0,0,0,MP_EMBLEM_EDITOR/DECAL_TAB_ICONS,general,0.35,TRUE
icon,305,306,em_icon_iw_banner1,MP_EMBLEM_EDITOR/ARROW_BANNER,0,0,0,0,MP_EMBLEM_EDITOR/DECAL_TAB_SYMBOLS,general,0.35,TRUE
icon,306,307,em_icon_iw_banner10,MP_EMBLEM_EDITOR/SMILE,0,0,0,0,MP_EMBLEM_EDITOR/DECAL_TAB_SYMBOLS,general,0.35,TRUE
icon,307,308,em_icon_iw_banner2,MP_EMBLEM_EDITOR/TRIPPLE_BANNER,0,0,0,0,MP_EMBLEM_EDITOR/DECAL_TAB_SYMBOLS,general,0.35,TRUE
icon,308,309,em_icon_iw_banner3,MP_EMBLEM_EDITOR/BANNER,0,0,0,0,MP_EMBLEM_EDITOR/DECAL_TAB_SYMBOLS,general,0.35,TRUE
icon,309,310,em_icon_iw_banner4,MP_EMBLEM_EDITOR/TABLE_BANNER,0,0,0,0,MP_EMBLEM_EDITOR/DECAL_TAB_SYMBOLS,general,0.35,TRUE
icon,310,311,em_icon_iw_banner5,MP_EMBLEM_EDITOR/STRAIGHT_BANNER,0,0,0,0,MP_EMBLEM_EDITOR/DECAL_TAB_SYMBOLS,general,0.35,TRUE
icon,311,312,em_icon_iw_banner6,MP_EMBLEM_EDITOR/BANNER_EDGE,0,0,0,0,MP_EMBLEM_EDITOR/DECAL_TAB_SYMBOLS,general,0.35,TRUE
icon,312,313,em_icon_iw_banner7,MP_EMBLEM_EDITOR/SAUCER,0,0,0,0,MP_EMBLEM_EDITOR/DECAL_TAB_SYMBOLS,general,0.35,TRUE
icon,313,314,em_icon_iw_banner8,MP_EMBLEM_EDITOR/BOWL,0,0,0,0,MP_EMBLEM_EDITOR/DECAL_TAB_SYMBOLS,general,0.35,TRUE
icon,314,315,em_icon_iw_banner9,MP_EMBLEM_EDITOR/SASH,0,0,0,0,MP_EMBLEM_EDITOR/DECAL_TAB_SYMBOLS,general,0.35,TRUE
icon,315,316,em_icon_iw_barcode,MP_EMBLEM_EDITOR/BARCODE,0,0,0,0,MP_EMBLEM_EDITOR/DECAL_TAB_ICONS,general,0.35,TRUE
icon,316,317,em_icon_iw_championbelt1,MP_EMBLEM_EDITOR/CHAMPION_BELT,0,0,0,0,MP_EMBLEM_EDITOR/DECAL_TAB_ICONS,general,0.35,TRUE
icon,317,318,em_icon_iw_chevron1,MP_EMBLEM_EDITOR/RANK_PRIVATE,0,0,0,0,MP_EMBLEM_EDITOR/DECAL_TAB_RANKS,general,0.35,TRUE
icon,318,319,em_icon_iw_chevron2,MP_EMBLEM_EDITOR/RANK_PRIVATE_FIRST,0,0,0,0,MP_EMBLEM_EDITOR/DECAL_TAB_RANKS,general,0.35,TRUE
icon,319,320,em_icon_iw_chevron3,MP_EMBLEM_EDITOR/GUITARPICK,0,0,0,0,MP_EMBLEM_EDITOR/DECAL_TAB_SYMBOLS,general,0.35,TRUE
icon,320,321,em_icon_iw_chevron4,MP_EMBLEM_EDITOR/RANK_SERGEANT,0,0,0,0,MP_EMBLEM_EDITOR/DECAL_TAB_RANKS,general,0.35,TRUE
icon,321,322,em_icon_iw_chevron5,MP_EMBLEM_EDITOR/RANK_CORPORAL,0,0,0,0,MP_EMBLEM_EDITOR/DECAL_TAB_RANKS,general,0.35,TRUE
icon,322,323,em_icon_iw_chevron6,MP_EMBLEM_EDITOR/POINT,0,0,0,0,MP_EMBLEM_EDITOR/DECAL_TAB_SYMBOLS,general,0.35,TRUE
icon,323,324,em_icon_iw_crown1,MP_EMBLEM_EDITOR/KINGS_CROWN,0,0,0,0,MP_EMBLEM_EDITOR/DECAL_TAB_ICONS,general,0.35,TRUE
icon,324,325,em_icon_iw_crown2,MP_EMBLEM_EDITOR/QUEENS_CROWN,0,0,0,0,MP_EMBLEM_EDITOR/DECAL_TAB_ICONS,general,0.35,TRUE
icon,325,326,em_icon_iw_edge1,MP_EMBLEM_EDITOR/EDGE,0,0,0,0,MP_EMBLEM_EDITOR/DECAL_TAB_SYMBOLS,general,0.35,TRUE
icon,326,327,em_icon_iw_flag1,MP_EMBLEM_EDITOR/FLAG,0,0,0,0,MP_EMBLEM_EDITOR/DECAL_TAB_ICONS,general,0.35,TRUE
icon,356,357,em_icon_iw_leaf1,MP_EMBLEM_EDITOR/LEAFS,0,0,0,0,MP_EMBLEM_EDITOR/DECAL_TAB_ICONS,general,0.35,TRUE
icon,357,358,em_icon_iw_leaf2,MP_EMBLEM_EDITOR/GREEK_LEAFS,0,0,0,0,MP_EMBLEM_EDITOR/DECAL_TAB_ICONS,general,0.35,TRUE
icon,358,359,em_icon_iw_leaf3,MP_EMBLEM_EDITOR/LAUREL_LEAFS,0,0,0,0,MP_EMBLEM_EDITOR/DECAL_TAB_ICONS,general,0.35,TRUE
icon,359,360,em_icon_iw_leaf4,MP_EMBLEM_EDITOR/FEATHER,0,0,0,0,MP_EMBLEM_EDITOR/DECAL_TAB_ICONS,general,0.35,TRUE
icon,360,361,em_icon_iw_logo_sato,MP_EMBLEM_EDITOR/SATO,0,0,0,0,MP_EMBLEM_EDITOR/DECAL_TAB_ICONS,general,0.35,TRUE
icon,361,362,em_icon_iw_logo_sdf2,MP_EMBLEM_EDITOR/SDF,0,0,0,0,MP_EMBLEM_EDITOR/DECAL_TAB_ICONS,general,0.35,TRUE
icon,362,363,em_icon_iw_logo_unsa2,MP_EMBLEM_EDITOR/USNA,0,0,0,0,MP_EMBLEM_EDITOR/DECAL_TAB_ICONS,general,0.35,TRUE
icon,363,364,em_icon_iw_ring1,MP_EMBLEM_EDITOR/RING,0,0,0,0,MP_EMBLEM_EDITOR/DECAL_TAB_SYMBOLS,general,0.35,TRUE
icon,364,365,em_icon_iw_sdf1,MP_EMBLEM_EDITOR/SDF_TARGET,0,0,0,0,MP_EMBLEM_EDITOR/DECAL_TAB_ICONS,general,0.35,TRUE
icon,365,366,em_icon_iw_sdf10,MP_EMBLEM_EDITOR/SDF_MARKING,0,0,0,0,MP_EMBLEM_EDITOR/DECAL_TAB_ICONS,general,0.35,TRUE
icon,366,367,em_icon_iw_sdf2,MP_EMBLEM_EDITOR/SDF_PRIME,0,0,0,0,MP_EMBLEM_EDITOR/DECAL_TAB_ICONS,general,0.35,TRUE
icon,367,368,em_icon_iw_sdf3,MP_EMBLEM_EDITOR/SDF_PATTERN,0,0,0,0,MP_EMBLEM_EDITOR/DECAL_TAB_ICONS,general,0.35,TRUE
icon,368,369,em_icon_iw_sdf4,MP_EMBLEM_EDITOR/WIDOW,0,0,0,0,MP_EMBLEM_EDITOR/DECAL_TAB_SYMBOLS,general,0.35,TRUE
icon,369,370,em_icon_iw_sdf5,MP_EMBLEM_EDITOR/COTTON_REEL,0,0,0,0,MP_EMBLEM_EDITOR/DECAL_TAB_SYMBOLS,general,0.35,TRUE
icon,370,371,em_icon_iw_sdf6,MP_EMBLEM_EDITOR/HOUR_GLASS,0,0,0,0,MP_EMBLEM_EDITOR/DECAL_TAB_SYMBOLS,general,0.35,TRUE
icon,371,372,em_icon_iw_sdf7,MP_EMBLEM_EDITOR/DOUBLE_HOURGLASS,0,0,0,0,MP_EMBLEM_EDITOR/DECAL_TAB_SYMBOLS,general,0.35,TRUE
icon,372,373,em_icon_iw_sdf8,MP_EMBLEM_EDITOR/SDF_LOGO,0,0,0,0,MP_EMBLEM_EDITOR/DECAL_TAB_ICONS,general,0.35,TRUE
icon,373,374,em_icon_iw_sdf9,MP_EMBLEM_EDITOR/HAZZARD,0,0,0,0,MP_EMBLEM_EDITOR/DECAL_TAB_SYMBOLS,general,0.35,TRUE
icon,374,375,em_icon_iw_shape1,MP_EMBLEM_EDITOR/PENTAGON,0,0,0,0,MP_EMBLEM_EDITOR/DECAL_TAB_SYMBOLS,general,0.35,TRUE
icon,375,376,em_icon_iw_shape10,MP_EMBLEM_EDITOR/FOX,0,0,0,0,MP_EMBLEM_EDITOR/DECAL_TAB_SYMBOLS,general,0.35,TRUE
icon,376,377,em_icon_iw_shape11,MP_EMBLEM_EDITOR/PENCIL,0,0,0,0,MP_EMBLEM_EDITOR/DECAL_TAB_SYMBOLS,general,0.35,TRUE
icon,377,378,em_icon_iw_shape12,MP_EMBLEM_EDITOR/PLAQUE,0,0,0,0,MP_EMBLEM_EDITOR/DECAL_TAB_SYMBOLS,general,0.35,TRUE
icon,378,379,em_icon_iw_shape13,MP_EMBLEM_EDITOR/FLIPPED_PENTAGON,0,0,0,0,MP_EMBLEM_EDITOR/DECAL_TAB_SYMBOLS,general,0.35,TRUE
icon,380,381,em_icon_iw_shape15,MP_EMBLEM_EDITOR/KNIGHTS_SHIELD,0,0,0,0,MP_EMBLEM_EDITOR/DECAL_TAB_SYMBOLS,general,0.35,TRUE
icon,381,382,em_icon_iw_shape16,MP_EMBLEM_EDITOR/UNSA_SHAPE,0,0,0,0,MP_EMBLEM_EDITOR/DECAL_TAB_SYMBOLS,general,0.35,TRUE
icon,382,383,em_icon_iw_shape17,MP_EMBLEM_EDITOR/RETICLE,0,0,0,0,MP_EMBLEM_EDITOR/DECAL_TAB_SYMBOLS,general,0.35,TRUE
icon,383,384,em_icon_iw_shape18,MP_EMBLEM_EDITOR/CIRCLE_BORDER,0,0,0,0,MP_EMBLEM_EDITOR/DECAL_TAB_SYMBOLS,general,0.35,TRUE
icon,384,385,em_icon_iw_shape19,MP_EMBLEM_EDITOR/DIAMOND_STAR,0,0,0,0,MP_EMBLEM_EDITOR/DECAL_TAB_SYMBOLS,general,0.35,TRUE
icon,385,386,em_icon_iw_shape2,MP_EMBLEM_EDITOR/ROUNDED_RECTANGLE,0,0,0,0,MP_EMBLEM_EDITOR/DECAL_TAB_SYMBOLS,general,0.35,TRUE
icon,386,387,em_icon_iw_shape20,MP_EMBLEM_EDITOR/DIAMOND_TRIANGLE,0,0,0,0,MP_EMBLEM_EDITOR/DECAL_TAB_SYMBOLS,general,0.35,TRUE
icon,387,388,em_icon_iw_shape21,MP_EMBLEM_EDITOR/KITE,0,0,0,0,MP_EMBLEM_EDITOR/DECAL_TAB_SYMBOLS,general,0.35,TRUE
icon,388,389,em_icon_iw_shape22,MP_EMBLEM_EDITOR/THROWING_STAR,0,0,0,0,MP_EMBLEM_EDITOR/DECAL_TAB_SYMBOLS,general,0.35,TRUE
icon,389,390,em_icon_iw_shape23,MP_EMBLEM_EDITOR/CURVED_TRIANGLE,0,0,0,0,MP_EMBLEM_EDITOR/DECAL_TAB_SYMBOLS,general,0.35,TRUE
icon,390,391,em_icon_iw_shape24,MP_EMBLEM_EDITOR/PLANT,0,0,0,0,MP_EMBLEM_EDITOR/DECAL_TAB_ICONS,general,0.35,TRUE
icon,391,392,em_icon_iw_shape25,MP_EMBLEM_EDITOR/REBEL,0,0,0,0,MP_EMBLEM_EDITOR/DECAL_TAB_ICONS,general,0.35,TRUE
icon,392,393,em_icon_iw_shape26,MP_EMBLEM_EDITOR/PIT,0,0,0,0,MP_EMBLEM_EDITOR/DECAL_TAB_ICONS,general,0.35,TRUE
icon,393,394,em_icon_iw_shape27,MP_EMBLEM_EDITOR/MEDICAL,0,0,0,0,MP_EMBLEM_EDITOR/DECAL_TAB_ICONS,general,0.35,TRUE
icon,394,395,em_icon_iw_shape28,MP_EMBLEM_EDITOR/LANDING_PAD,0,0,0,0,MP_EMBLEM_EDITOR/DECAL_TAB_ICONS,general,0.35,TRUE
icon,395,396,em_icon_iw_shape29,MP_EMBLEM_EDITOR/DIAMOND_FORMATION,0,0,0,0,MP_EMBLEM_EDITOR/DECAL_TAB_ICONS,general,0.35,TRUE
icon,396,397,em_icon_iw_shape3,MP_EMBLEM_EDITOR/HALF_TUBE,0,0,0,0,MP_EMBLEM_EDITOR/DECAL_TAB_SYMBOLS,general,0.35,TRUE
icon,397,398,em_icon_iw_shape30,MP_EMBLEM_EDITOR/GEAR,0,0,0,0,MP_EMBLEM_EDITOR/DECAL_TAB_SYMBOLS,general,0.35,TRUE
icon,398,399,em_icon_iw_shape31,MP_EMBLEM_EDITOR/COG,0,0,0,0,MP_EMBLEM_EDITOR/DECAL_TAB_SYMBOLS,general,0.35,TRUE
icon,399,400,em_icon_iw_shape32,MP_EMBLEM_EDITOR/LIGHTNING_BOLT,0,0,0,0,MP_EMBLEM_EDITOR/DECAL_TAB_SYMBOLS,general,0.35,TRUE
icon,401,402,em_icon_iw_shape34,MP_EMBLEM_EDITOR/PIN,0,0,0,0,MP_EMBLEM_EDITOR/DECAL_TAB_SYMBOLS,general,0.35,TRUE
icon,402,403,em_icon_iw_shape35,MP_EMBLEM_EDITOR/SHIELD_OUTLINE,0,0,0,0,MP_EMBLEM_EDITOR/DECAL_TAB_ICONS,general,0.35,TRUE
icon,403,404,em_icon_iw_shape36,MP_EMBLEM_EDITOR/TREBLE_OUTLINE,0,0,0,0,MP_EMBLEM_EDITOR/DECAL_TAB_ICONS,general,0.35,TRUE
icon,404,405,em_icon_iw_shape37,MP_EMBLEM_EDITOR/ICON_SHIELD,0,0,0,0,MP_EMBLEM_EDITOR/DECAL_TAB_ICONS,general,0.35,TRUE
icon,405,406,em_icon_iw_shape38,MP_EMBLEM_EDITOR/TREBLE,0,0,0,0,MP_EMBLEM_EDITOR/DECAL_TAB_ICONS,general,0.35,TRUE
icon,406,407,em_icon_iw_shape39,MP_EMBLEM_EDITOR/CAT,0,0,0,0,MP_EMBLEM_EDITOR/DECAL_TAB_SYMBOLS,general,0.35,TRUE
icon,407,408,em_icon_iw_shape4,MP_EMBLEM_EDITOR/BADGE,0,0,0,0,MP_EMBLEM_EDITOR/DECAL_TAB_SYMBOLS,general,0.35,TRUE
icon,408,409,em_icon_iw_shape40,MP_EMBLEM_EDITOR/BIRD,0,0,0,0,MP_EMBLEM_EDITOR/DECAL_TAB_SYMBOLS,general,0.35,TRUE
icon,409,410,em_icon_iw_shape41,MP_EMBLEM_EDITOR/JEWEL,0,0,0,0,MP_EMBLEM_EDITOR/DECAL_TAB_SYMBOLS,general,0.35,TRUE
icon,410,411,em_icon_iw_shape42,MP_EMBLEM_EDITOR/SPOILER,0,0,0,0,MP_EMBLEM_EDITOR/DECAL_TAB_SYMBOLS,general,0.35,TRUE
icon,411,412,em_icon_iw_shape43,MP_EMBLEM_EDITOR/ROUND_TABLE,0,0,0,0,MP_EMBLEM_EDITOR/DECAL_TAB_ICONS,general,0.35,TRUE
icon,412,413,em_icon_iw_shape44,MP_EMBLEM_EDITOR/BULLSEYE,0,0,0,0,MP_EMBLEM_EDITOR/DECAL_TAB_ICONS,general,0.35,TRUE
icon,413,414,em_icon_iw_shape45,MP_EMBLEM_EDITOR/RADAR,0,0,0,0,MP_EMBLEM_EDITOR/DECAL_TAB_ICONS,general,0.35,TRUE
icon,414,415,em_icon_iw_shape46,MP_EMBLEM_EDITOR/PEACOCK,0,0,0,0,MP_EMBLEM_EDITOR/DECAL_TAB_ICONS,general,0.35,TRUE
icon,415,416,em_icon_iw_shape47,MP_EMBLEM_EDITOR/WORLD_WIDE,0,0,0,0,MP_EMBLEM_EDITOR/DECAL_TAB_ICONS,general,0.35,TRUE
icon,416,417,em_icon_iw_shape48,MP_EMBLEM_EDITOR/AMERICA,0,0,0,0,MP_EMBLEM_EDITOR/DECAL_TAB_ICONS,general,0.35,TRUE
icon,417,418,em_icon_iw_shape49,MP_EMBLEM_EDITOR/EARTH,0,0,0,0,MP_EMBLEM_EDITOR/DECAL_TAB_ICONS,general,0.35,TRUE
icon,418,419,em_icon_iw_shape5,MP_EMBLEM_EDITOR/POLICE_SHIELD,0,0,0,0,MP_EMBLEM_EDITOR/DECAL_TAB_SYMBOLS,general,0.35,TRUE
icon,419,420,em_icon_iw_shape6,MP_EMBLEM_EDITOR/GEOMETRIC,0,0,0,0,MP_EMBLEM_EDITOR/DECAL_TAB_SYMBOLS,general,0.35,TRUE
icon,420,421,em_icon_iw_shape7,MP_EMBLEM_EDITOR/TWO_HEXAGONS,0,0,0,0,MP_EMBLEM_EDITOR/DECAL_TAB_SYMBOLS,general,0.35,TRUE
icon,421,422,em_icon_iw_shape8,MP_EMBLEM_EDITOR/HEXAGON,0,0,0,0,MP_EMBLEM_EDITOR/DECAL_TAB_SYMBOLS,general,0.35,TRUE
icon,422,423,em_icon_iw_shape9,MP_EMBLEM_EDITOR/ROUNDED_HEXAGON,0,0,0,0,MP_EMBLEM_EDITOR/DECAL_TAB_SYMBOLS,general,0.35,TRUE
icon,423,424,em_icon_iw_skull1,MP_EMBLEM_EDITOR/KILLS,0,0,0,0,MP_EMBLEM_EDITOR/DECAL_TAB_ICONS,general,0.35,TRUE
icon,424,425,em_icon_iw_skull2,MP_EMBLEM_EDITOR/DEATH,0,0,0,0,MP_EMBLEM_EDITOR/DECAL_TAB_ICONS,general,0.35,TRUE
icon,425,426,em_icon_iw_spacelines1,MP_EMBLEM_EDITOR/SPACE_LINES,0,0,0,0,MP_EMBLEM_EDITOR/DECAL_TAB_SYMBOLS,general,0.35,TRUE
icon,427,428,em_icon_iw_spacelines11,MP_EMBLEM_EDITOR/HOCKEY_STICK,0,0,0,0,MP_EMBLEM_EDITOR/DECAL_TAB_SYMBOLS,general,0.35,TRUE
icon,428,429,em_icon_iw_spacelines12,MP_EMBLEM_EDITOR/BARBER_BLADE,0,0,0,0,MP_EMBLEM_EDITOR/DECAL_TAB_SYMBOLS,general,0.35,TRUE
icon,429,430,em_icon_iw_spacelines2,MP_EMBLEM_EDITOR/RAINBOW,0,0,0,0,MP_EMBLEM_EDITOR/DECAL_TAB_ICONS,general,0.35,TRUE
icon,430,431,em_icon_iw_spacelines3,MP_EMBLEM_EDITOR/HALF_RAINBOW,0,0,0,0,MP_EMBLEM_EDITOR/DECAL_TAB_ICONS,general,0.35,TRUE
icon,431,432,em_icon_iw_spacelines4,MP_EMBLEM_EDITOR/LINES,0,0,0,0,MP_EMBLEM_EDITOR/DECAL_TAB_ICONS,general,0.35,TRUE
icon,432,433,em_icon_iw_spacelines5,MP_EMBLEM_EDITOR/RACING_STRIPES,0,0,0,0,MP_EMBLEM_EDITOR/DECAL_TAB_ICONS,general,0.35,TRUE
icon,433,434,em_icon_iw_spacelines6,MP_EMBLEM_EDITOR/ROUNDED_EDGE,0,0,0,0,MP_EMBLEM_EDITOR/DECAL_TAB_SYMBOLS,general,0.35,TRUE
icon,434,435,em_icon_iw_spacelines7,MP_EMBLEM_EDITOR/ECLIPSE,0,0,0,0,MP_EMBLEM_EDITOR/DECAL_TAB_SYMBOLS,general,0.35,TRUE
icon,435,436,em_icon_iw_spacelines8,MP_EMBLEM_EDITOR/RACING_LINE,0,0,0,0,MP_EMBLEM_EDITOR/DECAL_TAB_SYMBOLS,general,0.35,TRUE
icon,437,438,em_icon_iw_star1,MP_EMBLEM_EDITOR/STAR,0,0,0,0,MP_EMBLEM_EDITOR/DECAL_TAB_SYMBOLS,general,0.35,TRUE
icon,438,439,em_icon_iw_star10,MP_EMBLEM_EDITOR/BRIGHT_STAR,0,0,0,0,MP_EMBLEM_EDITOR/DECAL_TAB_SYMBOLS,general,0.35,TRUE
icon,439,440,em_icon_iw_star11,MP_EMBLEM_EDITOR/CREED,0,0,0,0,MP_EMBLEM_EDITOR/DECAL_TAB_ICONS,general,0.35,TRUE
icon,440,441,em_icon_iw_star12,MP_EMBLEM_EDITOR/NERVE,0,0,0,0,MP_EMBLEM_EDITOR/DECAL_TAB_ICONS,general,0.35,TRUE
icon,441,442,em_icon_iw_star13,MP_EMBLEM_EDITOR/SUPER_STAR,0,0,0,0,MP_EMBLEM_EDITOR/DECAL_TAB_ICONS,general,0.35,TRUE
icon,442,443,em_icon_iw_star14,MP_EMBLEM_EDITOR/STAR_BURST,0,0,0,0,MP_EMBLEM_EDITOR/DECAL_TAB_ICONS,general,0.35,TRUE
icon,443,444,em_icon_iw_star15,MP_EMBLEM_EDITOR/SUNRISE,0,0,0,0,MP_EMBLEM_EDITOR/DECAL_TAB_ICONS,general,0.35,TRUE
icon,445,446,em_icon_iw_star3,MP_EMBLEM_EDITOR/STAR_CHILD,0,0,0,0,MP_EMBLEM_EDITOR/DECAL_TAB_SYMBOLS,general,0.35,TRUE
icon,446,447,em_icon_iw_star4,MP_EMBLEM_EDITOR/NORTH_STAR,0,0,0,0,MP_EMBLEM_EDITOR/DECAL_TAB_SYMBOLS,general,0.35,TRUE
icon,447,448,em_icon_iw_star5,MP_EMBLEM_EDITOR/TWINKLE,0,0,0,0,MP_EMBLEM_EDITOR/DECAL_TAB_ICONS,general,0.35,TRUE
icon,448,449,em_icon_iw_star6,MP_EMBLEM_EDITOR/FLAG_STARS,0,0,0,0,MP_EMBLEM_EDITOR/DECAL_TAB_ICONS,general,0.35,TRUE
icon,449,450,em_icon_iw_star7,MP_EMBLEM_EDITOR/STAR_CIRCLE,0,0,0,0,MP_EMBLEM_EDITOR/DECAL_TAB_ICONS,general,0.35,TRUE
icon,450,451,em_icon_iw_star8,MP_EMBLEM_EDITOR/WEED,0,0,0,0,MP_EMBLEM_EDITOR/DECAL_TAB_SYMBOLS,general,0.35,TRUE
icon,451,452,em_icon_iw_star9,MP_EMBLEM_EDITOR/KNIGHTS_STAR,0,0,0,0,MP_EMBLEM_EDITOR/DECAL_TAB_SYMBOLS,general,0.35,TRUE
icon,452,453,em_icon_iw_sword1,MP_EMBLEM_EDITOR/SWORD,0,0,0,0,MP_EMBLEM_EDITOR/DECAL_TAB_ICONS,general,0.35,TRUE
icon,453,454,em_icon_iw_sword2,MP_EMBLEM_EDITOR/ARABIAN_SWORD,0,0,0,0,MP_EMBLEM_EDITOR/DECAL_TAB_ICONS,general,0.35,TRUE
icon,454,455,em_icon_iw_sword3,MP_EMBLEM_EDITOR/PIRATE_SWORD,0,0,0,0,MP_EMBLEM_EDITOR/DECAL_TAB_ICONS,general,0.35,TRUE
icon,455,456,em_icon_iw_wing1,MP_EMBLEM_EDITOR/ANGEL_WINGS,0,0,0,0,MP_EMBLEM_EDITOR/DECAL_TAB_ICONS,general,0.35,TRUE
icon,456,457,em_icon_iw_wing2,MP_EMBLEM_EDITOR/QUILL,0,0,0,0,MP_EMBLEM_EDITOR/DECAL_TAB_ICONS,general,0.35,TRUE
icon,457,458,em_icon_iw_wing3,MP_EMBLEM_EDITOR/WING,0,0,0,0,MP_EMBLEM_EDITOR/DECAL_TAB_ICONS,general,0.35,TRUE
icon,458,459,em_icon_iw_wing4,MP_EMBLEM_EDITOR/TAIL,0,0,0,0,MP_EMBLEM_EDITOR/DECAL_TAB_ICONS,general,0.35,TRUE
icon,459,460,em_icon_shape_circle,MP_EMBLEM_EDITOR/CIRCLE,0,0,0,0,MP_EMBLEM_EDITOR/DECAL_TAB_SYMBOLS,general,0.35,TRUE
icon,460,461,em_icon_shape_heptagon,MP_EMBLEM_EDITOR/HEPTAGON,0,0,0,0,MP_EMBLEM_EDITOR/DECAL_TAB_SYMBOLS,general,0.35,TRUE
icon,461,462,em_icon_shape_octagon,MP_EMBLEM_EDITOR/OCTAGON,0,0,0,0,MP_EMBLEM_EDITOR/DECAL_TAB_SYMBOLS,general,0.35,TRUE
icon,462,463,em_icon_shape_parallelogram,MP_EMBLEM_EDITOR/PARALLELOGRAM,0,0,0,0,MP_EMBLEM_EDITOR/DECAL_TAB_SYMBOLS,general,0.35,TRUE
icon,463,464,em_icon_shape_righttriangle,MP_EMBLEM_EDITOR/RIGHT_ANGLE_TRIANGLE,0,0,0,0,MP_EMBLEM_EDITOR/DECAL_TAB_SYMBOLS,general,0.35,TRUE
icon,464,465,em_icon_shape_square,MP_EMBLEM_EDITOR/SQUARE,0,0,0,0,MP_EMBLEM_EDITOR/DECAL_TAB_SYMBOLS,general,0.35,TRUE
icon,465,466,em_icon_shape_trapezium,MP_EMBLEM_EDITOR/TRAPEZIUM,0,0,0,0,MP_EMBLEM_EDITOR/DECAL_TAB_SYMBOLS,general,0.35,TRUE
