 ,rec,front,back,mag,guard,guardrail,guardnogrip,guardheavy,guardlight,guardcust,triggrip,toprail,reargrip,cable,boltaction,scope,scopenorail,scopenvg,reflex,reflex2,reflex3,reflex4,reflex5,reflexmini,reflexmini2,reflexmini3,holo,holo2,holo3,acog,acog2,acog3,acog4,thermal,thermal2,thermal3,thermalvz,hybrid,hybrid2,hybrid3,hybrid4,vzscope,ironsdefault,ironsight,toprailcust,gripdefault,gripvert,gripvertpro,gripang,gripangpro,gripcust,gripcust2,pistolgrip01,pistolgrip02,pistolgrip03,pistolgrip04,pistolgrip05,pistolgrip06,cableh,cablel,cabletac,gl,glsmoke,glgas,glconc,glflash,glincendiary,glsemtex,glsnap,ubshtgn,ubshtgn02,bipod,barlong,barmid,barshort,barshortnoguard,barcust,barcustnoguard,barcust2,barcust3,barsil,barsil2,barextra,stockl,stockh,stocks,stockno,stockfold,stockcust,smags,xmags,xmagslrg,vertmags,vertmags2,drums,calsmg,calsmgdrums,calsnpr,calar,calcust,calcust2,calcustmags,calcustmags2,silencer,silencer2,silencer3,silencer4,brake,linearbrake,comp,choke,flashhider,fmj,laser,laserrange,laserbalanced,laserir,laserads,triggripcust,melee,melee2,meleeub,rack,bolt,bolt2,bolt3,bolt4,bolthvy,boltl,bolttac,strap,semi,burst,auto,selectsemi,selectburst,selectauto,akimbo,griprear,trig,trigcust,trigcust02,trigcust03,recstocks,recstockl,recstockh,crouchrecoil,fastswap,fastreload,flinch,maxammo,gunperk_semi,gunperk_burst,gunperk_burst3fast,gunperk_auto,gunperk_fastmelee,gunperk_xp,gunperk_dexterity,gunperk_glintreduce,gunperk_hardmelee,gunperk_holdbreath,gunperk_marksman,gunperk_binarytrigger,ammomod_impact,ammomod_slow,ammomod_subsonic,ammomod_wound,br_rangeext,0
weapon_assault,,,,,,,,,,,,,,,,snprscope_mike14_ar,,,reflex_west01,reflex_west02,reflex_east01,reflex_east02,,minireddot_tall,minireddot02_tall,minireddot03_tall,holo_west01,holo_east01,holo_west02,acog_west01_irons,acog_east01_ironstall,acog_west02_ironstall,,thermal_west01,thermal_east01,thermal_acog3,thermalvz_east01,hybrid_west02_irons,hybrid_west01ar,hybrid_thermal_irons,hybrid_west03_irons,vzscope_mike14_ar,,,,,,,,,griphip,,,,,,,,,,,ub_mike203,,,,,,,,,,,,,,,,,,,,,,,,,,,,,,,,,,,,,,,,,,silencer_west01,silencersleeve,silencerbalanced,silencer_oilcan,,,,,,fmj_medium,,,,,,,muzzlemelee01,muzzlemelee02,,,,,,,,,,,,,,,,,,,,,,,,,,,,,,,,,,,,,,,,,,,,,,,br_rangeext_ar,0
weapon_smg,,,,,,,,,,,,,,,,,,,reflex_west01,reflex_west02,reflex_east01_smg,reflex_east02,,minireddot,minireddot02,minireddot03,holo_west01,holo_east01,holo_west02_smg,acog_west01,acog_east01,acog_west02,,thermal_west01,thermal_east01,thermal_acog3,thermalvz_east01,hybrid_west02_irons,hybrid_west01,hybrid_thermal_irons,hybrid_west03_irons,,,,,,gripvertsmg,gripvertprosmg,gripangsmg,gripangprosmg,griphip,,,,,,,,,,,ub_mike203,,,,,,,,,,,,,,,,,,,,,,,,,,,,,,,,,,,,,,,,,,silencersmg_west01,silencersleeve,silencerbalancedsmg,silencer_oilcan,brakesmg,linearbrakesmg,compsmg,,flashhidersmg,fmj_small,lasersmg,laserrange_smg,laserbalanced_smg,laserirsmg,,,muzzlemelee01,muzzlemelee02,,,,,,,,,,,,,,,,,,,,,,,,,,,,,,,,,,,,,,,,,,,,,,,br_rangeext_smg,0
weapon_shotgun,,,,,,,,,,,,,,,,,,,reflex_west01,reflex_west02,reflex_east01,reflex_east02,,minireddot,minireddot02,minireddot03,holo_west01,holo_east01,holo_west02,acog_west01,acog_east01,acog_west02,,thermal_west01,thermal_east01,thermal_acog3,thermalvz_east01,hybrid_west02,hybrid_west01,hybrid_thermal,hybrid_west03,,,,,,gripvertshtgn,,gripangshtgn,,griphip,,,,,,,,,,,ub_mike203,,,,,,,,,,,,,,,,,,,,,,,,,,,,,,,,,,,,,,,,,,silencershtgn,silencersleeveshtgn,silencerbalancedshtgn,silencer_oilcan,brakeshtgn,linearbrakesmg,comp_shtgn,,flashhidershtgn,fmj_small,lasershtgn,laserrangeshtgn,laserbalanced_shtgn,,,,muzzlemelee_shtgn,,,,,,,,,,,,,,,,,,,,,,,,,,,,,,,,,,,,,,,,,,,,,,,,br_rangeext_shtgn,0
weapon_lmg,,,,,,,,,,,,,,,,snprscope_mike14_ar,,,reflex_west01,reflex_west02,reflex_east01,reflex_east02,reflex_mgolf36,minireddot_tall,minireddot02_tall,minireddot03_tall,holo_west01,holo_east01,holo_west02_lmg,acog_west01_irons,acog_east01_irons,acog_west02_irons,acog_mgolf36,thermal_west01,thermal_east01,thermal_acog3,thermalvz_east01,hybrid_west02,hybrid_west01,hybrid_thermal,hybrid_west03,vzscope_mike14_ar,,,,,gripvertlmg,gripvertprolmg,gripanglmg,gripangprolmg,griphip_vintage,,,,,,,,,,,ub_mike203,,,,,,,,,,bipodlmg,,,,,,,,,,,,,,,,,,,,,,,,,,,,,,,,silencerlmg_west01,silencersleevelmg,silencerbalancedlmg,silencer_oilcan,,,complmg,,,fmj_large,,,,,,,muzzlemelee01,muzzlemelee02,,,,,,,,,,,,,,,,,,,,,,,,,,,,,,,,,,,,,,,,,,,,,,,br_rangeext_lmg,0
weapon_dmr,,,,,,,,,,,,,,,,,,,reflex_west01,reflex_west02,reflex_east01,reflex_east02,,minireddot,minireddot02,minireddot03,holo_west01,holo_east01,holo_west02,acog_west01,acog_east01,acog_west02,,thermal_west01,thermal_east01,thermal_acog3,thermalvzsnpr_west01_mp,hybrid_west02,hybrid_west01,hybrid_thermal,hybrid_west03,,,,,,gripvertdmr,,gripangdmr,,griphip,,,,,,,,,,,,,,,,,,,,,bipoddmr,,,,,,,,,,,,,,,,,,,,,,,,,,,,,,,,silencerdmr_west01,silencersleeve,silencerbalanced,silencer_oilcan,brakedmr,,,,,fmj_dmr,laser_bar,laserrange_bar,laserbalanceddmr_bar,,,,muzzlemelee01,muzzlemelee02,,,,,,,,,,,,,,,,,,,,,,,,,,,,,,,,,,,,,,,,,,,,,,,br_rangeext_dmr,0
weapon_sniper,,,,,,,,,,,,,,,,,,,,,,,,,,,,,,acog_west01,acog_east01,acog_west02,,thermalsnpr_west01,thermal_east02,thermal_acog3,thermalvzsnpr_west01_mp,,,,,,,,,,,,,,,,,,,,,,,,,,,,,,,,,,,bipodsnpr,,,,,,,,,,,,,,,,,,,,,,,,,,,,,,,,silencersnpr_west01,silencersleeve,silencerbalanced,silencer_oilcan,brakesnpr,linearbrakesnpr,compsnpr,,flashhidersnpr,fmj_sniper,,,laserbalancedsnpr,,,,muzzlemelee01,muzzlemelee02,,,,,,,,,,,,,,,,,,,,,,,,,,,,,,,,,,,,,,,,,,,,,,,br_rangeext_snpr,0
weapon_pistol,,,,,,,,,,,,,,,,,,,reflex_west01_pstl,reflex_west02_pstl,reflex_east01_pstl,reflex_east02_pstl,,minireddot,minireddot02,minireddot03,holo_west01_pstl,holo_east01_pstl,holo_west02_pstl,acog_west01_pstl,acog_east01_pstl,acog_west02_pstl,,,,,,,,,,,,,,,,,,,,,pistolgrip_pstl01,pistolgrip_pstl02,pistolgrip_pstl03,,,,,,,,,,,,,,,,,,,,,,,,,,,,,,,,,,,,,,,,,,,,,,,,,silencerpstl_west01,silencer02_pstl,silencer03_pstl,silencerpstl_oil,brakepstl,linearbrakesmg,comp_pstl,,flashhiderpstl,fmj_small,laserpstl,laserrange_pstl,laserbalanced_pstl,laserirpstl,,,muzzlemelee_pstl,,,,,,,,,,,,,,,,,,,,,,,,,,,,,,,,,,,,,,,,,,,,,,,,br_rangeext_pstl,0
iw9_ar_akilo,rec_akilo,bar_ar_long_p04,stock_ar_p04,mag_ar_p04,,,,,,,,,,,,,,,,,,,,,,,,,,,,,,,,,,,,,,,ironsdefault_akilo,,,pgrip_p04,,,,,,,,,,,,,,,,,,,,,,,,,,,,,,,,,,,,,,,,,,,,,,,,,,,,,,,,,,,,,,,,,,,,,,,,,,,,,,,,,,,,,,,,,,,,,,,,,,,,,,,,,,,,,,,,,,,,,,,,,,,0
iw9_ar_akilo105,rec_akilo105,bar_ar_p04,stock_ar_p04,mag_ar_light_p04,,,,,,,,,,,,,,,,,,,,,,,,,,,,,,,,,,,,,,,ironsdefault_akilo105,,,pgrip_p04_akilo105,,,,,,,,,,,,,,,,,,,,,,,,,,,,,,,,,,,,,,,,,,,,,,,,,,,,,,,,,,,,,,,,,,,,,,,,,,,,,,,,,,,,,,,,,,,,,,,,,,,,,,,,,,,,,,,,,,,,,,,,,,,0
iw9_ar_akilo74,rec_akilo74,bar_ar_short_p04,stock_sm_p04,mag_ar_light_p04,,,,,,,,,,,,,,,,,,,,,,,,,,,,,,,,,,,,,,,ironsdefault_akilo74,,,pgrip_p04,,,,,,,,,,,,,,,,,,,,,,,,,,,,,,,,,,,,,,,,,,,,,,,,,,,,,,,,,,,,,,,,,,,,,,,,,,,,,,,,,,,,,,,,,,,,,,,,,,,,,,,,,,,,,,,,,,,,,,,,,,,0
iw9_ar_mike4,iw9_rec_mike4,bar_ar_p01,stock_ar_p01,mag_ar_p01,,,,,,,,,,,,,,,,,,,,,,,,,,,,,,,,,,,,,,,iw9_ironsdefault_mike4,,,pgrip_p01,,,,,,,,,,,,,,,,,,,,,,,,,,,,,,,,,,,,,,,,,,,,,,,,,,,,,,,,,,,,,,,,,,,,,,,,,,,,,,,,,,,,,,,,,,,,,,,,,,,,,,,,,,,,,,,,,,,,,,,,,,,0
iw9_ar_mike16,rec_mike16,bar_ar_longhvy_p01,stock_ar_assault_p01,mag_ar_p01,,,,,,,,,,,,,,,,,,,,,,,,,,,,,,,,,,,,,,,ironsdefault_mike16,,,pgrip_p01,,,,,,,,,,,,,,,,,,,,,,,,,,,,,,,,,,,,,,,,,,,,,,,,,,,,,,,,,,,,,,,,,,,,,,,,,,,,,,,,,,,,,,,,,,,,,,,,,,,,,,,,,,,,,,,,,,,,,,,,,,,0
iw9_ar_kilo53,rec_kilo53,bar_ar_short_p02,stock_ar_assault_p02,mag_ar_p02,,,,,,,,,,,,,,,,,,,,,,,,,,,,,,,,,,,,,,,ironsdefault_kilo53,,,pgrip_ass_p02,,,,,,,,,,,,,,,,,,,,,,,,,,,,,,,,,,,,,,,,,,,,,,,,,,,,,,,,,,,,,,,,,,,,,,,,,,,,,,,,,,,,,,,,,,,,,,,,,,,,,,,,,,,,,,,,,,,,,,,,,,,0
iw9_ar_golf3,rec_golf3,bar_br_p02,stock_ar_p02,mag_br_p02,,,,,,,,,,,,,,,,,,,,,,,,,,,,,,,,,,,,,,,ironsdefault_golf3,,,pgrip_p02,,,,,,,,,,,,,,,,,,,,,,,,,,,,,,,,,,,,,,,,,,,,,,,,,,,,,,,,,,,,,,,,,,,,,,,,,,,,,,,,,,,,,,,,,,,selectauto_golf3,,,,,,,,,,,,,,,,,,,,,,,,,,,,,,,,0
iw9_ar_augolf,iw9_rec_augolf,bar_ar_p03,stock_ar_p03,mag_ar_p03,,,,,,,,,,,,,,,,,,,,,,,,,,,,,,,,,,,,,,,iw9_ironsdefault_augolf,,,pgrip_p03,,,,,,,,,,,,,,,,,,,,,,,,,,,,,,,,,,,,,,,,,,,,,,,,,,,,,,,,,,,,,,,,,,,,,,,,,,,,,,,,,,,,,,,,,,,,,,,,,,,,,,,,,,,,,,,,,,,,,,,,,,,0
iw9_ar_schotel,rec_schotel,bar_br_p05,stock_ar_p05,mag_br_p05,,,,,,,,,,,,,,,,,,,,,,,,,,,,,,,,,,,,,,,ironsdefault_schotel,,,pgrip_p05,,,,,,,,,,,,,,,,,,,,,,,,,,,,,,,,,,,,,,,,,,,,,,,,,,,,,,,,,,,,,,,,,,,,,,,,,,,,,,,,,,,,,,,,,,,,,,,,,,,,,,,,,,,,,,,,,,,,,,,,,,,0
iw9_sm_aviktor,rec_aviktor,bar_sm_p04,stock_sm_p04,mag_sm_p04,,,,,,,,,,,,,,,,,,,,,,,,,,,,,,,,,,,,,,,ironsdefault_aviktor,,,pgrip_p04,,,,,,,,,,,,,,,,,,,,,,,,,,,,,,,,,,,,,,,,,,,,,,,,,,,,,,,,,,,,,,,,,,,,,,,,,,,,,,,,,,,,,,,,,,,,,,,,,,,,,,,,,,,,,,,,,,,,,,,,,,,0
iw9_sm_mpapa5,rec_mpapa5_mp,bar_sm_p02,stock_sm_p02,mag_sm_p02,,,,,,,,,,,,,,,,,,,,,,,,,,,,,,,,,,,,,,,ironsdefault_mpapa5,,,pgrip_tac_p02,,,,,,,,,,,,,,,,,,,,,,,,,,,,,,,,,,,,,,,,,,,,,,,,,,,,,,,,,,,,,,,,,,,,,,,,,,,,,,,,,,,,,,,,,,,,,,,,,,,,,,,,,,,,,,,,,,,,,,,,,,,0
iw9_sm_mpapa7,rec_mpapa7,bar_sm_p09,stock_sm_light_p09,mag_sm_p09,,,,,,,,,,,,,,,,,,,,,,,,,,,,,,,,,,,,,,,ironsdefault_mpapa7,,,pgrip_p09,,,,,,,,,,,,,,,,,,,,,,,,,,,,,,,,,,,,,,,,,,,,,,,,,,,,,,,,,,,,,,,,,,,,,,,,,,,,,,,,,,,,,,,,,,,,,,,,,,,,,,,,,,,,,,,,,,,,,,,,,,,0
iw9_sm_beta,iw9_rec_beta,bar_sm_lgtshort_p04,stock_sm_p04,magheli_sm_p04,,,,,,,,,,,,,,,,,,,,,,,,,,,,,,,,,,,,,,,iw9_ironsdefault_beta,,,pgrip_p04,,,,,,,,,,,,,,,,,,,,,,,,,,,,,,,,,,,,,,,,,,,,,,,,,,,,,,,,,,,,,,,,,,,,,,,,,,,,,,,,,,,,,,,,,,,,,,,,,,,,,,,,,,,,,,,,,,,,,,,,,,,0
iw9_sn_mromeo,rec_mromeo,bar_sn_p21,stock_sn_p21,mag_sn_p21,,,,,,,,,,,,snprscope_mromeo,,,,,,,,,,,,,,,,,,,,,,,,,,,ironsdefault_alpha50,,,pgrip_p21,,,,,,,,,,,,,,,,,,,,,,,,,,,,,,,,,,,,,,,,,,,,,,,,,,,,,,,,,,,,,,,,,,,,,,,,,,,,,,,,,,,,,,,,,,,,,,bolt_p21,,,,,,,,,,,,,,,,,,,,,,,,,,,,,0
iw9_sn_alpha50,rec_alpha50,front_alpha50,back_alpha50,mag_alpha50,,,,,,,,,,,,iw9_snprscope_alpha50,,,,,,,,,,,,,,,,,,,,,,,,,,,ironsdefault_alpha50,,,,,,,,,,,,,,,,,,,,,,,,,,,,,,,,,,,,,,,,,,,,,,,,,,,,,,,,,,,,,,,,,,,,,,,,,,,,,,,,,,,,,,,,,,,,,,,,,,,,,,,,,,,,,,,,,,,,,,,,,,,,,,0
iw9_sn_limax,rec_limax,bar_sn_heavy_p22,stock_sn_p22,mag_sn_p22,,,,,,,,,,,,limax_snprscope,,,,,,,,,,,,,,,,,,,,,,,,,,,ironsdefault_limax,,,pgrip_p22,,,,,,,,,,,,,,,,,,,,,,,,,,,,,,,,,,,,,,,,,,,,,,,,,,,,,,,,,,,,,,,,,,,,,,,,,,,,,,,,,,,,,,,,,,,,,,,,,,,,,,,,,,,,,,,,,,,,,,,,,,,0
iw9_lm_kilo21,rec_kilo21,bar_lm_p02,stock_lm_p02,belt_lm_p02,,,,,,,,,,,,,,,,,,,,,,,,,,,,,,,,,,,,,,,ironsdefault_kilo21,,,pgrip_aim_p02,,,,,,,,,,,,,,,,,,,,,,,,,,,,,,,,,,,,,,,,,,,,,,,,,,,,,,,,,,,,,,,,,,,,,,,,,,,,,,,,,,,,,,,,,,,,,,,,,,,,,,,,,,,,,,,,,,,,,,,,,,,0
iw9_lm_foxtrot,rec_foxtrot,bar_lm_p01,stock_ar_p01,belt_lm_p01,,,,,,,,,,,,,,,,,,,,,,,,,,,,,,,,,,,,,,,ironsdefault_foxtrot,,,pgrip_p01,,,,,,,,,,,,,,,,,,,,,,,,,,,,,,,,,,,,,,,,,,,,,,,,,,,,,,,,,,,,,,,,,,,,,,,,,,,,,,,,,,,,,,,,,,,,,,,,,,,,,,,,,,,,,,,,,,,,,,,,,,,0
iw9_lm_slima,rec_slima,bar_lm_p16,stock_lm_p16,belt_lm_p16,,,,,,,,,,,,,,,,,,,,,,,,,,,,,,,,,,,,,,,ironsdefault_slima,,,pgrip_p16,,,,,,,,,,,,,,,,,,,,,,,,,,,,,,,,,,,,,,,,,,,,,,,,,,,,,,,,,,,,,,,,,,,,,,,,,,,,,,,,,,,,,,,,,,,,,,,,,,,,,,,,,,,,,,,,,,,,,,,,,,,0
iw9_lm_rkilo,rec_rkilo,bar_lm_p04,stock_lmg_p04,drum_lm_p04,,,,,,,,,,,,,,,,,,,,,,,,,,,,,,,,,,,,,,,ironsdefault_rkilo,,,pgrip_p04,,,,,,,,,,,,,,,,,,,,,,,,,,,,,,,,,,,,,,,,,,,,,,,,,,,,,,,,,,,,,,,,,,,,,,,,,,,,,,,,,,,,,,,,,,,,,,,,,,,,,,,,,,,,,,,,,,,,,,,,,,,0
iw9_sh_charlie725,iw9_rec_charlie725,bar_sh_p14,stockr_sh_p14,ammo_12g_db,,guard_p14,,,,,,,,,,,,,,,,,,,,,,,,,,,,,,,,,,,,,iw9_ironsdefault_charlie725,,,,,,,,,,,,,,,,,,,,,,,,,,,,,,,,,,,,,,,,,,,,,,,,,,,,,,,,,,,,,,,,,,,,,,,,,,,,,,,,,,,,,,,,,,,,,,,,,,,,,,,,,,,,,,,,,,,,,,,,,,,,,,0
iw9_sh_mbravo,rec_mbravo,bar_sh_p13,stockr_sh_p13,tube_8_12g,,guard_p13,grip_mbravo,,,,,,,,,,,,,,,,,,,,,,,,,,,,,,,,,,,,ironsdefault_mbravo,,,,,,,,,,,,,,,,,,,,,,,,,,,,,,,,,,,,,,,,,,,,,,,,,,,,,,,,,,,,,,,,,,,,,,,,,,,,,,,,,,,,,,,,,,,,,,,,,,,,,,,,,,,,,,,,,,,,,,,,,,,,,,0
iw9_dm_mike24,rec_mike24,bar_dm_p20,stockr_dm_p20,mag_dm_p20,,chas_mike24,,,,,,,,,bolt_p20,,,,,,,,,,,,,,,,,,,,,,,,,,,,ironsdefault_mike24,,,,,,,,,,,,,,,,,,,,,,,,,,,,,,,,,,,,,,,,,,,,,,,,,,,,,,,,,,,,,,,,,,,,,,,,,,,,,,,,,,,,,,,,,,,,,,,,,,,,,,,,,,,,,,,,,,,,,,,,,,,,,,0
iw9_dm_la700,rec_mike24,bar_sn_p20,stockr_sn_heavy_p20,mag_sn_p20,,chas_la700,,,,,,,,,bolt_p20,,,,,,,,,,,,,,,,,,,,,,,,,,,,ironsdefault_la700,,,,,,,,,,,,,,,,,,,,,,,,,,,,,,,,,,,,,,,,,,,,,,,,,,,,,,,,,,,,,,,,,,,,,,,,,,,,,,,,,,,,,,,,,,,,,,,,,,,,,,,,,,,,,,,,,,,,,,,,,,,,,,0
iw9_dm_sa700,rec_mike24,bar_dm_short_p20,stock_dm_p20,mag_dm_large_p20,,chas_sa700,,,,,,,,,bolt_p20,,,,,,,,,,,,,,,,,,,,,,,,,,,,ironsdefault_sa700,,,pgrip_tac_p20,,,,,,,,,,,,,,,,,,,,,,,,,,,,,,,,,,,,,,,,,,,,,,,,,,,,,,,,,,,,,,,,,,,,,,,,,,,,,,,,,,,,,,,,,,,,,,,,,,,,,,,,,,,,,,,,,,,,,,,,,,,0
iw9_dm_pgolf1,rec_pgolf1,bar_sn_p02,stock_sn_p02,mag_sn_p02,,,,,,,,,,,,pgolf1_scope,,,,,,,,,,,,,,,,,,,,,,,,,,,ironsdefault_pgolf1,,,pgrip_snp_p02,,,,,,,,,,,,,,,,,,,,,,,,,,,,,,,,,,,,,,,,,,,,,,,,,,,,,,,,,,,,,,,,,,,,,,,,,,,,,,,,,,,,,,,,,,,,,,,,,,,,,,,,,,,,,,,,,,,,,,,,,,,0
iw9_dm_sbeta,iw9_rec_sbeta,bar_dm_p19,stockr_dm_p19,tube_6_45gvt,guard_p19,,,,,,,,,,,,,,,,,,,,,,,,,,,,,,,,,,,,,,iw9_ironsdefault_sbeta,,,,,,,,,,,,,,,,,,,,,,,,,,,,,,,,,,,,,,,,,,,,,,,,,,,,,,,,,,,,,,,,,,,,,,,,,,,,,,,,,,,,,,,,,,,,,,,,,lever_p19,,,,,,,,,,,,,,,,,,,,,,,,,,,,,0
iw9_dm_xmike2010,rec_mike24,bar_sn_light_p20,stock_sn_p20,mag_sn_p20_xmike2010,,chas_xmike2010,,,,,,,,,bolt_p20,mike24_scope,,,,,,,,,,,,,,,,,,,,,,,,,,,ironsdefault_xmike2010,,,pgrip_aim_p20,,,,,,,,,,,,,,,,,,,,,,,,,,,,,,,,,,,,,,,,,,,,,,,,,,,,,,,,,,,,,,,,,,,,,,,,,,,,,,,,,,,,,,,,,,,,,,,,,,,,,,,,,,,,,,,,,,,,,,,,,,,0
iw9_pi_golf17,rec_golf17,bar_pi_p24,stockno_pi_p24,mag_pi_p24,,,,,,,,,,,,,,,,,,,,,,,,,,,,,,,,,,,,,,,ironsdefault_golf17,,,pgrip_p24,,,,,,,,,,,,,,,,,,,,,,,,,,,,,,,,,,,,,,,,,,,,,,,,,,,,,,,,,,,,,,,,,,,,,,,,,,,,,,,,,,,,,,,,,,,,,,,,,,,,,,,,,,,,,,,,,,,,,,,,,,,0
iw9_pi_golf18,rec_golf17,bar_sm_p24,stockno_pi_p24,mag_pi_p24,,,,,,,,,,,,,,,,,,,,,,,,,,,,,,,,,,,,,,,ironsdefault_golf17,,,pgrip_p24,,,,,,,,,,,,,,,,,,,,,,,,,,,,,,,,,,,,,,,,,,,,,,,,,,,,,,,,,,,,,,,,,,,,,,,,,,,,,,,,,,,,,,,,,,,,,,trigger_p24,,,,,,,,,,,,,,,,,,,,,,,,,,,,,0
iw9_me_knife,iw9_me_knife,,,,,,,,,,,,,,,,,,,,,,,,,,,,,,,,,,,,,,,,,,,,,,,,,,,,,,,,,,,,,,,,,,,,,,,,,,,,,,,,,,,,,,,,,,,,,,,,,,,,,,,,,,,,,,,,,,,,,,,,,,,,,,,,,,,,,,,,,,,,,,,,,,,,,,,,,,,,,,,,,,,,,,,,0
iw9_la_rpapa7,rec_rpapa7,,,,,,,,,,,,,,,,,,,,,,,,,,,,,,,,,,,,,,,,,,,,,,,,,,,,,,,,,,,,,,,,,,,,,,,,,,,,,,,,,,,,,,,,,,,,,,,,,,,,,,,,,,,,,,,,,,,,,,,,,,,,,,,,,,,,,,,,,,,,,,,,,,,,,,,,,,,,,,,,,,,,,,,,0
iw9_pi_papa220,rec_papa220,bar_pi_p27,,mag_pi_p27,,,,,,,hammer_sa_p27,,,,,,,,,,,,,,,,,,,,,,,,,,,,,,,,ironsdefault_papa220,,,pgrip_p27,,,,,,,,,,,,,,,,,,,,,,,,,,,,,,,,,,,,,,,,,,,,,,,,,,,,,,,,,,,,,,,,,,,,,,,,,,,,,,,,,,,,,,,,,,,,,,,,,,,,,,,,,,,,,,,,,,,,,,,,,,,0
iw9_pi_decho,rec_decho,slide_decho,,mag_decho,,,,,,,triggrip_decho,,,,,,,,,,,,,,,,,,,,,,,,,,,,,,,,ironsdefault_decho,,,,,,,,,,,,,,,,,,,,,,,,,,,,,,,,,,,,,,,,,,,,,,,,,,,,,,,,,,,,,,,,,,,,,,,,,,,,,,,,,,,,,,,,,,,,,,,,,,,,,,,,,,,,,,,,,,,,,,,,,,,,,,0
jup_pi_raygun,rec_raygun,bar_raygun,,mag_raygun,,,,,,,,,,,,,,,,,,,,,,,,,,,,,,,,,,,,,,,,,,,,,,,,,,,,,,,,,,,,,,,,,,,,,,,,,,,,,,,,,,,,,,,,,,,,,,,,,,,,,,,,,,,,,,,,,,,,,,,,,,,,,,,,,,,,,,,,,,,,,,,,,,,,,,,,,,,,,,,,,,,,,0
jup_ar_dg2,,,,,,,,,,,,,,,,,,,,,,,,,,,,,,,,,,,,,,,,,,,,,,,,,,,,,,,,,,,,,,,,,,,,,,,,,,,,,,,,,,,,,,,,,,,,,,,,,,,,,,,,,,,,,,,,,,,,,,,,,,,,,,,,,,,,,,,,,,,,,,,,,,,,,,,,,,,,,,,,,,,,,,,,,0
