5581,wyatt_western_quip_1,1,50,10,2000,,ui_default_white,ui_loot_operator_quip_west_wyatt
5799,wyatt_western_quip_2,1,50,10,0,,ui_default_white,ui_loot_operator_quip_west_wyatt
5830,wyatt_western_quip_3,0,50,10,0,,ui_default_white,ui_loot_operator_quip_west_wyatt
5664,wyatt_western_quip_4,1,50,10,0,,ui_default_white,ui_loot_operator_quip_west_wyatt
5765,wyatt_western_quip_5,3,200,40,1000,,ui_default_white,ui_loot_operator_quip_west_wyatt
5762,wyatt_western_quip_6,2,200,40,0,,ui_default_white,ui_loot_operator_quip_west_wyatt
5950,wyatt_western_quip_7,3,200,40,2000,,ui_default_white,ui_loot_operator_quip_west_wyatt
5919,wyatt_western_quip_8,3,500,100,5000,,ui_default_white,ui_loot_operator_quip_west_wyatt
5690,wyatt_western_quip_9,3,500,100,0,,ui_default_white,ui_loot_operator_quip_west_wyatt
5770,wyatt_western_quip_10,4,1000,200,0,,ui_default_white,ui_loot_operator_quip_west_wyatt
5811,spetsnaz_eastern_quip_1,1,50,10,0,,ui_default_white,ui_loot_operator_quip_east_nikto
5859,spetsnaz_eastern_quip_2,1,50,10,0,,ui_default_white,ui_loot_operator_quip_east_nikto
5823,spetsnaz_eastern_quip_3,3,50,10,4000,,ui_default_white,ui_loot_operator_quip_east_nikto
5773,spetsnaz_eastern_quip_4,3,50,10,1000,,ui_default_white,ui_loot_operator_quip_east_nikto
5744,spetsnaz_eastern_quip_5,2,200,40,0,,ui_default_white,ui_loot_operator_quip_east_nikto
5628,spetsnaz_eastern_quip_6,2,200,40,0,,ui_default_white,ui_loot_operator_quip_east_nikto
5647,spetsnaz_eastern_quip_7,2,200,40,0,,ui_default_white,ui_loot_operator_quip_east_nikto
5626,spetsnaz_eastern_quip_8,3,500,100,0,,ui_default_white,ui_loot_operator_quip_east_nikto
5583,spetsnaz_eastern_quip_9,3,500,100,0,,ui_default_white,ui_loot_operator_quip_east_nikto
5834,spetsnaz_eastern_quip_10,4,1000,200,0,,ui_default_white,ui_loot_operator_quip_east_nikto
5727,murphy_western_quip_1,3,50,10,2000,,ui_default_white,ui_loot_operator_quip_west_thorne
5798,murphy_western_quip_2,0,50,10,0,,ui_default_white,ui_loot_operator_quip_west_thorne
5831,murphy_western_quip_3,3,50,10,1000,,ui_default_white,ui_loot_operator_quip_west_thorne
5832,murphy_western_quip_4,3,50,10,2000,,ui_default_white,ui_loot_operator_quip_west_thorne
5643,murphy_western_quip_5,2,200,40,0,,ui_default_white,ui_loot_operator_quip_west_thorne
5926,murphy_western_quip_6,2,200,40,3000,,ui_default_white,ui_loot_operator_quip_west_thorne
5745,murphy_western_quip_7,2,200,40,0,,ui_default_white,ui_loot_operator_quip_west_thorne
5718,murphy_western_quip_8,3,500,100,0,,ui_default_white,ui_loot_operator_quip_west_thorne
5568,murphy_western_quip_9,3,500,100,0,,ui_default_white,ui_loot_operator_quip_west_thorne
5940,murphy_western_quip_10,4,1000,200,0,,ui_default_white,ui_loot_operator_quip_west_thorne
5693,dday_western_quip_1,3,50,10,1000,,ui_default_white,ui_loot_operator_quip_west_dday
5877,dday_western_quip_2,0,50,10,0,,ui_default_white,ui_loot_operator_quip_west_dday
5808,dday_western_quip_3,3,50,10,1000,,ui_default_white,ui_loot_operator_quip_west_dday
5678,dday_western_quip_4,1,50,10,2000,,ui_default_white,ui_loot_operator_quip_west_dday
5768,dday_western_quip_5,2,200,40,0,,ui_default_white,ui_loot_operator_quip_west_dday
5864,dday_western_quip_6,2,200,40,0,,ui_default_white,ui_loot_operator_quip_west_dday
5700,dday_western_quip_7,2,200,40,3000,,ui_default_white,ui_loot_operator_quip_west_dday
5565,dday_western_quip_8,3,500,100,1000,,ui_default_white,ui_loot_operator_quip_west_dday
5605,dday_western_quip_9,3,500,100,0,,ui_default_white,ui_loot_operator_quip_west_dday
5786,dday_western_quip_10,4,1000,200,0,,ui_default_white,ui_loot_operator_quip_west_dday
5624,charly_western_quip_1,3,50,10,1000,,ui_default_white,ui_loot_operator_quip_west_charly
5885,charly_western_quip_2,1,50,10,0,,ui_default_white,ui_loot_operator_quip_west_charly
5551,charly_western_quip_3,3,50,10,1000,,ui_default_white,ui_loot_operator_quip_west_charly
5835,charly_western_quip_4,0,50,10,0,,ui_default_white,ui_loot_operator_quip_west_charly
5923,charly_western_quip_5,2,200,40,0,,ui_default_white,ui_loot_operator_quip_west_charly
5937,charly_western_quip_6,2,200,40,0,,ui_default_white,ui_loot_operator_quip_west_charly
5640,charly_western_quip_7,2,200,40,0,,ui_default_white,ui_loot_operator_quip_west_charly
5667,charly_western_quip_8,3,500,100,3000,,ui_default_white,ui_loot_operator_quip_west_charly
5942,charly_western_quip_9,3,500,100,1000,,ui_default_white,ui_loot_operator_quip_west_charly
5896,charly_western_quip_10,4,1000,200,0,,ui_default_white,ui_loot_operator_quip_west_charly
5636,alice_western_quip_1,1,50,10,4000,,ui_default_white,ui_loot_operator_quip_west_alice
5958,alice_western_quip_2,1,50,10,0,,ui_default_white,ui_loot_operator_quip_west_alice
5818,alice_western_quip_3,1,50,10,0,,ui_default_white,ui_loot_operator_quip_west_alice
5869,alice_western_quip_4,1,50,10,0,,ui_default_white,ui_loot_operator_quip_west_alice
5966,alice_western_quip_5,0,200,40,0,,ui_default_white,ui_loot_operator_quip_west_alice
5816,alice_western_quip_6,2,200,40,0,,ui_default_white,ui_loot_operator_quip_west_alice
5689,alice_western_quip_7,3,200,40,2000,,ui_default_white,ui_loot_operator_quip_west_alice
5654,alice_western_quip_8,3,500,100,1000,,ui_default_white,ui_loot_operator_quip_west_alice
5714,alice_western_quip_9,3,500,100,0,,ui_default_white,ui_loot_operator_quip_west_alice
5769,alice_western_quip_10,3,1000,200,1000,,ui_default_white,ui_loot_operator_quip_west_alice
5917,syd_eastern_quip_1,1,50,10,0,,ui_default_white,ui_loot_operator_quip_east_syd
5641,syd_eastern_quip_2,3,50,10,2000,,ui_default_white,ui_loot_operator_quip_east_syd
5703,syd_eastern_quip_3,1,50,10,0,,ui_default_white,ui_loot_operator_quip_east_syd
5824,syd_eastern_quip_4,0,50,10,0,,ui_default_white,ui_loot_operator_quip_east_syd
5580,syd_eastern_quip_5,3,200,40,5000,,ui_default_white,ui_loot_operator_quip_east_syd
5601,syd_eastern_quip_6,2,200,40,0,,ui_default_white,ui_loot_operator_quip_east_syd
5680,syd_eastern_quip_7,3,200,40,1000,,ui_default_white,ui_loot_operator_quip_east_syd
5827,syd_eastern_quip_8,3,500,100,0,,ui_default_white,ui_loot_operator_quip_east_syd
5660,syd_eastern_quip_9,3,500,100,0,,ui_default_white,ui_loot_operator_quip_east_syd
5681,syd_eastern_quip_10,3,1000,200,1000,,ui_default_white,ui_loot_operator_quip_east_syd
5945,bale_eastern_quip_1,1,50,10,0,,ui_default_white,ui_loot_operator_quip_east_bale
5656,bale_eastern_quip_2,0,50,10,0,,ui_default_white,ui_loot_operator_quip_east_bale
5895,bale_eastern_quip_3,3,50,10,1000,,ui_default_white,ui_loot_operator_quip_east_bale
5887,bale_eastern_quip_4,3,50,10,1000,,ui_default_white,ui_loot_operator_quip_east_bale
5720,bale_eastern_quip_5,2,200,40,0,,ui_default_white,ui_loot_operator_quip_east_bale
5920,bale_eastern_quip_6,3,200,40,3000,,ui_default_white,ui_loot_operator_quip_east_bale
5552,bale_eastern_quip_7,2,200,40,0,,ui_default_white,ui_loot_operator_quip_east_bale
5751,bale_eastern_quip_8,3,500,100,0,,ui_default_white,ui_loot_operator_quip_east_bale
5766,bale_eastern_quip_9,3,500,100,3000,,ui_default_white,ui_loot_operator_quip_east_bale
5603,bale_eastern_quip_10,3,1000,200,1000,,ui_default_white,ui_loot_operator_quip_east_bale
5782,domino_western_quip_1,3,50,10,1000,,ui_default_white,ui_loot_operator_quip_west_domino
5728,domino_western_quip_2,3,50,10,1000,,ui_default_white,ui_loot_operator_quip_west_domino
5695,domino_western_quip_3,3,50,10,2000,,ui_default_white,ui_loot_operator_quip_west_domino
5686,domino_western_quip_4,0,50,10,0,,ui_default_white,ui_loot_operator_quip_west_domino
5553,domino_western_quip_5,2,200,40,3000,,ui_default_white,ui_loot_operator_quip_west_domino
5839,domino_western_quip_6,2,200,40,0,,ui_default_white,ui_loot_operator_quip_west_domino
5663,domino_western_quip_7,2,200,40,0,,ui_default_white,ui_loot_operator_quip_west_domino
5833,domino_western_quip_8,3,500,100,0,,ui_default_white,ui_loot_operator_quip_west_domino
5555,domino_western_quip_9,3,500,100,5000,,ui_default_white,ui_loot_operator_quip_west_domino
5665,domino_western_quip_10,4,1000,200,0,,ui_default_white,ui_loot_operator_quip_west_domino
5642,otter_western_quip_1,1,50,10,2000,,ui_default_white,ui_loot_operator_quip_west_otter
5897,otter_western_quip_2,1,50,10,0,,ui_default_white,ui_loot_operator_quip_west_otter
5905,otter_western_quip_3,3,50,10,1000,,ui_default_white,ui_loot_operator_quip_west_otter
5880,otter_western_quip_4,1,50,10,0,,ui_default_white,ui_loot_operator_quip_west_otter
5734,otter_western_quip_5,2,200,40,5000,,ui_default_white,ui_loot_operator_quip_west_otter
5687,otter_western_quip_6,3,200,40,3000,,ui_default_white,ui_loot_operator_quip_west_otter
5550,otter_western_quip_7,3,200,40,3000,,ui_default_white,ui_loot_operator_quip_west_otter
5955,otter_western_quip_8,3,500,100,0,,ui_default_white,ui_loot_operator_quip_west_otter
5854,otter_western_quip_9,0,500,100,0,,ui_default_white,ui_loot_operator_quip_west_otter
5599,otter_western_quip_10,4,1000,200,0,,ui_default_white,ui_loot_operator_quip_west_otter
5616,quin_western_quip_1,1,50,10,0,,ui_default_white,
5754,quin_western_quip_2,1,50,10,0,,ui_default_white,
5918,quin_western_quip_3,1,50,10,0,,ui_default_white,
5651,quin_western_quip_4,1,50,10,0,,ui_default_white,
5804,quin_western_quip_5,2,200,40,0,,ui_default_white,
5684,quin_western_quip_6,2,200,40,0,,ui_default_white,
5613,quin_western_quip_7,2,200,40,0,,ui_default_white,
5753,quin_western_quip_8,3,500,100,0,,ui_default_white,
5952,quin_western_quip_9,3,500,100,0,,ui_default_white,
5575,quin_western_quip_10,4,1000,200,0,,ui_default_white,
5890,kato_western_quip_1,1,50,10,0,,ui_default_white,
5941,kato_western_quip_2,1,50,10,0,,ui_default_white,
5900,kato_western_quip_3,1,50,10,0,,ui_default_white,
5779,kato_western_quip_4,1,50,10,0,,ui_default_white,
5927,kato_western_quip_5,2,200,40,0,,ui_default_white,
5602,kato_western_quip_6,2,200,40,0,,ui_default_white,
5574,kato_western_quip_7,2,200,40,0,,ui_default_white,
5951,kato_western_quip_8,3,500,100,0,,ui_default_white,
5944,kato_western_quip_9,3,500,100,0,,ui_default_white,
5930,kato_western_quip_10,4,1000,200,0,,ui_default_white,
5569,zedra_western_quip_1,1,50,10,0,,ui_default_white,ui_loot_operator_quip_west_mara
5792,zedra_western_quip_2,3,50,10,1000,,ui_default_white,ui_loot_operator_quip_west_mara
5576,zedra_western_quip_3,3,50,10,5000,,ui_default_white,ui_loot_operator_quip_west_mara
5892,zedra_western_quip_4,2,50,10,3000,,ui_default_white,ui_loot_operator_quip_west_mara
5750,zedra_western_quip_5,2,200,40,0,,ui_default_white,ui_loot_operator_quip_west_mara
5777,zedra_western_quip_6,2,200,40,0,,ui_default_white,ui_loot_operator_quip_west_mara
5841,zedra_western_quip_7,2,200,40,0,,ui_default_white,ui_loot_operator_quip_west_mara
5848,zedra_western_quip_8,3,500,100,0,,ui_default_white,ui_loot_operator_quip_west_mara
5862,zedra_western_quip_9,3,500,100,0,,ui_default_white,ui_loot_operator_quip_west_mara
5649,zedra_western_quip_10,4,1000,200,0,,ui_default_white,ui_loot_operator_quip_west_mara
5787,golem_western_quip_1,1,50,10,2000,,ui_default_white,ui_loot_operator_quip_west_golem
5813,golem_western_quip_2,1,50,10,0,,ui_default_white,ui_loot_operator_quip_west_golem
5964,golem_western_quip_3,3,50,10,1000,,ui_default_white,ui_loot_operator_quip_west_golem
5685,golem_western_quip_4,3,50,10,5000,,ui_default_white,ui_loot_operator_quip_west_golem
5757,golem_western_quip_5,2,200,40,0,,ui_default_white,ui_loot_operator_quip_west_golem
5956,golem_western_quip_6,3,200,40,1000,,ui_default_white,ui_loot_operator_quip_west_golem
5936,golem_western_quip_7,2,200,40,0,,ui_default_white,ui_loot_operator_quip_west_golem
5621,golem_western_quip_8,0,500,100,0,,ui_default_white,ui_loot_operator_quip_west_golem
5671,golem_western_quip_9,3,500,100,3000,,ui_default_white,ui_loot_operator_quip_west_golem
5658,golem_western_quip_10,3,1000,200,1000,,ui_default_white,ui_loot_operator_quip_west_golem
5558,farah_western_quip_1,1,50,10,0,,ui_default_white,
5860,farah_western_quip_2,1,50,10,0,,ui_default_white,
5659,farah_western_quip_3,1,50,10,0,,ui_default_white,
5609,farah_western_quip_4,1,50,10,0,,ui_default_white,
5873,farah_western_quip_5,2,200,40,0,,ui_default_white,
5954,farah_western_quip_6,2,200,40,0,,ui_default_white,
5657,farah_western_quip_7,2,200,40,0,,ui_default_white,
5707,farah_western_quip_8,3,500,100,0,,ui_default_white,
5732,farah_western_quip_9,3,500,100,0,,ui_default_white,
5861,farah_western_quip_10,4,1000,200,0,,ui_default_white,
5842,ghost_western_quip_1,1,50,10,2000,,ui_default_white,ui_loot_operator_quip_west_ghost
5953,ghost_western_quip_2,3,50,10,2000,,ui_default_white,ui_loot_operator_quip_west_ghost
5595,ghost_western_quip_3,3,50,10,2000,,ui_default_white,ui_loot_operator_quip_west_ghost
5881,ghost_western_quip_4,3,50,10,2000,,ui_default_white,ui_loot_operator_quip_west_ghost
5850,ghost_western_quip_5,3,200,40,3000,,ui_default_white,ui_loot_operator_quip_west_ghost
5913,ghost_western_quip_6,2,200,40,0,,ui_default_white,ui_loot_operator_quip_west_ghost
5629,ghost_western_quip_7,3,200,40,5000,,ui_default_white,ui_loot_operator_quip_west_ghost
5812,ghost_western_quip_8,3,500,100,0,,ui_default_white,ui_loot_operator_quip_west_ghost
5807,ghost_western_quip_9,3,500,100,0,,ui_default_white,ui_loot_operator_quip_west_ghost
5939,ghost_western_quip_10,4,1000,200,0,,ui_default_white,ui_loot_operator_quip_west_ghost
5838,lynch_western_quip_1,1,50,10,0,,ui_default_white,
5925,lynch_western_quip_2,1,50,10,0,,ui_default_white,
5784,lynch_western_quip_3,1,50,10,0,,ui_default_white,
5924,lynch_western_quip_4,1,50,10,0,,ui_default_white,
5711,lynch_western_quip_5,2,200,40,0,,ui_default_white,
5729,lynch_western_quip_6,2,200,40,0,,ui_default_white,
5610,lynch_western_quip_7,2,200,40,0,,ui_default_white,
5674,lynch_western_quip_8,3,500,100,0,,ui_default_white,
5645,lynch_western_quip_9,3,500,100,0,,ui_default_white,
5957,lynch_western_quip_10,4,1000,200,0,,ui_default_white,
5801,hooper_western_quip_1,1,50,10,0,,ui_default_white,
5600,hooper_western_quip_2,1,50,10,0,,ui_default_white,
5857,hooper_western_quip_3,1,50,10,0,,ui_default_white,
5661,hooper_western_quip_4,1,50,10,0,,ui_default_white,
5774,hooper_western_quip_5,2,200,40,0,,ui_default_white,
5578,hooper_western_quip_6,2,200,40,0,,ui_default_white,
5800,hooper_western_quip_7,2,200,40,0,,ui_default_white,
5697,hooper_western_quip_8,3,500,100,0,,ui_default_white,
5699,hooper_western_quip_9,3,500,100,0,,ui_default_white,
5805,hooper_western_quip_10,4,1000,200,0,,ui_default_white,
5780,stohli_eastern_quip_1,1,50,10,0,,ui_default_white,
5815,stohli_eastern_quip_2,1,50,10,0,,ui_default_white,
5739,stohli_eastern_quip_3,1,50,10,0,,ui_default_white,
5894,stohli_eastern_quip_4,1,50,10,0,,ui_default_white,
5634,stohli_eastern_quip_5,2,200,40,0,,ui_default_white,
5826,stohli_eastern_quip_6,2,200,40,0,,ui_default_white,
5619,stohli_eastern_quip_7,2,200,40,0,,ui_default_white,
5702,stohli_eastern_quip_8,3,500,100,0,,ui_default_white,
5938,stohli_eastern_quip_9,3,500,100,0,,ui_default_white,
5789,stohli_eastern_quip_10,4,1000,200,0,,ui_default_white,
5653,rodion_eastern_quip_1,0,50,10,0,,ui_default_white,ui_loot_operator_quip_east_rodion
5572,rodion_eastern_quip_2,3,50,10,1000,,ui_default_white,ui_loot_operator_quip_east_rodion
5901,rodion_eastern_quip_3,3,50,10,1000,,ui_default_white,ui_loot_operator_quip_east_rodion
5763,rodion_eastern_quip_4,3,50,10,5000,,ui_default_white,ui_loot_operator_quip_east_rodion
5929,rodion_eastern_quip_5,2,200,40,0,,ui_default_white,ui_loot_operator_quip_east_rodion
5746,rodion_eastern_quip_6,2,200,40,3000,,ui_default_white,ui_loot_operator_quip_east_rodion
5709,rodion_eastern_quip_7,3,200,40,5000,,ui_default_white,ui_loot_operator_quip_east_rodion
5764,rodion_eastern_quip_8,3,500,100,0,,ui_default_white,ui_loot_operator_quip_east_rodion
5615,rodion_eastern_quip_9,3,500,100,2000,,ui_default_white,ui_loot_operator_quip_east_rodion
5844,rodion_eastern_quip_10,4,1000,200,4000,,ui_default_white,ui_loot_operator_quip_east_rodion
5967,trigg_eastern_quip_1,1,50,10,0,,ui_default_white,
5906,trigg_eastern_quip_2,1,50,10,0,,ui_default_white,
5968,trigg_eastern_quip_3,1,50,10,0,,ui_default_white,
5688,trigg_eastern_quip_4,1,50,10,0,,ui_default_white,
5882,trigg_eastern_quip_5,2,200,40,0,,ui_default_white,
5726,trigg_eastern_quip_6,2,200,40,0,,ui_default_white,
5596,trigg_eastern_quip_7,2,200,40,0,,ui_default_white,
5741,trigg_eastern_quip_8,3,500,100,0,,ui_default_white,
5705,trigg_eastern_quip_9,3,500,100,0,,ui_default_white,
5631,trigg_eastern_quip_10,4,1000,200,0,,ui_default_white,
5721,grinch_eastern_quip_1,3,50,10,1000,,ui_default_white,ui_loot_operator_quip_east_grinch
5722,grinch_eastern_quip_2,3,50,10,1000,,ui_default_white,ui_loot_operator_quip_east_grinch
5884,grinch_eastern_quip_3,1,50,10,0,,ui_default_white,ui_loot_operator_quip_east_grinch
5587,grinch_eastern_quip_4,1,50,10,0,,ui_default_white,ui_loot_operator_quip_east_grinch
5588,grinch_eastern_quip_5,3,200,40,2000,,ui_default_white,ui_loot_operator_quip_east_grinch
5633,grinch_eastern_quip_6,0,200,40,0,,ui_default_white,ui_loot_operator_quip_east_grinch
5713,grinch_eastern_quip_7,2,200,40,0,,ui_default_white,ui_loot_operator_quip_east_grinch
5594,grinch_eastern_quip_8,3,500,100,0,,ui_default_white,ui_loot_operator_quip_east_grinch
5888,grinch_eastern_quip_9,3,500,100,5000,,ui_default_white,ui_loot_operator_quip_east_grinch
5825,grinch_eastern_quip_10,4,1000,200,0,,ui_default_white,ui_loot_operator_quip_east_grinch
5794,iskra_eastern_quip_1,1,50,10,0,,ui_default_white,ui_loot_operator_quip_east_iskra
5908,iskra_eastern_quip_2,3,50,10,4000,,ui_default_white,ui_loot_operator_quip_east_iskra
5788,iskra_eastern_quip_3,1,50,10,0,,ui_default_white,ui_loot_operator_quip_east_iskra
5845,iskra_eastern_quip_4,1,50,10,0,,ui_default_white,ui_loot_operator_quip_east_iskra
5853,iskra_eastern_quip_5,2,200,40,0,,ui_default_white,ui_loot_operator_quip_east_iskra
5903,iskra_eastern_quip_6,3,200,40,3000,,ui_default_white,ui_loot_operator_quip_east_iskra
5907,iskra_eastern_quip_7,2,200,40,0,,ui_default_white,ui_loot_operator_quip_east_iskra
5943,iskra_eastern_quip_8,3,500,100,0,,ui_default_white,ui_loot_operator_quip_east_iskra
5557,iskra_eastern_quip_9,3,500,100,5000,,ui_default_white,ui_loot_operator_quip_east_iskra
5858,iskra_eastern_quip_10,4,1000,200,0,,ui_default_white,ui_loot_operator_quip_east_iskra
5758,yegor_eastern_quip_1,0,50,10,0,,ui_default_white,ui_loot_operator_quip_east_yegor
5865,yegor_eastern_quip_2,3,50,10,1000,,ui_default_white,ui_loot_operator_quip_east_yegor
5790,yegor_eastern_quip_3,1,50,10,0,,ui_default_white,ui_loot_operator_quip_east_yegor
5597,yegor_eastern_quip_4,3,50,10,1000,,ui_default_white,ui_loot_operator_quip_east_yegor
5795,yegor_eastern_quip_5,2,200,40,2000,,ui_default_white,ui_loot_operator_quip_east_yegor
5712,yegor_eastern_quip_6,3,200,40,5000,,ui_default_white,ui_loot_operator_quip_east_yegor
5867,yegor_eastern_quip_7,2,200,40,3000,,ui_default_white,ui_loot_operator_quip_east_yegor
5783,yegor_eastern_quip_8,3,500,100,0,,ui_default_white,ui_loot_operator_quip_east_yegor
5756,yegor_eastern_quip_9,3,500,100,0,,ui_default_white,ui_loot_operator_quip_east_yegor
5735,yegor_eastern_quip_10,3,1000,200,2000,,ui_default_white,ui_loot_operator_quip_east_yegor
5914,kreuger_eastern_quip_1,0,50,10,0,,ui_default_white,ui_loot_operator_quip_east_kreuger
5743,kreuger_eastern_quip_2,3,50,10,1000,,ui_default_white,ui_loot_operator_quip_east_kreuger
5644,kreuger_eastern_quip_3,1,50,10,0,,ui_default_white,ui_loot_operator_quip_east_kreuger
5559,kreuger_eastern_quip_4,1,50,10,0,,ui_default_white,ui_loot_operator_quip_east_kreuger
5785,kreuger_eastern_quip_5,3,200,40,4000,,ui_default_white,ui_loot_operator_quip_east_kreuger
5872,kreuger_eastern_quip_6,3,200,40,2000,,ui_default_white,ui_loot_operator_quip_east_kreuger
5589,kreuger_eastern_quip_7,3,200,40,5000,,ui_default_white,ui_loot_operator_quip_east_kreuger
5563,kreuger_eastern_quip_8,3,500,100,3000,,ui_default_white,ui_loot_operator_quip_east_kreuger
5730,kreuger_eastern_quip_9,3,500,100,1000,,ui_default_white,ui_loot_operator_quip_east_kreuger
5562,kreuger_eastern_quip_10,4,1000,200,0,,ui_default_white,ui_loot_operator_quip_east_kreuger
5910,dingo_eastern_quip_1,1,50,10,0,,ui_default_white,
5810,dingo_eastern_quip_2,1,50,10,0,,ui_default_white,
5662,dingo_eastern_quip_3,1,50,10,0,,ui_default_white,
5819,dingo_eastern_quip_4,1,50,10,0,,ui_default_white,
5586,dingo_eastern_quip_5,2,200,40,0,,ui_default_white,
5554,dingo_eastern_quip_6,2,200,40,0,,ui_default_white,
5802,dingo_eastern_quip_7,2,200,40,0,,ui_default_white,
5606,dingo_eastern_quip_8,3,500,100,0,,ui_default_white,
5715,dingo_eastern_quip_9,3,500,100,0,,ui_default_white,
5608,dingo_eastern_quip_10,4,1000,200,0,,ui_default_white,
5886,azur_eastern_quip_1,3,50,10,1000,,ui_default_white,ui_loot_operator_quip_east_azur
5747,azur_eastern_quip_2,3,50,10,2000,,ui_default_white,ui_loot_operator_quip_east_azur
5931,azur_eastern_quip_3,3,50,10,5000,,ui_default_white,ui_loot_operator_quip_east_azur
5622,azur_eastern_quip_4,1,50,10,0,,ui_default_white,ui_loot_operator_quip_east_azur
5961,azur_eastern_quip_5,0,200,40,0,,ui_default_white,ui_loot_operator_quip_east_azur
5593,azur_eastern_quip_6,3,200,40,2000,,ui_default_white,ui_loot_operator_quip_east_azur
5579,azur_eastern_quip_7,2,200,40,0,,ui_default_white,ui_loot_operator_quip_east_azur
5607,azur_eastern_quip_8,3,500,100,0,,ui_default_white,ui_loot_operator_quip_east_azur
5611,azur_eastern_quip_9,3,500,100,4000,,ui_default_white,ui_loot_operator_quip_east_azur
5650,azur_eastern_quip_10,3,1000,200,1000,,ui_default_white,ui_loot_operator_quip_east_azur
5666,yolandi_eastern_quip_1,1,50,10,0,,ui_default_white,
5791,yolandi_eastern_quip_2,1,50,10,0,,ui_default_white,
5696,yolandi_eastern_quip_3,1,50,10,0,,ui_default_white,
5797,yolandi_eastern_quip_4,1,50,10,0,,ui_default_white,
5704,yolandi_eastern_quip_5,2,200,40,0,,ui_default_white,
5670,yolandi_eastern_quip_6,2,200,40,0,,ui_default_white,
5672,yolandi_eastern_quip_7,2,200,40,0,,ui_default_white,
5648,yolandi_eastern_quip_8,3,500,100,0,,ui_default_white,
5821,yolandi_eastern_quip_9,3,500,100,0,,ui_default_white,
5668,yolandi_eastern_quip_10,4,1000,200,0,,ui_default_white,
5809,zane_eastern_quip_1,3,50,10,1000,,ui_default_white,ui_loot_operator_quip_east_zane
5778,zane_eastern_quip_2,1,50,10,2000,,ui_default_white,ui_loot_operator_quip_east_zane
5571,zane_eastern_quip_3,1,50,10,0,,ui_default_white,ui_loot_operator_quip_east_zane
5556,zane_eastern_quip_4,3,50,10,2000,,ui_default_white,ui_loot_operator_quip_east_zane
5752,zane_eastern_quip_5,2,200,40,0,,ui_default_white,ui_loot_operator_quip_east_zane
5806,zane_eastern_quip_6,3,200,40,4001,,ui_default_white,ui_loot_operator_quip_east_zane
5863,zane_eastern_quip_7,2,200,40,0,,ui_default_white,ui_loot_operator_quip_east_zane
5822,zane_eastern_quip_8,3,500,100,4001,,ui_default_white,ui_loot_operator_quip_east_zane
5627,zane_eastern_quip_9,3,500,100,3000,,ui_default_white,ui_loot_operator_quip_east_zane
5911,zane_eastern_quip_10,3,1000,200,5000,,ui_default_white,ui_loot_operator_quip_east_zane
5637,minotavr_eastern_quip_1,0,50,10,0,,ui_default_white,ui_loot_operator_quip_east_minotaur
5891,minotavr_eastern_quip_2,3,50,10,1000,,ui_default_white,ui_loot_operator_quip_east_minotaur
5755,minotavr_eastern_quip_3,3,50,10,2000,,ui_default_white,ui_loot_operator_quip_east_minotaur
5592,minotavr_eastern_quip_4,3,50,10,4001,,ui_default_white,ui_loot_operator_quip_east_minotaur
5639,minotavr_eastern_quip_5,2,200,40,0,,ui_default_white,ui_loot_operator_quip_east_minotaur
5909,minotavr_eastern_quip_6,2,200,40,0,,ui_default_white,ui_loot_operator_quip_east_minotaur
5933,minotavr_eastern_quip_7,3,200,40,2000,,ui_default_white,ui_loot_operator_quip_east_minotaur
5573,minotavr_eastern_quip_8,3,500,100,0,,ui_default_white,ui_loot_operator_quip_east_minotaur
5874,minotavr_eastern_quip_9,3,500,100,1000,,ui_default_white,ui_loot_operator_quip_east_minotaur
5614,minotavr_eastern_quip_10,4,1000,200,0,,ui_default_white,ui_loot_operator_quip_east_minotaur
5612,raines_western_quip_1,1,50,10,2000,,ui_default_white,ui_loot_operator_quip_west_raines
5932,raines_western_quip_2,3,50,10,3000,,ui_default_white,ui_loot_operator_quip_west_raines
5889,raines_western_quip_3,1,50,10,0,,ui_default_white,ui_loot_operator_quip_west_raines
5776,raines_western_quip_4,3,50,10,1000,,ui_default_white,ui_loot_operator_quip_west_raines
5725,raines_western_quip_5,2,200,40,0,,ui_default_white,ui_loot_operator_quip_west_raines
5716,raines_western_quip_6,2,200,40,4000,,ui_default_white,ui_loot_operator_quip_west_raines
5740,raines_western_quip_7,0,200,40,0,,ui_default_white,ui_loot_operator_quip_west_raines
5630,raines_western_quip_8,3,500,100,2000,,ui_default_white,ui_loot_operator_quip_west_raines
5748,raines_western_quip_9,3,500,100,0,,ui_default_white,ui_loot_operator_quip_west_raines
5591,raines_western_quip_10,4,1000,200,0,,ui_default_white,ui_loot_operator_quip_west_raines
5761,crowfoot_western_quip_1,3,1000,200,2000,,ui_default_white,ui_loot_operator_quip_west_talon
5817,crowfoot_western_quip_2,2,1000,200,0,,ui_default_white,ui_loot_operator_quip_west_talon
5934,crowfoot_western_quip_3,2,1000,200,0,,ui_default_white,ui_loot_operator_quip_west_talon
5682,crowfoot_western_quip_4,2,1000,200,0,,ui_default_white,ui_loot_operator_quip_west_talon
5719,crowfoot_western_quip_5,2,1000,200,3000,,ui_default_white,ui_loot_operator_quip_west_talon
5893,crowfoot_western_quip_6,2,1000,200,0,,ui_default_white,ui_loot_operator_quip_west_talon
5570,crowfoot_western_quip_7,2,1000,200,0,,ui_default_white,ui_loot_operator_quip_west_talon
5916,crowfoot_western_quip_8,2,1000,200,0,,ui_default_white,ui_loot_operator_quip_west_talon
5617,crowfoot_western_quip_9,2,1000,200,5000,,ui_default_white,ui_loot_operator_quip_west_talon
5771,crowfoot_western_quip_10,2,1000,200,4000,,ui_default_white,ui_loot_operator_quip_west_talon
5749,metalghost_eastern_quip_1,3,1000,200,2000,,ui_default_white,ui_loot_operator_quip_east_mace
5928,metalghost_eastern_quip_2,2,1000,200,0,,ui_default_white,ui_loot_operator_quip_east_mace
5820,metalghost_eastern_quip_3,2,1000,200,0,,ui_default_white,ui_loot_operator_quip_east_mace
5899,metalghost_eastern_quip_4,2,1000,200,0,,ui_default_white,ui_loot_operator_quip_east_mace
5646,metalghost_eastern_quip_5,2,1000,200,0,,ui_default_white,ui_loot_operator_quip_east_mace
5843,metalghost_eastern_quip_6,2,1000,200,0,,ui_default_white,ui_loot_operator_quip_east_mace
5692,metalghost_eastern_quip_7,2,1000,200,0,,ui_default_white,ui_loot_operator_quip_east_mace
5679,metalghost_eastern_quip_8,2,1000,200,0,,ui_default_white,ui_loot_operator_quip_east_mace
5723,metalghost_eastern_quip_9,3,1000,200,5000,,ui_default_white,ui_loot_operator_quip_east_mace
5706,metalghost_eastern_quip_10,3,1000,200,3000,,ui_default_white,ui_loot_operator_quip_east_mace
5675,alex_western_quip_1,2,1000,200,3000,,ui_default_white,ui_loot_operator_quip_west_alex
5883,alex_western_quip_2,2,1000,200,3000,,ui_default_white,ui_loot_operator_quip_west_alex
5871,alex_western_quip_3,2,1000,200,3000,,ui_default_white,ui_loot_operator_quip_west_alex
5577,alex_western_quip_4,2,1000,200,3000,,ui_default_white,ui_loot_operator_quip_west_alex
5875,alex_western_quip_5,2,1000,200,3000,,ui_default_white,ui_loot_operator_quip_west_alex
5775,alex_western_quip_6,2,1000,200,3000,,ui_default_white,ui_loot_operator_quip_west_alex
5731,alex_western_quip_7,3,1000,200,5000,,ui_default_white,ui_loot_operator_quip_west_alex
5959,alex_western_quip_8,2,1000,200,3000,,ui_default_white,ui_loot_operator_quip_west_alex
5618,alex_western_quip_9,2,1000,200,3000,,ui_default_white,ui_loot_operator_quip_west_alex
5840,alex_western_quip_10,2,1000,200,3000,,ui_default_white,ui_loot_operator_quip_west_alex
5949,ronin_western_quip_1,2,1000,200,3000,,ui_default_white,ui_loot_operator_quip_west_ronin
5947,ronin_western_quip_2,2,1000,200,3000,,ui_default_white,ui_loot_operator_quip_west_ronin
5623,ronin_western_quip_3,2,1000,200,3000,,ui_default_white,ui_loot_operator_quip_west_ronin
5584,ronin_western_quip_4,2,1000,200,3000,,ui_default_white,ui_loot_operator_quip_west_ronin
5698,ronin_western_quip_5,2,1000,200,3000,,ui_default_white,ui_loot_operator_quip_west_ronin
5673,ronin_western_quip_6,3,1000,200,3000,,ui_default_white,ui_loot_operator_quip_west_ronin
5655,ronin_western_quip_7,2,1000,200,3000,,ui_default_white,ui_loot_operator_quip_west_ronin
5846,ronin_western_quip_8,2,1000,200,3000,,ui_default_white,ui_loot_operator_quip_west_ronin
5948,ronin_western_quip_9,2,1000,200,3000,,ui_default_white,ui_loot_operator_quip_west_ronin
5635,ronin_western_quip_10,2,1000,200,3000,,ui_default_white,ui_loot_operator_quip_west_ronin
5962,price_western_quip_1,2,0,0,4000,,ui_default_white,ui_loot_operator_quip_west_price
5851,price_western_quip_2,2,0,0,4000,,ui_default_white,ui_loot_operator_quip_west_price
5738,price_western_quip_3,2,0,0,4000,,ui_default_white,ui_loot_operator_quip_west_price
5849,price_western_quip_4,2,0,0,4000,,ui_default_white,ui_loot_operator_quip_west_price
5560,price_western_quip_5,2,0,0,4000,,ui_default_white,ui_loot_operator_quip_west_price
5733,price_western_quip_6,2,0,0,4000,,ui_default_white,ui_loot_operator_quip_west_price
5708,price_western_quip_7,2,0,0,4000,,ui_default_white,ui_loot_operator_quip_west_price
5960,price_western_quip_8,2,0,0,4000,,ui_default_white,ui_loot_operator_quip_west_price
5638,price_western_quip_9,2,0,0,4000,,ui_default_white,ui_loot_operator_quip_west_price
5742,price_western_quip_10,2,0,0,4000,,ui_default_white,ui_loot_operator_quip_west_price
5902,kyle_western_quip_1,3,0,0,4000,,ui_default_white,ui_loot_operator_quip_west_kyle
5814,kyle_western_quip_2,2,0,0,4000,,ui_default_white,ui_loot_operator_quip_west_kyle
5598,kyle_western_quip_3,2,0,0,4000,,ui_default_white,ui_loot_operator_quip_west_kyle
5946,kyle_western_quip_4,2,0,0,4000,,ui_default_white,ui_loot_operator_quip_west_kyle
5852,kyle_western_quip_5,2,0,0,4000,,ui_default_white,ui_loot_operator_quip_west_kyle
5855,kyle_western_quip_6,2,0,0,4000,,ui_default_white,ui_loot_operator_quip_west_kyle
5837,kyle_western_quip_7,2,0,0,4000,,ui_default_white,ui_loot_operator_quip_west_kyle
5963,kyle_western_quip_8,2,0,0,4000,,ui_default_white,ui_loot_operator_quip_west_kyle
5856,kyle_western_quip_9,2,0,0,4000,,ui_default_white,ui_loot_operator_quip_west_kyle
5567,kyle_western_quip_10,2,0,0,4000,,ui_default_white,ui_loot_operator_quip_west_kyle
5912,roze_eastern_quip_1,3,0,0,4000,,ui_default_white,ui_loot_operator_quip_east_roze
5921,roze_eastern_quip_2,2,0,0,4000,,ui_default_white,ui_loot_operator_quip_east_roze
5898,roze_eastern_quip_3,2,0,0,4000,,ui_default_white,ui_loot_operator_quip_east_roze
5683,roze_eastern_quip_4,3,0,0,4001,,ui_default_white,ui_loot_operator_quip_east_roze
5604,roze_eastern_quip_5,2,0,0,4000,,ui_default_white,ui_loot_operator_quip_east_roze
5760,roze_eastern_quip_6,2,0,0,4000,,ui_default_white,ui_loot_operator_quip_east_roze
5566,roze_eastern_quip_7,3,0,0,5000,,ui_default_white,ui_loot_operator_quip_east_roze
5701,roze_eastern_quip_8,2,0,0,4000,,ui_default_white,ui_loot_operator_quip_east_roze
5935,roze_eastern_quip_9,2,0,0,4000,,ui_default_white,ui_loot_operator_quip_east_roze
5717,roze_eastern_quip_10,2,0,0,4000,,ui_default_white,ui_loot_operator_quip_east_roze
5793,woods_western_quip_1,3,0,0,5000,,ui_default_white,ui_loot_operator_quip_west_woods
5965,woods_western_quip_2,2,0,0,4000,,ui_default_white,ui_loot_operator_quip_west_woods
5724,woods_western_quip_3,2,0,0,4000,,ui_default_white,ui_loot_operator_quip_west_woods
5866,woods_western_quip_4,2,0,0,4000,,ui_default_white,ui_loot_operator_quip_west_woods
5847,woods_western_quip_5,2,0,0,4000,,ui_default_white,ui_loot_operator_quip_west_woods
5585,woods_western_quip_6,2,0,0,4000,,ui_default_white,ui_loot_operator_quip_west_woods
5767,woods_western_quip_7,2,0,0,4000,,ui_default_white,ui_loot_operator_quip_west_woods
5836,woods_western_quip_8,2,0,0,4000,,ui_default_white,ui_loot_operator_quip_west_woods
5669,woods_western_quip_9,2,0,0,4000,,ui_default_white,ui_loot_operator_quip_west_woods
5796,woods_western_quip_10,2,0,0,4000,,ui_default_white,ui_loot_operator_quip_west_woods
5632,lerch_eastern_quip_1,3,0,0,5000,,ui_default_white,ui_loot_operator_quip_east_lerch
5561,lerch_eastern_quip_2,2,0,0,4000,,ui_default_white,ui_loot_operator_quip_east_lerch
5828,lerch_eastern_quip_3,2,0,0,4000,,ui_default_white,ui_loot_operator_quip_east_lerch
5625,lerch_eastern_quip_4,2,0,0,4000,,ui_default_white,ui_loot_operator_quip_east_lerch
5759,lerch_eastern_quip_5,2,0,0,4000,,ui_default_white,ui_loot_operator_quip_east_lerch
5868,lerch_eastern_quip_6,2,0,0,4000,,ui_default_white,ui_loot_operator_quip_east_lerch
5691,lerch_eastern_quip_7,2,0,0,4000,,ui_default_white,ui_loot_operator_quip_east_lerch
5652,lerch_eastern_quip_8,2,0,0,4000,,ui_default_white,ui_loot_operator_quip_east_lerch
5564,lerch_eastern_quip_9,2,0,0,5000,,ui_default_white,ui_loot_operator_quip_east_lerch
5710,lerch_eastern_quip_10,2,0,0,4000,,ui_default_white,ui_loot_operator_quip_east_lerch
5694,velikan_eastern_quip_1,3,0,0,5000,,ui_default_white,ui_loot_operator_quip_east_velikan
5620,velikan_eastern_quip_2,2,0,0,4000,,ui_default_white,ui_loot_operator_quip_east_velikan
5676,velikan_eastern_quip_3,2,0,0,4000,,ui_default_white,ui_loot_operator_quip_east_velikan
5736,velikan_eastern_quip_4,2,0,0,4000,,ui_default_white,ui_loot_operator_quip_east_velikan
5878,velikan_eastern_quip_5,2,0,0,4000,,ui_default_white,ui_loot_operator_quip_east_velikan
5922,velikan_eastern_quip_6,2,0,0,4000,,ui_default_white,ui_loot_operator_quip_east_velikan
5803,velikan_eastern_quip_7,2,0,0,4000,,ui_default_white,ui_loot_operator_quip_east_velikan
5829,velikan_eastern_quip_8,2,0,0,4000,,ui_default_white,ui_loot_operator_quip_east_velikan
5904,velikan_eastern_quip_9,2,0,0,4000,,ui_default_white,ui_loot_operator_quip_east_velikan
5772,velikan_eastern_quip_10,2,0,0,4000,,ui_default_white,ui_loot_operator_quip_east_velikan
5870,morte_western_quip_1,3,0,0,6000,,ui_default_white,ui_loot_operator_quip_west_morte
5737,morte_western_quip_2,3,0,0,5000,,ui_default_white,ui_loot_operator_quip_west_morte
5582,morte_western_quip_3,2,0,0,6000,,ui_default_white,ui_loot_operator_quip_west_morte
5915,morte_western_quip_4,2,0,0,6000,,ui_default_white,ui_loot_operator_quip_west_morte
5590,morte_western_quip_5,2,0,0,6000,,ui_default_white,ui_loot_operator_quip_west_morte
5677,morte_western_quip_6,2,0,0,6000,,ui_default_white,ui_loot_operator_quip_west_morte
5969,morte_western_quip_7,2,0,0,6000,,ui_default_white,ui_loot_operator_quip_west_morte
5876,morte_western_quip_8,2,0,0,6000,,ui_default_white,ui_loot_operator_quip_west_morte
5781,morte_western_quip_9,2,0,0,6000,,ui_default_white,ui_loot_operator_quip_west_morte
5879,morte_western_quip_10,2,0,0,6000,,ui_default_white,ui_loot_operator_quip_west_morte
