11803,jup_camo_platinum_unlock_ar
17885,jup_camo_platinum_unlock_ob_ar
16937,jup_ob_contract_ping
15725,jup_ob_complete_contract
15726,jup_ob_exfil_successfully
16939,jup_ob_direct_line_complete
21176,jup_ob_open_crates
16126,jup_ob_zombie_vehicle_kills
16127,jup_ob_zombie_vehicle_turret_kills
16128,jup_ob_vehicle_tire_repair
14353,jup_ob_wallbuy_kill
14352,jup_ob_wallbuy_purchase
14884,jup_ob_pap_purchase_level_1
17587,jup_ob_pap_kill_zombie_level_1_yellow_or_higher
14357,jup_ob_magicbox_kill
14359,jup_ob_magicbox_purchase
16093,jup_ob_armored_convoy_destroy
16094,jup_ob_armored_convoy_collect_keycard
14637,jup_ob_cryofreeze_hit_hellhound
14623,jup_ob_cryofreeze_hit_zombie
14626,jup_ob_energy_mine_kill_zombie
16562,jup_ob_energy_mine_convoy
26727,jup_ob_energy_mine_kill_merc
16148,jup_ob_gas_station_perks
16133,jup_ob_complete_aether_extractor_contract
16134,jup_ob_kill_extractor_guards
16135,jup_ob_destroy_helicopter_reinforcements
14707,jup_ob_exfil_schematic
16131,jup_ob_activate_turret_traps
16942,jup_ob_merc_stronghold_use_keycard
16943,jup_ob_merc_stronghold_clear_stronghold
16944,jup_ob_merc_stronghold_open_safe
16945,jup_ob_merc_stronghold_retrieve_intel
14382,jup_ob_frenzied_guard_kill
14385,jup_ob_special_elite_frenzied_guard_kill
16819,jup_ob_pickup_ava_intel_item_from_frenzied_guard_special_elite
14632,jup_ob_shatterblast_obtain
14633,jup_ob_shatterblast_destroy_armor
14634,jup_ob_pickup_ava_intel_by_armored_zombie
16137,jup_ob_zombie_remote_turret_kills
16138,jup_ob_soldier_remote_turret_kills
16139,jup_ob_aquire_ava_intel_soldier_drop
16141,jup_ob_loot_safes
16142,jup_ob_zombie_weapon_stash_kills
17060,jup_ob_complete_escort_chaperone
17061,jup_ob_escort_kills
17062,jup_ob_maintain_escort_health
17063,jup_ob_exfil_schematic_chaperone
16145,jup_ob_obtain_gas_mask
16146,jup_ob_destroy_aether_nest
16147,jup_ob_aquire_ava_intel_aether_nest
16820,jup_ob_outlast_enter_anomaly
16821,jup_ob_outlast_pickup_avas_tablet
22223,jup_ob_exfil_wheres_dr_jansen
17851,jup_ob_extraction_activate_uav
17554,jup_ob_extraction_locate_ava
17556,jup_ob_extraction_defend_ava
17558,jup_ob_extraction_escape_with_ava
16948,jup_ob_complete_cargo_delivery_land
16949,jup_ob_destroy_helo_chasing_cargo
16628,jup_ob_delivery_vehicle_scuttle
16636,jup_ob_raid_weapons_stash
16950,jup_ob_safe_drill_zombie_kill
16951,jup_ob_safe_drill_never_pause
16644,jup_ob_exfil_schematic_safe_cracker
16952,jup_ob_redeploy_drone_diff_region
16953,jup_ob_redeploy_drone_ascend_kills
16645,jup_ob_ascension_complete
16153,jup_ob_mercenary_camp_kills
16154,jup_ob_loot_mercenary_camps
16649,jup_ob_harvester_orb_loot_collect
16955,jup_ob_harvester_orbs_destroy
16648,jup_ob_reaper_complete
14641,jup_ob_healing_aura_heal
15914,jup_ob_guardian_angel_complete
14996,jup_ob_deadwire_proc
16804,jup_ob_deadwire_special_proc
14925,jup_ob_pap_purchase_level_2
14928,jup_ob_pap_kill_zombie_level_2
14929,jup_ob_pap_kill_zombie_special_level_2
16957,jup_ob_big_bounty_green
16958,jup_ob_big_bounty_yellow
16959,jup_ob_big_bounty_orange
16656,jup_ob_obtain_essence_bazaar
16657,jup_ob_obtain_essence_shops
16658,jup_ob_obtain_essence_retail
16445,jup_ob_aether_extractor
16446,jup_ob_aether_extractor_destroy
16547,jup_ob_aether_extractor_pickup_container
16548,jup_ob_aether_extractor_exfil
14961,jup_ob_brainrot_kill
14962,jup_ob_brainrot_proc
14630,jup_ob_frost_blast_freeze_zombie
16986,jup_ob_frost_blast_freeze_mimics
16965,jup_ob_spore_control_complete
16970,jup_ob_spore_regen_denied
16643,jup_ob_exfil_schematic_exterminator
17571,jup_ob_shepherd_destroy_sam
17572,jup_ob_shepherd_secure_airdrop
17570,jup_ob_shepherd_escort_vehicle
17856,jup_ob_shepherd_defend
17066,jup_ob_merc_defend_complete
17067,jup_ob_merc_defend_soldier_kills
17068,jup_ob_computer_health
17069,jup_ob_exfil_schematic_two_factor
14926,jup_ob_pap_purchase_level_3
14932,jup_ob_pap_kill_zombie_level_3
14933,jup_ob_pap_kill_zombie_elite_level_3
14936,jup_ob_tesla_storm_stun_soldier
14938,jup_ob_tesla_storm_kill_zombie
16746,jup_ob_napalmburst_special_proc
14993,jup_ob_napalmburst_proc
17071,jup_ob_precision_airstrike_soldier_kills
17072,jup_ob_precision_airstrike_merc_convoy
17073,jup_ob_precision_airstrike_merc_camp
17075,jup_ob_gunship_commnder_kill
17076,jup_ob_heli_kills
14941,jup_ob_aether_shroud_kill_zombie
14942,jup_ob_aether_shroud_kill_soldier
17880,jup_ob_storm_castle_merc_camp_complete
17881,jup_ob_storm_castle_merc_stronghold_complete
17882,jup_ob_storm_castle_warlord_defeated
17883,jup_ob_storm_castle_tablet_collected
17079,jup_ob_enter_aether_storm
17080,jup_ob_aether_storm_zombie_kills
17081,jup_ob_aether_storm_disciple_kill
17083,jup_ob_zombie_stronghold_clear
17085,jup_ob_zombie_strongholds_intel
17087,jup_ob_outlast_pnd_pause
17088,jup_ob_contaminated_space_zombie_kills
17089,jup_ob_exfil_schematic_holdout
17611,jup_ob_defeat_zakhaev_reach_stronghold
17580,jup_ob_defeat_zakhaev_clear_stronghold
17582,jup_ob_defeat_zakhaev_place_explosive
17614,jup_ob_defeat_zakhaev_defend_neutralizer
17586,jup_ob_defeat_zakhaev_defeat_worm
27120,jup_ob_break_seals_invest_rift
27121,jup_ob_break_seals_destroy_seals
27122,jup_ob_break_seals_escape
27128,jup_ob_break_seals_defeat_worm
27129,jup_ob_break_seals_leave_rift
16285,jup_jp22_la_dromeo_mastery_orion
17211,jup_bm_season1_sector01
17212,jup_bm_season1_sector02
17213,jup_bm_season1_sector03
17214,jup_bm_season1_sector04
17215,jup_bm_season1_sector05
17216,jup_bm_season1_sector06
17217,jup_bm_season1_sector07
17218,jup_bm_season1_sector08
17219,jup_bm_season1_sector09
17220,jup_bm_season1_sector10
17221,jup_bm_season1_sector11
17222,jup_bm_season1_sector12
17223,jup_bm_season1_sector13
17224,jup_bm_season1_sector14
17225,jup_bm_season1_sector15
17226,jup_bm_season1_sector16
17227,jup_bm_season1_sector17
17228,jup_bm_season1_sector18
17229,jup_bm_season1_sector19
17230,jup_bm_season1_sector20
17859,jup_bm_season1_sector21_final
14106,jup_battle_pass_s1
8243,bm_season1_sector01
8251,bm_season1_sector02
8245,bm_season1_sector03
8236,bm_season1_sector04
8240,bm_season1_sector05
8244,bm_season1_sector06
8234,bm_season1_sector07
8241,bm_season1_sector08
8232,bm_season1_sector09
8248,bm_season1_sector10
8252,bm_season1_sector11
8247,bm_season1_sector12
8249,bm_season1_sector13
8235,bm_season1_sector14
8246,bm_season1_sector15
8233,bm_season1_sector16
8231,bm_season1_sector17
8238,bm_season1_sector18
8237,bm_season1_sector19
8239,bm_season1_sector20
8242,bm_season1_sector21
10025,bm_season2_sector01
10036,bm_season2_sector02
10038,bm_season2_sector03
10039,bm_season2_sector04
10022,bm_season2_sector05
10032,bm_season2_sector06
10027,bm_season2_sector07
10029,bm_season2_sector08
10031,bm_season2_sector09
10034,bm_season2_sector10
10028,bm_season2_sector11
10030,bm_season2_sector12
10023,bm_season2_sector13
10021,bm_season2_sector14
10024,bm_season2_sector15
10037,bm_season2_sector16
10035,bm_season2_sector17
10033,bm_season2_sector18
10040,bm_season2_sector19
10026,bm_season2_sector20
10072,bm_season2_sector21_final
12195,bm_season3_sector01
12196,bm_season3_sector02
12197,bm_season3_sector03
12198,bm_season3_sector04
12199,bm_season3_sector05
12200,bm_season3_sector06
12201,bm_season3_sector07
12202,bm_season3_sector08
12203,bm_season3_sector09
12204,bm_season3_sector10
12205,bm_season3_sector11
12206,bm_season3_sector12
12207,bm_season3_sector13
12208,bm_season3_sector14
12209,bm_season3_sector15
12210,bm_season3_sector16
12211,bm_season3_sector17
12212,bm_season3_sector18
12213,bm_season3_sector19
12214,bm_season3_sector20
12215,bm_season3_sector21_final
14738,bm_season4_sector01
14739,bm_season4_sector02
14740,bm_season4_sector03
14741,bm_season4_sector04
14742,bm_season4_sector05
14743,bm_season4_sector06
14744,bm_season4_sector07
14745,bm_season4_sector08
14746,bm_season4_sector09
14747,bm_season4_sector10
14748,bm_season4_sector11
14749,bm_season4_sector12
14750,bm_season4_sector13
14751,bm_season4_sector14
14752,bm_season4_sector15
14753,bm_season4_sector16
14754,bm_season4_sector17
14755,bm_season4_sector18
14756,bm_season4_sector19
14757,bm_season4_sector20
17270,bm_season4_sector23_limited_time
14758,bm_season4_sector21_final
17280,bm_season5_sector01
17281,bm_season5_sector02
17282,bm_season5_sector03
17283,bm_season5_sector04
17284,bm_season5_sector05
17285,bm_season5_sector06
17286,bm_season5_sector07
17287,bm_season5_sector08
17288,bm_season5_sector09
17289,bm_season5_sector10
17290,bm_season5_sector11
17291,bm_season5_sector12
17292,bm_season5_sector13
17293,bm_season5_sector14
17294,bm_season5_sector15
17295,bm_season5_sector16
17296,bm_season5_sector17
17297,bm_season5_sector18
17298,bm_season5_sector19
17299,bm_season5_sector20
17607,bm_season5_sector23_limited_time
17300,bm_season5_sector21_final
22339,bm_season6_sector01
22340,bm_season6_sector02
22341,bm_season6_sector03
22342,bm_season6_sector04
22343,bm_season6_sector05
22344,bm_season6_sector06
22345,bm_season6_sector07
22346,bm_season6_sector08
22347,bm_season6_sector09
22348,bm_season6_sector10
22349,bm_season6_sector11
22350,bm_season6_sector12
22351,bm_season6_sector13
22352,bm_season6_sector14
22353,bm_season6_sector15
22354,bm_season6_sector16
22355,bm_season6_sector17
22356,bm_season6_sector18
22357,bm_season6_sector19
22358,bm_season6_sector20
23168,bm_season6_sector23_limited_time
22359,bm_season6_sector21_final
8749,iw9_battle_pass_s1
8751,iw9_battle_pass_s2
8746,iw9_battle_pass_s3
8750,iw9_battle_pass_s4
8748,iw9_battle_pass_s5
8747,iw9_battle_pass_s6
