a0,b1,c2,d3,e4,f5,g6,h7,i8
0,ability_ops,CP_MERITS/GENERAL,CP_MERITS/GENERAL_DESC,cp/allMeritsList.csv,LUA_MENU/ABILITY,,,
1,ability_ops,CP_MERITS/GENERAL,CP_MERITS/GENERAL_DESC,cp/allMeritsList.csv,LUA_MENU/ABILITY,,,
2,ability_ops,CP_MERITS/GENERAL,CP_MERITS/GENERAL_DESC,cp/allMeritsList.csv,LUA_MENU/ABILITY,,,
3,ability_ops,CP_MERITS/GENERAL,CP_MERITS/GENERAL_DESC,cp/allMeritsList.csv,LUA_MENU/ABILITY,,,
4,ability_ops,CP_MERITS/GENERAL,CP_MERITS/GENERAL_DESC,cp/allMeritsList.csv,LUA_MENU/ABILITY,,,
5,ability_ops,CP_MERITS/GENERAL,CP_MERITS/GENERAL_DESC,cp/allMeritsList.csv,LUA_MENU/ABILITY,,,
