0,0,em_mat_preview_carbonfiber,MPUI_MATERIAL_CARBON,0,0,0,0,general,pntr_carbonfiber
1,1,em_mat_preview_steel,MPUI_MATERIAL_STEEL,0,0,0,0,general,pntr_steel
2,2,em_mat_preview_brick,MPUI_MATERIAL_BRICK,0,0,0,0,general,pntr_brick
3,3,em_mat_preview_marble,MPUI_MATERIAL_MARBLE,0,0,0,0,general,pntr_marble
4,4,em_mat_preview_woodmahogany,MPUI_MATERIAL_WOODMAHOGANY,0,0,0,0,general,pntr_wood_mahogany
5,5,em_mat_preview_cloth2,MPUI_MATERIAL_CLOTH2,0,0,0,0,general,pntr_cloth2
6,6,em_mat_preview_cloth1,MPUI_MATERIAL_CLOTH1,0,0,0,0,general,pntr_cloth1
7,7,em_mat_preview_goldfoil,MPUI_MATERIAL_GOLDFOIL,0,0,0,0,general,pntr_goldfoil
8,9,em_mat_preview_wood_plank,MPUI_MATERIAL_WOODPLANK,0,0,0,0,general,pntr_wood_plank
