post_game_state,1,,c,i,0,0,15,,,,,,,,,,,,,,,,
ui_securing,1,1,c,i,0,0,62,,,,,,,,,,,,,,,,
ui_securing_progress,1,1,c,f,0,0,1,1,,,,,,,,,,,,,,,
ui_hud_shake,1,,c,b,0,,,,,,,,,,,,,,,,,,
physics_gravity_x,0,0,g,f,0,-3870,3870,,,,,,,#this is set by code,,,,,,,,,
physics_gravity_y,0,0,g,f,0,-3870,3870,,,,,,,#this is set by code,,,,,,,,,
physics_gravity_z,0,0,g,f,-386.09f,-3870,3870,,,,,,,#this is set by code,,,,,,,,,
physics_gravity_ragdoll,0,0,g,f,1.0f,-100,100,,,,,,,#this is set by code,,,,,,,,,
physics_gravity_dynent,0,0,g,f,1.0f,-100,100,,,,,,,#this is set by code,,,,,,,,,
physics_gravity_particle,0,0,g,f,1.0f,-100,100,,,,,,,#this is set by code,,,,,,,,,
reference_frame_global_pos_x,0,0,g,f,0,-131072,131072,,,,,,,#this is set by code,,,,,,,,,
reference_frame_global_pos_y,0,0,g,f,0,-131072,131072,,,,,,,#this is set by code,,,,,,,,,
reference_frame_global_pos_z,0,0,g,f,0,-131072,131072,,,,,,,#this is set by code,,,,,,,,,
reference_frame_global_rot_x,0,0,g,f,0,-360,360,,,,,,,#this is set by code,,,,,,,,,
reference_frame_global_rot_y,0,0,g,f,0,-360,360,,,,,,,#this is set by code,,,,,,,,,
reference_frame_global_rot_z,0,0,g,f,0,-360,360,,,,,,,#this is set by code,,,,,,,,,
damage_feedback,1,1,c,s,none,,,,,,,,,,,,,,,,,,
damage_feedback_notify,1,1,c,n,0,,,,,,,,,,,,,,,,,,
damage_feedback_icon,1,1,c,s,none,,,,,,,,,,,,,,,,,,
damage_icon_amount,1,1,c,i,1,0,3,,,,,,,,,,,,,,,,
damage_feedback_icon_notify,1,1,c,n,0,,,,,,,,,,,,,,,,,,
damage_feedback_kill,1,1,c,b,0,0,1,,,,,,,,,,,,,,,,
damage_feedback_headshot,1,1,c,b,0,0,1,,,,,,,,,,,,,,,,
damage_feedback_nonplayer,1,1,c,b,0,0,1,,,,,,,,,,,,,,,,
damage_feedback_other,1,,c,s,standard,,,,,,,,,,,,,,,,,,
damage_feedback_entity,1,1,c,i,0,-1,10000,,,,,,,,,,,,,,,,
damage_feedback_entity_notify,1,1,c,n,0,,,,,,,,,,,,,,,,,,
damage_feedback_armor,1,1,c,i,0,0,3,,,,,,,,,,,,,,,,
damage_feedback_weapon,1,1,c,i,0,0,127,,,,,,,,,,,,,,,,
damage_feedback_weapon_notify,1,1,c,b,0,0,1,,,,,,,,,,,,,,,,
damage_feedback_equip,1,1,c,i,0,0,7,,,,,,,,,,,,,,,,
damage_feedback_equip_notify,1,1,c,b,0,0,1,,,,,,,,,,,,,,,,
damage_feedback_hardobject,1,1,c,i,0,0,3,,,,,,,,,,,,,,,,
damage_feedback_hardobject_notify,1,1,c,b,0,0,1,,,,,,,,,,,,,,,,
ui_gas_can_status,1,,c,i,0,0,3,,,,,,,#0=none, 1=picked_up, 2=fused, 3=count,,,,,,,,,
ui_tutorial_message_state,1,,c,i,0,0,3,,,,,,,,,,,,,,,,
ui_hide_full_hud,1,0,c,b,0,,,,,,,,,,,,,,,,,,
ui_hide_hud,1,1,c,b,0,,,,,,,,,,,,,,,,,,
ui_hide_weapon_info,1,,c,b,0,0,1,,,,,,,,,,,,,,,,
ui_minimized_cursor_hint_entity_00,0,,c,a,0,0,32,,,,,,,,,,,,,,,,
ui_minimized_cursor_hint_entity_01,0,,c,a,0,0,32,,,,,,,,,,,,,,,,
ui_minimized_cursor_hint_entity_02,0,,c,a,0,0,32,,,,,,,,,,,,,,,,
ui_minimized_cursor_hint_entity_03,0,,c,a,0,0,32,,,,,,,,,,,,,,,,
ui_minimized_cursor_hint_entity_04,0,,c,a,0,0,32,,,,,,,,,,,,,,,,
ui_minimized_cursor_hint_entity_05,0,,c,a,0,0,32,,,,,,,,,,,,,,,,
ui_minimized_cursor_hint_entity_06,0,,c,a,0,0,32,,,,,,,,,,,,,,,,
ui_minimized_cursor_hint_entity_07,0,,c,a,0,0,32,,,,,,,,,,,,,,,,
ui_minimized_cursor_hint_tag_00,0,,c,i,255,0,255,,,,,,,,,,,,,,,,
ui_minimized_cursor_hint_tag_01,0,,c,i,255,0,255,,,,,,,,,,,,,,,,
ui_minimized_cursor_hint_tag_02,0,,c,i,255,0,255,,,,,,,,,,,,,,,,
ui_minimized_cursor_hint_tag_03,0,,c,i,255,0,255,,,,,,,,,,,,,,,,
ui_minimized_cursor_hint_tag_04,0,,c,i,255,0,255,,,,,,,,,,,,,,,,
ui_minimized_cursor_hint_tag_05,0,,c,i,255,0,255,,,,,,,,,,,,,,,,
ui_minimized_cursor_hint_tag_06,0,,c,i,255,0,255,,,,,,,,,,,,,,,,
ui_minimized_cursor_hint_tag_07,0,,c,i,255,0,255,,,,,,,,,,,,,,,,
ui_minimized_cursor_hint_dist_00,0,,c,f,0,0,10000,,,,,,,,,,,,,,,,
ui_minimized_cursor_hint_dist_01,0,,c,f,0,0,10000,,,,,,,,,,,,,,,,
ui_minimized_cursor_hint_dist_02,0,,c,f,0,0,10000,,,,,,,,,,,,,,,,
ui_minimized_cursor_hint_dist_03,0,,c,f,0,0,10000,,,,,,,,,,,,,,,,
ui_minimized_cursor_hint_dist_04,0,,c,f,0,0,10000,,,,,,,,,,,,,,,,
ui_minimized_cursor_hint_dist_05,0,,c,f,0,0,10000,,,,,,,,,,,,,,,,
ui_minimized_cursor_hint_dist_06,0,,c,f,0,0,10000,,,,,,,,,,,,,,,,
ui_minimized_cursor_hint_dist_07,0,,c,f,0,0,10000,,,,,,,,,,,,,,,,
ai_fulllight,0,,g,f,0.5,0,1,,,,,,,,,,,,,,,,
ai_nolight,0,,g,f,0,0,1,,,,,,,,,,,,,,,,
ui_turret_placement,1,,c,i,0,0,2,,,,,,,# 0 = inactive, 1 = mobile turret, 2 = sentry turret,,,,,,,,,
ui_realism_hud,1,,c,b,0,0,1,,,,,,,,,,,,,,,,
ui_realism_mode,1,,g,b,0,0,1,,,,,,,,,,,,,,,,
ui_compass_hide_enemy_navbar,1,,g,b,0,0,1,,,,,,,,,,,,,,,,
ui_compass_hide_weapon_pings_navbar,1,,g,i,0,0,2,,,,,,,# How navbar displays red dots when enemies fire weapons: 0 = SHOW_PINGS_ON_WEAPON_FIRE, 1 = HIDE_PINGS, 2 = SHOW_PINGS_WHEN_UAV_ACTIVE,,,,,,,,,
handheld_camera_rotation_move_mod_override,1,,c,f,0,0,1,0,,,,,,,,,,,,,,,
handheld_camera_rotation_view_mod_override,1,,c,f,0,0,1,0,,,,,,,,,,,,,,,
handheld_camera_translation_move_mod_override,1,,c,f,0,0,1,0,,,,,,,,,,,,,,,
handheld_camera_translation_view_mod_override,1,,c,f,0,0,1,0,,,,,,,,,,,,,,,
ui_out_of_bounds_type,1,,c,i,0,0,5,,,,,,,# 0 = off, 1 = normal out of bounds, 2 = restricted area, 3 = off vehicle, 4 retreat to safe area, 5 return to mission,,,,,,,,,
ui_out_of_bounds_countdown,1,,c,t,0,,,,,,,,,,,,,,,,,,
ui_graverobber,1,,c,b,0,0,1,,,,,,,,,,,,,,,,
nVidiaHighlights_events,1,,c,i,0,0,100,,,,,,,#0 = off, 1 = Frenzy Kill, 2 = Mega Kill, 3 = Ultra Kill, 4 = Merciless, 5 = Relentless, 6 = Juggernaut, 7 = Collateral, 8 = Trade, 9 = Bonk, 10 = Multiplayer Highlight,,,,,,,,,
ui_mission_end_dlog,1,1,c,b,0,,,,,,,,,,,,,,,,,,
ui_killstreak_controls,1,1,c,i,0,0,17,,,,,,,# ( 0 ) Off,  ( 1-5 ) Juggernaut,  ( 6 ) Chopper Gunner, ( 7-8 ) Cruise Missile, ( 9 ) Gunship, ( 10 ) Shield Turret, ( 11-12 ) Wheelson, ( 13-14 ) Hellstorm Missile, ( 15 ) RCXD, (16) Remote Turret
ui_killstreak_weapon,1,1,c,i,0,0,3,,,,,,,#Value used to know the current weapon for the killstreak,,,,,,,,,
ui_killstreak_weapon_1_ammo,1,1,c,i,0,0,500,,,,,,,#Value used to show the ammo for the killstreak's first weapon,,,,,,,,,
ui_killstreak_weapon_2_ammo,1,1,c,i,0,0,500,,,,,,,#Value used to show the ammo for the killstreak's second weapon,,,,,,,,,
ui_killstreak_weapon_3_ammo,1,1,c,i,0,0,500,,,,,,,#Value used to show the ammo for the killstreak's third weapon,,,,,,,,,
ui_killstreak_weapon_1_reloadtime,1,1,c,t,0,,,,,,,,,#Value used to show the reload progress for the killstreak's first weapon,,,,,,,,,
ui_killstreak_weapon_2_reloadtime,1,1,c,t,0,,,,,,,,,#Value used to show the reload progress for the killstreak's second weapon,,,,,,,,,
ui_killstreak_weapon_3_reloadtime,1,1,c,t,0,,,,,,,,,#Value used to show the reload progress for the killstreak's third weapon,,,,,,,,,
ui_killstreak_health,1,1,c,f,0,0,1,,,,,,,#Value used for the health display within killstreak HUDS,,,,,,,,,
ui_killstreak_flares,1,1,c,i,0,0,2,,,,,,,#Value used for the number of available flares,,,,,,,,,
ui_killstreak_damage_state,1,,c,i,0,0,3,,,,,,,#Value used to show the on screen damage states,,,,,,,,,
ui_killstreak_thermal_mode,1,1,c,i,-1,-1,5,,,,,,,#Value used to show which Thermal mode the killstreak is in,,,,,,,,,
ui_killstreak_zoom_fov,1,,c,f,0,0,999,,,,,,,#Value used to show the player's current zoom FOV while using a remote killstreak,,,,,,,,,
swim_breath_meter_percent,1,,c,i,100,0,100,,,,,,,,,,,,,,,,
swim_breath_meter_hide,1,,c,b,1,,,,,,,,,,,,,,,,,,
swim_breath_meter_critical,1,,c,i,0,0,3,,,,,,,,,,,,,,,,
swim_breath_meter_sprint,1,,c,b,0,,,,,,,,,,,,,,,,,,
swim_under_water,1,,c,b,0,,,,,,,,,,,,,,,,,,
ui_scope_range_finder_distance,1,,c,i,0,0,9999,0,,,,,,,,,,,,,,,
ui_scope_range_finder_distance_locked,1,,c,i,0,0,9999,0,,,,,,,,,,,,,,,
ui_scope_range_finder_bulletdrop,1,,c,i,0,0,9999,0,,,,,,,,,,,,,,,
ui_scope_range_finder_bulletdrop_update,1,,c,b,0,,,,,,,,,,,,,,,,,,
ui_world_fade,1,,c,f,0,0,1,1,,,,,,,,,,,,,,,
ui_total_fade,1,,c,f,0,0,1,1,,,,,,,,,,,,,,,
areaswap_state,0,0,g,i,0,0,255,,,,,,,,,,,,,,,,
areaswap_hint,0,0,g,i,0,0,255,,,,,,,,,,,,,,,,
water_raise,0,0,g,f,0,-8192,8192,,,,,,,#this is set by code,,,,,,,,,
water_displacement_scale,0,0,g,f,1,0,1,,,,,,,#this is set by code,,,,,,,,,
ui_mp_error_trigger,1,,c,n,,,,,,,,,,,,,,,,,,,
ui_mp_error_message_id,1,,c,i,-1,-1,307,,,,,,,,,,,,,,,,
ui_mp_error_message_param,1,,c,i,-1,-1,1022,,,,,,,,,,,,,,,,
ui_show_objectives_force,1,1,c,b,0,,,,,,,,,,,,,,,,,,
ui_objective_reveal_fanfare_enabled,1,,c,b,0,0,1,,,,,,,,,,,,,,,,
ui_objective_dismiss_fanfare_enabled,1,,c,b,0,0,1,,,,,,,,,,,,,,,,
ui_show_objectives_update,1,,c,b,0,0,1,,,,,,,,,,,,,,,,
ui_hide_game_render_for_round_end_team_hud,1,0,g,b,0,0,1,,,,,,,,,,,,,,,,
