// Vanguard Spawn Logic
Default	Normal	preferOptimalTTLOS	1
Default	Normal	preferNearGroupedTeamMates	0.75
Default	Normal	avoidRecentlyUsedByAnyone	0.25
Default	Normal	avoidSameSpawn	0.25
Default	Normal	randomSpawnScore	0.1
Default	Normal	avoidRecentlyUsedByEnemies	.9
Default	Normal	avoidFireBomb	5
Default	Normal	avoidGoliaths	5
DZ	Normal	avoidEnemyInfluence	50
DZ	Normal	avoidClosestEnemyByDistance	2.75
DZ	Normal	preferAlliesByDistance	1
DZ	Normal	avoidRecentlyUsedByEnemies	1
DZ	Normal	avoidEnemiesByDistance	1
DZ	Normal	avoidLastDeathLocation	0.25
DZ	Normal	avoidLastAttackerLocation	0.25
DZ	Normal	avoidSameSpawn	0.25
DZ	Normal	avoidRecentlyUsedByAnyone	0.25
DZ	Normal	randomSpawnScore	0.01
DZ	Normal	avoidFireBomb	5
DZ	Normal	avoidGoliaths	5
Domination	Normal	preferDomPoints	.9
Domination	Normal	preferOptimalTTLOS	1
Domination	Normal	preferNearGroupedTeamMates	0.75
Domination	Normal	avoidRecentlyUsedByAnyone	0.25
Domination	Normal	avoidLastDeathLocation	0.5
Domination	Normal	avoidLastAttackerLocation	0.5
Domination	Normal	avoidSameSpawn	0.25
Domination	Normal	randomSpawnScore	0.1
Domination	Normal	avoidFireBomb	5
Domination	Normal	avoidGoliaths	5
FreeForAll	Normal	avoidShortTimeToEnemySight	2
FreeForAll	Normal	avoidRecentlyUsedByEnemies	2
FreeForAll	Normal	avoidEnemiesByDistance	2
FreeForAll	Normal	avoidLastDeathLocation	0.5
FreeForAll	Normal	avoidLastAttackerLocation	2
FreeForAll	Normal	avoidSameSpawn	1
FreeForAll	Normal	randomSpawnScore	0.1
FreeForAll	Normal	avoidClosestEnemy	3
FreeForAll	Normal	avoidFireBomb	5
FreeForAll	Normal	preferOptimalTTLOS	1
FreeForAll	Normal	avoidGoliaths	5
SearchAndRescue	Normal	preferAlliesByDistance	1
SearchAndRescue	Normal	avoidEnemiesByDistance	3
SearchAndRescue	Normal	avoidLastDeathLocation	0.5
SearchAndRescue	Normal	avoidLastAttackerLocation	0.5
SearchAndRescue	Normal	randomSpawnScore	0.01
SearchAndRescue	Normal	avoidFireBomb	5
SearchAndRescue	Normal	avoidGoliaths	5
AwayFromEnemies	Normal	preferAlliesByDistance	1
AwayFromEnemies	Normal	avoidRecentlyUsedByEnemies	1
AwayFromEnemies	Normal	avoidEnemiesByDistance	2
AwayFromEnemies	Normal	avoidLastDeathLocation	0.25
AwayFromEnemies	Normal	avoidLastAttackerLocation	1
AwayFromEnemies	Normal	avoidSameSpawn	0.25
AwayFromEnemies	Normal	avoidRecentlyUsedByAnyone	0.25
AwayFromEnemies	Normal	randomSpawnScore	0.01
AwayFromEnemies	Normal	avoidFireBomb	5
AwayFromEnemies	Normal	avoidGoliaths	5
Hardpoint	Normal	avoidEnemyInfluence	50
Hardpoint	Normal	avoidClosestEnemyByDistance	2.75
Hardpoint	Normal	preferShortestDistToKOTHZone	1.5
Hardpoint	Normal	avoidRecentlyUsedByEnemies	1
Hardpoint	Normal	avoidSameSpawn	1
Hardpoint	Normal	avoidRecentlyUsedByAnyone	1
Hardpoint	Normal	preferNearLastTeamSpawn	0.25
Hardpoint	Normal	avoidLastDeathLocation	0.25
Hardpoint	Normal	avoidLastAttackerLocation	0.25
Hardpoint	Normal	randomSpawnScore	0.1
Hardpoint	Normal	avoidFireBomb	5
Hardpoint	Normal	avoidGoliaths	5
TDef	Normal	avoidCloseToBall	100
TDef	Normal	avoidEnemyInfluence	50
TDef	Normal	preferCloseToAlly	1.5
TDef	Normal	avoidCloseToBallSpawn	2
TDef	Normal	avoidRecentlyUsedByEnemies	1
TDef	Normal	avoidLastDeathLocation	0.25
TDef	Normal	avoidLastAttackerLocation	0.25
TDef	Normal	avoidSameSpawn	0.25
TDef	Normal	avoidRecentlyUsedByAnyone	0.1
TDef	Normal	randomSpawnScore	0.1
TDef	Normal	avoidFireBomb	5
TDef	Normal	avoidGoliaths	5
Front	Normal	avoidShortTimeToEnemySight	2
Front	Normal	avoidEnemiesByDistance	1
Front	Normal	avoidVeryShortTimeToJumpingEnemySight	1
Front	Normal	avoidLastDeathLocation	0.5
Front	Normal	avoidLastAttackerLocation	0.5
Front	Normal	avoidShortTimeToJumpingEnemySight	0.25
Front	Normal	avoidSameSpawn	0.25
Front	Normal	avoidRecentlyUsedByAnyone	1000
Front	Normal	randomSpawnScore	0.1
Front	Normal	avoidFireBomb	5
Front	Normal	avoidGoliaths	5
Rugby	Normal	avoidRugbyOffsides	100
Rugby	Normal	preferNearSinglePoint	4
Rugby	Normal	preferNearGroupedTeamMates	2
Rugby	Normal	preferOptimalTTLOS	0.25
Rugby	Normal	avoidRecentlyUsedByAnyone	0.25
Rugby	Normal	randomSpawnScore	0.5
Rugby	Normal	avoidFireBomb	5
Rugby	Normal	avoidGoliaths	5
MTMC	Normal	oneUseSpawns	100
MTMC	Normal	preferNearGroupedTeamMates	10
MTMC	Normal	avoidEnemiesByDistance	5
MTMC	Normal	avoidFireBomb	5
MTMC	Normal	avoidGoliaths	5
Crit_Default	Critical	dummy	
Crit_Frontline	Critical	frontline	
DEFCON	Normal	preferNearGroupsOfTeamMates	2
DEFCON	Normal	avoidShortTimeToEnemySight	1.25
DEFCON	Normal	preferCloseToAlly	1
DEFCON	Normal	preferOptimalTTLOS	0.5
DEFCON	Normal	avoidFireBomb	5
DEFCON	Normal	avoidGoliaths	5
BigTDM	Normal	preferNearGroupedTeamMates	2
BigTDM	Normal	preferCloseToAlly	0.5
BigTDM	Normal	preferNearLastTeamSpawn	0.5
BigTDM	Normal	avoidRecentlyUsedByAnyone	0.2
BigTDM	Normal	randomSpawnScore	0.1
BigTDM	Normal	avoidFireBomb	5
BigTDM	Normal	avoidGoliaths	5
BigDOM	Normal	preferNearGroupedTeamMates	2
BigDOM	Normal	preferCloseToAlly	0.5
BigDOM	Normal	preferNearLastTeamSpawn	0.5
BigDOM	Normal	avoidRecentlyUsedByAnyone	0.2
BigDOM	Normal	randomSpawnScore	0.1
BigDOM	Normal	avoidFireBomb	5
BigDOM	Normal	avoidGoliaths	5
GroundWar	Normal	avoidCloseEnemies	3
GroundWar	Normal	avoidEnemiesByDistance	2
GroundWar	Normal	preferCloseToAlly	1
GroundWar	Normal	preferNearGroupedTeamMates	0.75
GroundWar	Normal	avoidLastDeathLocation	0.5
GroundWar	Normal	preferNearLastTeamSpawn	0.5
GroundWar	Normal	avoidRecentlyUsedByAnyone	0.25
GroundWar	Normal	randomSpawnScore	0.1
GroundWar	Normal	avoidFireBomb	5
GroundWar	Normal	avoidGoliaths	5
GroundWarTTLOS	Normal	preferOptimalTTLOS	1
GroundWarTTLOS	Normal	avoidCloseEnemies	0.5
GroundWarTTLOS	Normal	avoidEnemiesByDistance	0.5
GroundWarTTLOS	Normal	preferCloseToAlly	0.25
GroundWarTTLOS	Normal	preferNearGroupedTeamMates	0.25
GroundWarTTLOS	Normal	avoidLastDeathLocation	0.25
GroundWarTTLOS	Normal	preferNearLastTeamSpawn	0.25
GroundWarTTLOS	Normal	avoidRecentlyUsedByAnyone	0.25
GroundWarTTLOS	Normal	randomSpawnScore	0.1
GroundWarTTLOS	Normal	avoidFireBomb	5
GroundWarTTLOS	Normal	avoidGoliaths	5
LaunchChunk	Normal	preferCloseToAlly	2
LaunchChunk	Normal	preferOptimalTTLOS	2
LaunchChunk	Normal	preferNearLastTeamSpawn	0.5
LaunchChunk	Normal	avoidRecentlyUsedByAnyone	0.5
LaunchChunk	Normal	avoidSameSpawn	0.25
LaunchChunk	Normal	avoidEnemiesByDistance	2
LaunchChunk	Normal	avoidFireBomb	5
LaunchChunk	Normal	avoidGoliaths	5
HQTDM	Normal	preferOptimalTTLOS	1
HQTDM	Normal	preferNearGroupedTeamMates	0.75
HQTDM	Normal	avoidRecentlyUsedByAnyone	0.5
HQTDM	Normal	avoidSameSpawn	0.25
HQTDM	Normal	randomSpawnScore	0.1
HQTDM	Normal	avoidEnemiesByDistance	2
HQTDM	Normal	avoidFireBomb	5
HQTDM	Normal	avoidGoliaths	5
StartSpawn	Normal	avoidRecentlyUsedByAnyone	1
SmallMap	Normal	avoidShortTimeToEnemySight	10
SmallMap	Normal	avoidSameSpawn	0.5
SmallMap	Normal	avoidRecentlyUsedByEnemies	0.5
SmallMap	Normal	avoidFireBomb	5
SmallMap	Normal	avoidGoliaths	5
SmallMap	Normal	avoidEnemiesByDistance	1.25
SmallMap	Normal	avoidClosestEnemy	1.25
SmallMap	Normal	avoidRecentlyUsedByAnyone	0.25
SmallMap	Normal	preferOptimalTTLOS	5
SmallMap	Normal	avoidLastDeathLocation	1
SmallMap	Normal	randomSpawnScore	0.5
SmallMap2	Normal	avoidShortTimeToEnemySight	4
SmallMap2	Normal	avoidSameSpawn	0.5
SmallMap2	Normal	avoidRecentlyUsedByEnemies	0.9
SmallMap2	Normal	avoidEnemiesByDistance	1
SmallMap2	Normal	avoidClosestEnemy	1
SmallMap2	Normal	avoidFireBomb	3
SmallMap2	Normal	avoidGoliaths	3
SmallMap2	Normal	randomSpawnScore	0.3
