0,perk_pack_null,PERKS/NONE,PERKS/NONE,PERKS/NONE,,
1,perk_pack_mule,CP_PERKS/PERK_PACK_MULE_NAME,CP_PERKS/PERK_PACK_MULE_DESC,,icon_perk_slot_munitions_ui,
2,perk_pack_buff,CP_PERKS/PERK_PACK_BUFF_NAME,CP_PERKS/PERK_PACK_BUFF_DESC,,icon_perk_slot_battlehardened_ui,
3,perk_pack_medic,CP_PERKS/PERK_PACK_MEDIC_NAME,CP_PERKS/PERK_PACK_MEDIC_DESC,,icon_perk_slot_medic_ui,
4,perk_pack_speedy,CP_PERKS/PERK_PACK_SPEEDY_NAME,CP_PERKS/PERK_PACK_SPEEDY_DESC,,icon_perk_slot_hustle_ui,
5,perk_pack_ammo_buff,CP_PERKS/PERK_PACK_AMMO_BUFF_NAME,CP_PERKS/PERK_PACK_AMMO_BUFF_DESC,,perk_icon_fmj,
6,perk_pack_armor_buff,CP_PERKS/PERK_PACK_ARMOR_BUFF_NAME,CP_PERKS/PERK_PACK_ARMOR_BUFF_DESC,,hud_icon_fieldupgrade_hardened_armor,
