include,omnvars/mp/omnvars_scorestreaks.csv,,,,,,
include,omnvars/mp/omnvars_tac_ops_map.csv,,,,,,
ui_num_dom_flags,1,,g,i,3,0,20
ui_br_altimeter_horizontal_speed,1,,c,i,0,0,999
ui_br_altimeter_vertical_speed,1,,c,i,0,0,999
ui_br_altimeter_height,1,,c,f,0,0,1
ui_br_altimeter_state,1,,c,i,0,0,2
ui_br_altimeter_deploy_height,1,,c,i,0,0,32767
ui_arm_squadmember_0,1,,c,i,-1,-1,8191
ui_arm_squadmember_1,1,,c,i,-1,-1,8191
ui_arm_squadmember_2,1,,c,i,-1,-1,8191
ui_arm_squadmember_3,1,,c,i,-1,-1,8191
ui_arm_dominatingTeam,1,,g,i,-1,-2,200
ui_risk_obj_held_allies,1,,g,i,0,0,31
ui_risk_obj_held_axis,1,,g,i,0,0,31
ui_risk_obj_held_team_three,1,,g,i,0,0,31
ui_risk_obj_held_team_four,1,,g,i,0,0,31
ui_risk_obj_client_team,1,,c,i,1,1,4
ui_upgrade_status,1,,c,i,0,0,32767
