zone,global,mp/loot/br/mini_mgl/5_minutes_mini_br/lootset_global.csv,mp/loot/br/mini_mgl/5_minutes_mini_br/lootset_cache_spawns.csv,,#Global
zone,map_biolab,mp/loot/br/mini_mgl/5_minutes_mini_br/lootset_buildings.csv,mp/loot/br/mini_mgl/5_minutes_mini_br/lootset_cache_spawns_buildings.csv,,#Zone
zone,map_lieutenant_house,mp/loot/br/mini_mgl/5_minutes_mini_br/lootset_buildings.csv,mp/loot/br/mini_mgl/5_minutes_mini_br/lootset_cache_spawns_buildings.csv,,#Zone
zone,map_parade_grounds,mp/loot/br/mini_mgl/5_minutes_mini_br/lootset_buildings.csv,mp/loot/br/mini_mgl/5_minutes_mini_br/lootset_cache_spawns_buildings.csv,,#Zone
zone,map_cottages,mp/loot/br/mini_mgl/5_minutes_mini_br/lootset_buildings.csv,mp/loot/br/mini_mgl/5_minutes_mini_br/lootset_cache_spawns_buildings.csv,,#Zone
zone,map_docks_cottage,mp/loot/br/mini_mgl/5_minutes_mini_br/lootset_buildings.csv,mp/loot/br/mini_mgl/5_minutes_mini_br/lootset_cache_spawns_buildings.csv,,#Zone
zone,map_beach,mp/loot/br/mini_mgl/5_minutes_mini_br/lootset_global.csv,mp/loot/br/mini_mgl/5_minutes_mini_br/lootset_cache_spawns.csv,,#Zone
zone,map_construction_site,mp/loot/br/mini_mgl/5_minutes_mini_br/lootset_buildings.csv,mp/loot/br/mini_mgl/5_minutes_mini_br/lootset_cache_spawns_buildings.csv,,#Zone
zone,map_lighthouse,mp/loot/br/mini_mgl/5_minutes_mini_br/lootset_buildings.csv,mp/loot/br/mini_mgl/5_minutes_mini_br/lootset_cache_spawns_buildings.csv,,#Zone
zone,map_warden_house,mp/loot/br/mini_mgl/5_minutes_mini_br/lootset_buildings.csv,mp/loot/br/mini_mgl/5_minutes_mini_br/lootset_cache_spawns_buildings.csv,,#Zone
zone,map_doctor_house,mp/loot/br/mini_mgl/5_minutes_mini_br/lootset_buildings.csv,mp/loot/br/mini_mgl/5_minutes_mini_br/lootset_cache_spawns_buildings.csv,,#Zone
zone,map_docks_building,mp/loot/br/mini_mgl/5_minutes_mini_br/lootset_buildings.csv,mp/loot/br/mini_mgl/5_minutes_mini_br/lootset_cache_spawns_buildings.csv,,#Zone
zone,map_sallyport_building,mp/loot/br/mini_mgl/5_minutes_mini_br/lootset_buildings.csv,mp/loot/br/mini_mgl/5_minutes_mini_br/lootset_cache_spawns_buildings.csv,,#Zone
zone,map_electrical_building,mp/loot/br/mini_mgl/5_minutes_mini_br/lootset_buildings.csv,mp/loot/br/mini_mgl/5_minutes_mini_br/lootset_cache_spawns_buildings.csv,,#Zone
zone,map_docks_social_club,mp/loot/br/mini_mgl/5_minutes_mini_br/lootset_buildings.csv,mp/loot/br/mini_mgl/5_minutes_mini_br/lootset_cache_spawns_buildings.csv,,#Zone
zone,map_quartermaster,mp/loot/br/mini_mgl/5_minutes_mini_br/lootset_buildings_abundant.csv,mp/loot/br/mini_mgl/5_minutes_mini_br/lootset_cache_spawns_abundant.csv,,#Zone
zone,map_powerhouse,mp/loot/br/mini_mgl/5_minutes_mini_br/lootset_buildings.csv,mp/loot/br/mini_mgl/5_minutes_mini_br/lootset_cache_spawns_buildings.csv,,#Zone
zone,map_new_industry,mp/loot/br/mini_mgl/5_minutes_mini_br/lootset_buildings.csv,mp/loot/br/mini_mgl/5_minutes_mini_br/lootset_cache_spawns_buildings.csv,,#Zone
zone,map_cellhouse_messhall,mp/loot/br/mini_mgl/5_minutes_mini_br/lootset_buildings_abundant.csv,mp/loot/br/mini_mgl/5_minutes_mini_br/lootset_cache_spawns_abundant.csv,,#Zone
zone,map_cellblock,mp/loot/br/mini_mgl/5_minutes_mini_br/lootset_buildings_abundant.csv,mp/loot/br/mini_mgl/5_minutes_mini_br/lootset_cache_spawns_abundant.csv,,#Zone
zone,map_shore,mp/loot/br/mini_mgl/5_minutes_mini_br/lootset_global.csv,mp/loot/br/mini_mgl/5_minutes_mini_br/lootset_cache_spawns.csv,,#Zone
zone,map_warden_house_bunker,mp/loot/br/mini_mgl/5_minutes_mini_br/lootset_buildings.csv,mp/loot/br/mini_mgl/5_minutes_mini_br/lootset_cache_spawns_buildings.csv,,#Zone
zone,map_watertower,mp/loot/br/mini_mgl/5_minutes_mini_br/lootset_buildings.csv,mp/loot/br/mini_mgl/5_minutes_mini_br/lootset_cache_spawns_buildings.csv,,#Zone
zone,map_boathouse,mp/loot/br/mini_mgl/5_minutes_mini_br/lootset_buildings.csv,mp/loot/br/mini_mgl/5_minutes_mini_br/lootset_cache_spawns_buildings.csv,,#Zone
zone,map_bunker_01,mp/loot/br/mini_mgl/5_minutes_mini_br/lootset_buildings.csv,mp/loot/br/mini_mgl/5_minutes_mini_br/lootset_cache_spawns_buildings.csv,,#Zone
zone,map_bunker_02,mp/loot/br/mini_mgl/5_minutes_mini_br/lootset_buildings.csv,mp/loot/br/mini_mgl/5_minutes_mini_br/lootset_cache_spawns_buildings.csv,,#Zone
zone,map_bunker_03,mp/loot/br/mini_mgl/5_minutes_mini_br/lootset_buildings.csv,mp/loot/br/mini_mgl/5_minutes_mini_br/lootset_cache_spawns_buildings.csv,,#Zone
zone,map_airfield,mp/loot/br/mini_mgl/5_minutes_mini_br/lootset_buildings_abundant.csv,mp/loot/br/mini_mgl/5_minutes_mini_br/lootset_cache_spawns_abundant.csv,,#Zone
zone,map_airfieldsuburbs,mp/loot/br/mini_mgl/5_minutes_mini_br/lootset_global.csv,mp/loot/br/mini_mgl/5_minutes_mini_br/lootset_cache_spawns.csv,,#Zone
zone,map_bank,mp/loot/br/mini_mgl/5_minutes_mini_br/lootset_buildings_abundant.csv,mp/loot/br/mini_mgl/5_minutes_mini_br/lootset_cache_spawns_abundant.csv,,#POI
zone,map_boneyard,mp/loot/br/mini_mgl/5_minutes_mini_br/lootset_buildings.csv,mp/loot/br/mini_mgl/5_minutes_mini_br/lootset_cache_spawns_buildings.csv,,#Zone
zone,map_boneyardsuburbs,mp/loot/br/mini_mgl/5_minutes_mini_br/lootset_global.csv,mp/loot/br/mini_mgl/5_minutes_mini_br/lootset_cache_spawns.csv,,#Zone
zone,map_bookstore,mp/loot/br/mini_mgl/5_minutes_mini_br/lootset_buildings.csv,mp/loot/br/mini_mgl/5_minutes_mini_br/lootset_cache_spawns_buildings.csv,,#POI
zone,map_bunkers,mp/loot/br/mini_mgl/5_minutes_mini_br/lootset_buildings.csv,mp/loot/br/mini_mgl/5_minutes_mini_br/lootset_cache_spawns_buildings.csv,,#POI
zone,map_burgertown,mp/loot/br/mini_mgl/5_minutes_mini_br/lootset_buildings_abundant.csv,mp/loot/br/mini_mgl/5_minutes_mini_br/lootset_cache_spawns_abundant.csv,,#Zone
zone,map_coast,mp/loot/br/mini_mgl/5_minutes_mini_br/lootset_global.csv,mp/loot/br/mini_mgl/5_minutes_mini_br/lootset_cache_spawns.csv,,#Zone
zone,map_dam,mp/loot/br/mini_mgl/5_minutes_mini_br/lootset_buildings.csv,mp/loot/br/mini_mgl/5_minutes_mini_br/lootset_cache_spawns_buildings.csv,,#Zone
zone,map_dealership,mp/loot/br/mini_mgl/5_minutes_mini_br/lootset_buildings_abundant.csv,mp/loot/br/mini_mgl/5_minutes_mini_br/lootset_cache_spawns_abundant.csv,,#POI
zone,map_downtown,mp/loot/br/mini_mgl/5_minutes_mini_br/lootset_buildings_abundant.csv,mp/loot/br/mini_mgl/5_minutes_mini_br/lootset_cache_spawns_abundant.csv,,#Zone
zone,map_electronicsstore,mp/loot/br/mini_mgl/5_minutes_mini_br/lootset_buildings.csv,mp/loot/br/mini_mgl/5_minutes_mini_br/lootset_cache_spawns_buildings.csv,,#POI
zone,map_filmschool,mp/loot/br/mini_mgl/5_minutes_mini_br/lootset_buildings.csv,mp/loot/br/mini_mgl/5_minutes_mini_br/lootset_cache_spawns_buildings.csv,,#POI
zone,map_firestation,mp/loot/br/mini_mgl/5_minutes_mini_br/lootset_buildings.csv,mp/loot/br/mini_mgl/5_minutes_mini_br/lootset_cache_spawns_buildings.csv,,#POI
zone,map_gasstation,mp/loot/br/mini_mgl/5_minutes_mini_br/lootset_buildings.csv,mp/loot/br/mini_mgl/5_minutes_mini_br/lootset_cache_spawns_buildings.csv,,#POI
zone,map_gulag,mp/loot/br/mini_mgl/5_minutes_mini_br/lootset_buildings.csv,mp/loot/br/mini_mgl/5_minutes_mini_br/lootset_cache_spawns_buildings.csv,,#Zone
zone,map_gunstore,mp/loot/br/mini_mgl/5_minutes_mini_br/lootset_buildings.csv,mp/loot/br/mini_mgl/5_minutes_mini_br/lootset_cache_spawns_buildings.csv,,#POI
zone,map_hills,mp/loot/br/mini_mgl/5_minutes_mini_br/lootset_global.csv,mp/loot/br/mini_mgl/5_minutes_mini_br/lootset_cache_spawns.csv,,#Zone
zone,map_hospital,mp/loot/br/mini_mgl/5_minutes_mini_br/lootset_buildings.csv,mp/loot/br/mini_mgl/5_minutes_mini_br/lootset_cache_spawns_buildings.csv,,#Zone
zone,map_hospitalsuburbs,mp/loot/br/mini_mgl/5_minutes_mini_br/lootset_global.csv,mp/loot/br/mini_mgl/5_minutes_mini_br/lootset_cache_spawns.csv,,#Zone
zone,map_layover,mp/loot/br/mini_mgl/5_minutes_mini_br/lootset_buildings.csv,mp/loot/br/mini_mgl/5_minutes_mini_br/lootset_cache_spawns_buildings.csv,,#Zone
zone,map_layover_exterior,mp/loot/br/mini_mgl/5_minutes_mini_br/lootset_global.csv,mp/loot/br/mini_mgl/5_minutes_mini_br/lootset_cache_spawns.csv,,#Zone
zone,map_layover_tunnel,mp/loot/br/mini_mgl/5_minutes_mini_br/lootset_global.csv,mp/loot/br/mini_mgl/5_minutes_mini_br/lootset_cache_spawns.csv,,#Zone
zone,map_layovermaintenance,mp/loot/br/mini_mgl/5_minutes_mini_br/lootset_global.csv,mp/loot/br/mini_mgl/5_minutes_mini_br/lootset_cache_spawns.csv,,#Zone
zone,map_layoversuburbs,mp/loot/br/mini_mgl/5_minutes_mini_br/lootset_global.csv,mp/loot/br/mini_mgl/5_minutes_mini_br/lootset_cache_spawns.csv,,#Zone
zone,map_lumber,mp/loot/br/mini_mgl/5_minutes_mini_br/lootset_buildings.csv,mp/loot/br/mini_mgl/5_minutes_mini_br/lootset_cache_spawns_buildings.csv,,#Zone
zone,map_lumbersuburbs,mp/loot/br/mini_mgl/5_minutes_mini_br/lootset_global.csv,mp/loot/br/mini_mgl/5_minutes_mini_br/lootset_cache_spawns.csv,,#Zone
zone,map_monument,mp/loot/br/mini_mgl/5_minutes_mini_br/lootset_buildings.csv,mp/loot/br/mini_mgl/5_minutes_mini_br/lootset_cache_spawns_buildings.csv,,#POI
zone,map_mountainsuburbs,mp/loot/br/mini_mgl/5_minutes_mini_br/lootset_global.csv,mp/loot/br/mini_mgl/5_minutes_mini_br/lootset_cache_spawns.csv,,#Zone
zone,map_overgrown,mp/loot/br/mini_mgl/5_minutes_mini_br/lootset_global.csv,mp/loot/br/mini_mgl/5_minutes_mini_br/lootset_cache_spawns.csv,,#Zone
zone,map_overgrownsuburbs,mp/loot/br/mini_mgl/5_minutes_mini_br/lootset_global.csv,mp/loot/br/mini_mgl/5_minutes_mini_br/lootset_cache_spawns.csv,,#Zone
zone,map_pharmacy,mp/loot/br/mini_mgl/5_minutes_mini_br/lootset_buildings.csv,mp/loot/br/mini_mgl/5_minutes_mini_br/lootset_cache_spawns_buildings.csv,,#POI
zone,map_policestation,mp/loot/br/mini_mgl/5_minutes_mini_br/lootset_buildings.csv,mp/loot/br/mini_mgl/5_minutes_mini_br/lootset_cache_spawns_buildings.csv,,#POI
zone,map_pool,mp/loot/br/mini_mgl/5_minutes_mini_br/lootset_buildings.csv,mp/loot/br/mini_mgl/5_minutes_mini_br/lootset_cache_spawns_buildings.csv,,#POI
zone,map_port,mp/loot/br/mini_mgl/5_minutes_mini_br/lootset_buildings.csv,mp/loot/br/mini_mgl/5_minutes_mini_br/lootset_cache_spawns_buildings.csv,,#Zone
zone,map_processingcenter,mp/loot/br/mini_mgl/5_minutes_mini_br/lootset_buildings.csv,mp/loot/br/mini_mgl/5_minutes_mini_br/lootset_cache_spawns_buildings.csv,,#POI
zone,map_pub,mp/loot/br/mini_mgl/5_minutes_mini_br/lootset_buildings.csv,mp/loot/br/mini_mgl/5_minutes_mini_br/lootset_cache_spawns_buildings.csv,,#POI
zone,map_publicbathroom,mp/loot/br/mini_mgl/5_minutes_mini_br/lootset_buildings.csv,mp/loot/br/mini_mgl/5_minutes_mini_br/lootset_cache_spawns_buildings.csv,,#POI
zone,map_quarry,mp/loot/br/mini_mgl/5_minutes_mini_br/lootset_buildings.csv,mp/loot/br/mini_mgl/5_minutes_mini_br/lootset_cache_spawns_buildings.csv,,#Zone
zone,map_quarrysuburbs,mp/loot/br/mini_mgl/5_minutes_mini_br/lootset_global.csv,mp/loot/br/mini_mgl/5_minutes_mini_br/lootset_cache_spawns.csv,,#Zone
zone,map_radiotower,mp/loot/br/mini_mgl/5_minutes_mini_br/lootset_buildings.csv,mp/loot/br/mini_mgl/5_minutes_mini_br/lootset_cache_spawns_buildings.csv,,#POI
zone,map_riversuburbs,mp/loot/br/mini_mgl/5_minutes_mini_br/lootset_global.csv,mp/loot/br/mini_mgl/5_minutes_mini_br/lootset_cache_spawns.csv,,#Zone
zone,map_stadium,mp/loot/br/mini_mgl/5_minutes_mini_br/lootset_buildings.csv,mp/loot/br/mini_mgl/5_minutes_mini_br/lootset_cache_spawns_buildings.csv,,#Zone
zone,map_stadiumsuburbs,mp/loot/br/mini_mgl/5_minutes_mini_br/lootset_global.csv,mp/loot/br/mini_mgl/5_minutes_mini_br/lootset_cache_spawns.csv,,#Zone
zone,map_storagetown,mp/loot/br/mini_mgl/5_minutes_mini_br/lootset_buildings.csv,mp/loot/br/mini_mgl/5_minutes_mini_br/lootset_cache_spawns_buildings.csv,,#Zone
zone,map_substation,mp/loot/br/mini_mgl/5_minutes_mini_br/lootset_buildings.csv,mp/loot/br/mini_mgl/5_minutes_mini_br/lootset_cache_spawns_buildings.csv,,#POI
zone,map_supercenter,mp/loot/br/mini_mgl/5_minutes_mini_br/lootset_buildings_abundant.csv,mp/loot/br/mini_mgl/5_minutes_mini_br/lootset_cache_spawns_abundant.csv,,#Zone
zone,map_supermarket,mp/loot/br/mini_mgl/5_minutes_mini_br/lootset_buildings_abundant.csv,mp/loot/br/mini_mgl/5_minutes_mini_br/lootset_cache_spawns_abundant.csv,,#POI
zone,map_torez,mp/loot/br/mini_mgl/5_minutes_mini_br/lootset_buildings.csv,mp/loot/br/mini_mgl/5_minutes_mini_br/lootset_cache_spawns_buildings.csv,,#Zone
zone,map_torezsuburbs,mp/loot/br/mini_mgl/5_minutes_mini_br/lootset_global.csv,mp/loot/br/mini_mgl/5_minutes_mini_br/lootset_cache_spawns.csv,,#Zone
zone,map_trainyard,mp/loot/br/mini_mgl/5_minutes_mini_br/lootset_buildings.csv,mp/loot/br/mini_mgl/5_minutes_mini_br/lootset_cache_spawns_buildings.csv,,#Zone
zone,map_trainyardsuburbs,mp/loot/br/mini_mgl/5_minutes_mini_br/lootset_global.csv,mp/loot/br/mini_mgl/5_minutes_mini_br/lootset_cache_spawns.csv,,#Zone
zone,map_tvstation,mp/loot/br/mini_mgl/5_minutes_mini_br/lootset_buildings.csv,mp/loot/br/mini_mgl/5_minutes_mini_br/lootset_cache_spawns_buildings.csv,,#Zone
zone,map_tvstationsuburbs,mp/loot/br/mini_mgl/5_minutes_mini_br/lootset_global.csv,mp/loot/br/mini_mgl/5_minutes_mini_br/lootset_cache_spawns.csv,,#Zone
zone,loot_cache,mp/loot/br/mini_mgl/5_minutes_mini_br/lootset_cache_base.csv,mp/loot/br/mini_mgl/5_minutes_mini_br/lootset_cache_spawns.csv,,#Special
zone,dev_br_mechanics_alcohol,mp/loot/br/mini_mgl/5_minutes_mini_br/lootset_global.csv,mp/loot/br/mini_mgl/5_minutes_mini_br/lootset_cache_spawns.csv,,#DEV
zone,dev_br_mechanics_armor,mp/loot/br/mini_mgl/5_minutes_mini_br/lootset_global.csv,mp/loot/br/mini_mgl/5_minutes_mini_br/lootset_cache_spawns.csv,,#DEV
zone,dev_br_mechanics_medical,mp/loot/br/mini_mgl/5_minutes_mini_br/lootset_global.csv,mp/loot/br/mini_mgl/5_minutes_mini_br/lootset_cache_spawns.csv,,#DEV
zone,dev_br_mechanics_military,mp/loot/br/mini_mgl/5_minutes_mini_br/lootset_global.csv,mp/loot/br/mini_mgl/5_minutes_mini_br/lootset_cache_spawns.csv,,#DEV
zone,dev_br_mechanics_plunder,mp/loot/br/mini_mgl/5_minutes_mini_br/lootset_global.csv,mp/loot/br/mini_mgl/5_minutes_mini_br/lootset_cache_spawns.csv,,#DEV
zone,map_bunker00,mp/loot/br/mini_mgl/5_minutes_mini_br/lootset_buildings.csv,mp/loot/br/mini_mgl/5_minutes_mini_br/lootset_cache_spawns_buildings.csv,1,#Zone
zone,map_bunker01,mp/loot/br/mini_mgl/5_minutes_mini_br/lootset_buildings.csv,mp/loot/br/mini_mgl/5_minutes_mini_br/lootset_cache_spawns_buildings.csv,1,#Zone
zone,map_bunker02,mp/loot/br/mini_mgl/5_minutes_mini_br/lootset_buildings.csv,mp/loot/br/mini_mgl/5_minutes_mini_br/lootset_cache_spawns_buildings.csv,1,#Zone
zone,map_bunker03,mp/loot/br/mini_mgl/5_minutes_mini_br/lootset_buildings.csv,mp/loot/br/mini_mgl/5_minutes_mini_br/lootset_cache_spawns_buildings.csv,1,#Zone
zone,map_bunker04,mp/loot/br/mini_mgl/5_minutes_mini_br/lootset_buildings.csv,mp/loot/br/mini_mgl/5_minutes_mini_br/lootset_cache_spawns_buildings.csv,1,#Zone
zone,map_bunker05,mp/loot/br/mini_mgl/5_minutes_mini_br/lootset_buildings.csv,mp/loot/br/mini_mgl/5_minutes_mini_br/lootset_cache_spawns_buildings.csv,1,#Zone
zone,map_bunker06,mp/loot/br/mini_mgl/5_minutes_mini_br/lootset_buildings.csv,mp/loot/br/mini_mgl/5_minutes_mini_br/lootset_cache_spawns_buildings.csv,1,#Zone
zone,map_bunker07,mp/loot/br/mini_mgl/5_minutes_mini_br/lootset_buildings.csv,mp/loot/br/mini_mgl/5_minutes_mini_br/lootset_cache_spawns_buildings.csv,1,#Zone
zone,map_bunker09,mp/loot/br/mini_mgl/5_minutes_mini_br/lootset_buildings.csv,mp/loot/br/mini_mgl/5_minutes_mini_br/lootset_cache_spawns_buildings.csv,1,#Zone
zone,map_bunker10,mp/loot/br/mini_mgl/5_minutes_mini_br/lootset_buildings.csv,mp/loot/br/mini_mgl/5_minutes_mini_br/lootset_cache_spawns_buildings.csv,1,#Zone
zone,map_bunker11,mp/loot/br/mini_mgl/5_minutes_mini_br/lootset_buildings.csv,mp/loot/br/mini_mgl/5_minutes_mini_br/lootset_cache_spawns_buildings.csv,1,#Zone
zone,map_xouthouse,mp/loot/br/mini_mgl/5_minutes_mini_br/lootset_buildings.csv,mp/loot/br/mini_mgl/5_minutes_mini_br/lootset_cache_spawns_buildings.csv,1,#Zone
zone,map_xshed,mp/loot/br/mini_mgl/5_minutes_mini_br/lootset_buildings.csv,mp/loot/br/mini_mgl/5_minutes_mini_br/lootset_cache_spawns_buildings.csv,1,#Zone
zone,map_xbarn,mp/loot/br/mini_mgl/5_minutes_mini_br/lootset_buildings.csv,mp/loot/br/mini_mgl/5_minutes_mini_br/lootset_cache_spawns_buildings.csv,1,#Zone
zone,stadium_computer_room,mp/loot/br/mini_mgl/5_minutes_mini_br/lootset_buildings_abundant.csv,mp/loot/br/mini_mgl/5_minutes_mini_br/lootset_cache_spawns_abundant.csv,1,#Zone
zone,stadium_boardroom,mp/loot/br/mini_mgl/5_minutes_mini_br/lootset_buildings_abundant.csv,mp/loot/br/mini_mgl/5_minutes_mini_br/lootset_cache_spawns_abundant.csv,1,#Zone
zone,guarantee_epic_cache,mp/loot/br/mini_mgl/5_minutes_mini_br/lootset_buildings_abundant.csv,mp/loot/br/mini_mgl/5_minutes_mini_br/lootset_cache_spawns_abundant.csv,1,#Zone
itemCache,br_loot_cache,mp/loot/br/mini_mgl/5_minutes_mini_br/lootset_cache_base.csv,,,
itemCache,br_loot_cache_lege,mp/loot/br/mini_mgl/5_minutes_mini_br/lootset_cache_lege.csv,,,
itemCache,br_scavenger_quest_cache,mp/loot/br/mini_mgl/5_minutes_mini_br/lootset_contract_scav1.csv,mp/loot/br/mini_mgl/5_minutes_mini_br/lootset_contract_scav2.csv,mp/loot/br/mini_mgl/5_minutes_mini_br/lootset_contract_scav3.csv,
itemCache,brloot_assassination_tablet_mgl,mp/loot/br/mini_mgl/5_minutes_mini_br/lootset_contract_asn.csv,,,
itemCache,brloot_domination_tablet_mgl,mp/loot/br/mini_mgl/5_minutes_mini_br/lootset_contract_dom.csv,,,
itemCache,brloot_scavenger_tablet_mgl,mp/loot/br/mini_mgl/5_minutes_mini_br/lootset_contract_scav1.csv,mp/loot/br/mini_mgl/5_minutes_mini_br/lootset_contract_scav2.csv,mp/loot/br/mini_mgl/5_minutes_mini_br/lootset_contract_scav3.csv,
itemCache,brloot_vip_tablet_mgl,mp/loot/br/mini_mgl/5_minutes_mini_br/lootset_contract_asn.csv,,,
itemCache,brloot_timedrun_tablet_mgl,mp/loot/br/mini_mgl/5_minutes_mini_br/lootset_contract_asn.csv,,,
initialScriptableState,br_loot_cache,closed_usable,,,
initialScriptableState,br_loot_cache_lege,closed_usable,,,
