0,SEASONS/SEASON_0,,,,,,
1,SEASONS/SEASON_1,icon_season_s01,wz_s1_cine_intro,,SeasonalEvents.season1Primary,SeasonalEvents.season1Highlight,ui_callingcards_s01_button_image
2,SEASONS/SEASON_2,icon_season_s02,wz_s2_cine_intro,,SeasonalEvents.season2Primary,SeasonalEvents.season2Highlight,ui_callingcards_s02_button_image
3,SEASONS/SEASON_3,icon_season_s03,wz_s3_cine_intro,,SeasonalEvents.season3Primary,SeasonalEvents.season3Highlight,ui_callingcards_s03_button_image
4,SEASONS/SEASON_4,icon_season_s04,wz_s4_cine_intro,,SeasonalEvents.deltaBlue,SeasonalEvents.deltaBlue,ui_callingcards_s04_button_image
5,SEASONS/SEASON_5,icon_season_s05,wz_s5_cine_intro,,SeasonalEvents.season5Primary,SeasonalEvents.season5Primary,ui_callingcards_s05_button_image
6,SEASONS/SEASON_6,icon_season_s06,wz_s6_cine_intro,,SeasonalEvents.season6Primary,SeasonalEvents.season6Highlight,ui_callingcards_s06_button_image
