iw6_riotshield,weapon,0,ch_riotshield_purchase,,
iw7_nrg,weapon,0,ch_nrg_purchase,,
iw7_g18,weapon,0,ch_g18_purchase,,
iw7_emc,weapon,0,ch_emc_purchase,,
iw7_revolver,weapon,0,ch_revolver_purchase,,
iw7_erad,weapon,0,ch_erad_purchase,,
iw7_crb,weapon,0,ch_crb_purchase,,
iw7_ripper,weapon,0,ch_ripper_purchase,,
iw7_ump45,weapon,0,ch_ump45_purchase,,
iw7_fhr,weapon,0,ch_fhr_purchase,,
iw8_knife,weapon,0,ch_knife_purchase,,
iw8_fists,weapon,0,ch_fists_purchase,,
iw7_reaperblade,weapon,0,ch_reaperblade_purchase,,
iw7_ar57,weapon,0,ch_ar57_purchase,,
iw7_ake,weapon,0,ch_ake_purchase,,
iw7_m4,weapon,0,ch_m4_purchase,,
iw7_acr,weapon,0,ch_acr_purchase,,
iw7_fmg,weapon,0,ch_fmg_purchase,,
iw7_kbs,weapon,0,ch_kbs_purchase,,
iw7_cheytac,weapon,0,ch_cheytac_purchase,,
iw7_m8,weapon,0,ch_m8_purchase,,
iw7_m1,weapon,0,ch_m1_purchase,,
iw7_devastator,weapon,0,ch_devastator_purchase,,
iw7_spas,weapon,0,ch_spas_purchase,,
iw7_sonic,weapon,0,ch_sonic_purchase,,
iw7_sdfshotty,weapon,0,ch_sdfshotty_purchase,,
iw7_mauler,weapon,0,ch_mauler_purchase,,
iw7_ameli,weapon,0,ch_ameli_purchase,,
iw7_sdflmg,weapon,0,ch_sdflmg_purchase,,
iw7_lockon,weapon,0,ch_lockon_purchase,,
iw7_glprox,weapon,0,ch_glprox_purchase,,
iw7_chargeshot,weapon,0,ch_chargeshot_purchase,,
ch_riotshield_purchase,unlockCosts,,,0,
ch_nrg_purchase,unlockCosts,,,0,
ch_g18_purchase,unlockCosts,,,0,
ch_emc_purchase,unlockCosts,,,0,
ch_revolver_purchase,unlockCosts,,,0,
ch_erad_purchase,unlockCosts,,,0,
ch_crb_purchase,unlockCosts,,,0,
ch_ripper_purchase,unlockCosts,,,0,
ch_ump45_purchase,unlockCosts,,,0,
ch_fhr_purchase,unlockCosts,,,0,
ch_knife_purchase,unlockCosts,,,0,
ch_fists_purchase,unlockCosts,,,0,
ch_fistslethal_purchase,unlockCosts,,,0,
ch_fistsperk_purchase,unlockCosts,,,0,
ch_reaperblade_purchase,unlockCosts,,,0,
ch_ar57_purchase,unlockCosts,,,0,
ch_ake_purchase,unlockCosts,,,0,
ch_m4_purchase,unlockCosts,,,0,
ch_acr_purchase,unlockCosts,,,0,
ch_fmg_purchase,unlockCosts,,,0,
ch_kbs_purchase,unlockCosts,,,0,
ch_cheytac_purchase,unlockCosts,,,0,
ch_m8_purchase,unlockCosts,,,0,
ch_m1_purchase,unlockCosts,,,0,
ch_devastator_purchase,unlockCosts,,,0,
ch_spas_purchase,unlockCosts,,,0,
ch_sonic_purchase,unlockCosts,,,0,
ch_sdfshotty_purchase,unlockCosts,,,0,
ch_mauler_purchase,unlockCosts,,,0,
ch_ameli_purchase,unlockCosts,,,0,
ch_sdflmg_purchase,unlockCosts,,,0,
ch_lockon_purchase,unlockCosts,,,0,
ch_glprox_purchase,unlockCosts,,,0,
ch_chargeshot_purchase,unlockCosts,,,0,
nrg_akimbo,attachment,0,ch_nrg_akimbo_purchase,,
nrg_barrelrange,attachment,0,ch_nrg_barrelrange_purchase,,
nrg_fastaim,attachment,0,ch_nrg_fastaim_purchase,,
nrg_highcal,attachment,0,ch_nrg_highcal_purchase,,
nrg_hipaim,attachment,0,ch_nrg_hipaim_purchase,,
nrg_reflect,attachment,0,ch_nrg_reflect_purchase,,
nrg_rof,attachment,0,ch_nrg_rof_purchase,,
nrg_silencer,attachment,0,ch_nrg_silencer_purchase,,
nrg_stock,attachment,0,ch_nrg_stock_purchase,,
nrg_xmagse,attachment,0,ch_nrg_xmagse_purchase,,
nrg_reflex,attachment,0,ch_nrg_reflex_purchase,,
nrg_phase,attachment,0,ch_nrg_phase_purchase,,
nrg_elo,attachment,0,ch_nrg_elo_purchase,,
g18_akimbo,attachment,0,ch_g18_akimbo_purchase,,
g18_barrelrange,attachment,0,ch_g18_barrelrange_purchase,,
g18_fastaim,attachment,0,ch_g18_fastaim_purchase,,
g18_fmj,attachment,0,ch_g18_fmj_purchase,,
g18_highcal,attachment,0,ch_g18_highcal_purchase,,
g18_hipaim,attachment,0,ch_g18_hipaim_purchase,,
g18_rof,attachment,0,ch_g18_rof_purchase,,
g18_silencer,attachment,0,ch_g18_silencer_purchase,,
g18_stock,attachment,0,ch_g18_stock_purchase,,
g18_xmags,attachment,0,ch_g18_xmags_purchase,,
g18_reflex,attachment,0,ch_g18_reflex_purchase,,
g18_phase,attachment,0,ch_g18_phase_purchase,,
g18_elo,attachment,0,ch_g18_elo_purchase,,
emc_akimbo,attachment,0,ch_emc_akimbo_purchase,,
emc_barrelrange,attachment,0,ch_emc_barrelrange_purchase,,
emc_fastaim,attachment,0,ch_emc_fastaim_purchase,,
emc_firetypeauto,attachment,0,ch_emc_firetypeauto_purchase,,
emc_highcal,attachment,0,ch_emc_highcal_purchase,,
emc_hipaim,attachment,0,ch_emc_hipaim_purchase,,
emc_reflect,attachment,0,ch_emc_reflect_purchase,,
emc_rof,attachment,0,ch_emc_rof_purchase,,
emc_silencer,attachment,0,ch_emc_silencer_purchase,,
emc_stock,attachment,0,ch_emc_stock_purchase,,
emc_xmagse,attachment,0,ch_emc_xmagse_purchase,,
emc_reflex,attachment,0,ch_emc_reflex_purchase,,
emc_phase,attachment,0,ch_emc_phase_purchase,,
emc_elo,attachment,0,ch_emc_elo_purchase,,
revolver_akimbo,attachment,0,ch_revolver_akimbo_purchase,,
revolver_barrelrange,attachment,0,ch_revolver_barrelrange_purchase,,
revolver_fastaim,attachment,0,ch_revolver_fastaim_purchase,,
revolver_fmj,attachment,0,ch_revolver_fmj_purchase,,
revolver_highcal,attachment,0,ch_revolver_highcal_purchase,,
revolver_hipaim,attachment,0,ch_revolver_hipaim_purchase,,
revolver_rof,attachment,0,ch_revolver_rof_purchase,,
revolver_silencer,attachment,0,ch_revolver_silencer_purchase,,
revolver_stock,attachment,0,ch_revolver_stock_purchase,,
revolver_xmags,attachment,0,ch_revolver_xmags_purchase,,
revolver_reflex,attachment,0,ch_revolver_reflex_purchase,,
revolver_phase,attachment,0,ch_revolver_phase_purchase,,
revolver_elo,attachment,0,ch_revolver_elo_purchase,,
erad_barrelrange,attachment,0,ch_erad_barrelrange_purchase,,
erad_fastaim,attachment,0,ch_erad_fastaim_purchase,,
erad_grip,attachment,0,ch_erad_grip_purchase,,
erad_highcal,attachment,0,ch_erad_highcal_purchase,,
erad_hipaim,attachment,0,ch_erad_hipaim_purchase,,
erad_reflect,attachment,0,ch_erad_reflect_purchase,,
erad_rof,attachment,0,ch_erad_rof_purchase,,
erad_silencer,attachment,0,ch_erad_silencer_purchase,,
erad_stock,attachment,0,ch_erad_stock_purchase,,
erad_xmagse,attachment,0,ch_erad_xmagse_purchase,,
erad_reflex,attachment,0,ch_erad_reflex_purchase,,
erad_acog,attachment,0,ch_erad_acog_purchase,,
erad_phase,attachment,0,ch_erad_phase_purchase,,
erad_hybrid,attachment,0,ch_erad_hybrid_purchase,,
erad_thermal,attachment,0,ch_erad_thermal_purchase,,
erad_elo,attachment,0,ch_erad_elo_purchase,,
crb_barrelrange,attachment,0,ch_crb_barrelrange_purchase,,
crb_fastaim,attachment,0,ch_crb_fastaim_purchase,,
crb_fmj,attachment,0,ch_crb_fmj_purchase,,
crb_grip,attachment,0,ch_crb_grip_purchase,,
crb_highcal,attachment,0,ch_crb_highcal_purchase,,
crb_hipaim,attachment,0,ch_crb_hipaim_purchase,,
crb_rof,attachment,0,ch_crb_rof_purchase,,
crb_silencer,attachment,0,ch_crb_silencer_purchase,,
crb_stock,attachment,0,ch_crb_stock_purchase,,
crb_xmags,attachment,0,ch_crb_xmags_purchase,,
crb_reflex,attachment,0,ch_crb_reflex_purchase,,
crb_acog,attachment,0,ch_crb_acog_purchase,,
crb_phase,attachment,0,ch_crb_phase_purchase,,
crb_hybrid,attachment,0,ch_crb_hybrid_purchase,,
crb_thermal,attachment,0,ch_crb_thermal_purchase,,
crb_elo,attachment,0,ch_crb_elo_purchase,,
ripper_barrelrange,attachment,0,ch_ripper_barrelrange_purchase,,
ripper_fastaim,attachment,0,ch_ripper_fastaim_purchase,,
ripper_fmj,attachment,0,ch_ripper_fmj_purchase,,
ripper_grip,attachment,0,ch_ripper_grip_purchase,,
ripper_highcal,attachment,0,ch_ripper_highcal_purchase,,
ripper_hipaim,attachment,0,ch_ripper_hipaim_purchase,,
ripper_rof,attachment,0,ch_ripper_rof_purchase,,
ripper_silencer,attachment,0,ch_ripper_silencer_purchase,,
ripper_stock,attachment,0,ch_ripper_stock_purchase,,
ripper_xmags,attachment,0,ch_ripper_xmags_purchase,,
ripper_reflex,attachment,0,ch_ripper_reflex_purchase,,
ripper_acog,attachment,0,ch_ripper_acog_purchase,,
ripper_phase,attachment,0,ch_ripper_phase_purchase,,
ripper_hybrid,attachment,0,ch_ripper_hybrid_purchase,,
ripper_thermal,attachment,0,ch_ripper_thermal_purchase,,
ripper_elo,attachment,0,ch_ripper_elo_purchase,,
ump45_barrelrange,attachment,0,ch_ump45_barrelrange_purchase,,
ump45_fastaim,attachment,0,ch_ump45_fastaim_purchase,,
ump45_fmj,attachment,0,ch_ump45_fmj_purchase,,
ump45_grip,attachment,0,ch_ump45_grip_purchase,,
ump45_highcal,attachment,0,ch_ump45_highcal_purchase,,
ump45_hipaim,attachment,0,ch_ump45_hipaim_purchase,,
ump45_rof,attachment,0,ch_ump45_rof_purchase,,
ump45_silencer,attachment,0,ch_ump45_silencer_purchase,,
ump45_stock,attachment,0,ch_ump45_stock_purchase,,
ump45_xmags,attachment,0,ch_ump45_xmags_purchase,,
ump45_reflex,attachment,0,ch_ump45_reflex_purchase,,
ump45_acog,attachment,0,ch_ump45_acog_purchase,,
ump45_phase,attachment,0,ch_ump45_phase_purchase,,
ump45_hybrid,attachment,0,ch_ump45_hybrid_purchase,,
ump45_thermal,attachment,0,ch_ump45_thermal_purchase,,
ump45_elo,attachment,0,ch_ump45_elo_purchase,,
fhr_barrelrange,attachment,0,ch_fhr_barrelrange_purchase,,
fhr_fastaim,attachment,0,ch_fhr_fastaim_purchase,,
fhr_fmj,attachment,0,ch_fhr_fmj_purchase,,
fhr_grip,attachment,0,ch_fhr_grip_purchase,,
fhr_highcal,attachment,0,ch_fhr_highcal_purchase,,
fhr_hipaim,attachment,0,ch_fhr_hipaim_purchase,,
fhr_rof,attachment,0,ch_fhr_rof_purchase,,
fhr_silencer,attachment,0,ch_fhr_silencer_purchase,,
fhr_stock,attachment,0,ch_fhr_stock_purchase,,
fhr_xmags,attachment,0,ch_fhr_xmags_purchase,,
fhr_reflex,attachment,0,ch_fhr_reflex_purchase,,
fhr_acog,attachment,0,ch_fhr_acog_purchase,,
fhr_phase,attachment,0,ch_fhr_phase_purchase,,
fhr_hybrid,attachment,0,ch_fhr_hybrid_purchase,,
fhr_thermal,attachment,0,ch_fhr_thermal_purchase,,
fhr_elo,attachment,0,ch_fhr_elo_purchase,,
ar57_barrelrange,attachment,0,ch_ar57_barrelrange_purchase,,
ar57_fastaim,attachment,0,ch_ar57_fastaim_purchase,,
ar57_fmj,attachment,0,ch_ar57_fmj_purchase,,
ar57_grip,attachment,0,ch_ar57_grip_purchase,,
ar57_highcal,attachment,0,ch_ar57_highcal_purchase,,
ar57_hipaim,attachment,0,ch_ar57_hipaim_purchase,,
ar57_rof,attachment,0,ch_ar57_rof_purchase,,
ar57_silencer,attachment,0,ch_ar57_silencer_purchase,,
ar57_stock,attachment,0,ch_ar57_stock_purchase,,
ar57_xmags,attachment,0,ch_ar57_xmags_purchase,,
ar57_reflex,attachment,0,ch_ar57_reflex_purchase,,
ar57_acog,attachment,0,ch_ar57_acog_purchase,,
ar57_phase,attachment,0,ch_ar57_phase_purchase,,
ar57_hybrid,attachment,0,ch_ar57_hybrid_purchase,,
ar57_thermal,attachment,0,ch_ar57_thermal_purchase,,
ar57_elo,attachment,0,ch_ar57_elo_purchase,,
ake_barrelrange,attachment,0,ch_ake_barrelrange_purchase,,
ake_fastaim,attachment,0,ch_ake_fastaim_purchase,,
ake_grip,attachment,0,ch_ake_grip_purchase,,
ake_highcal,attachment,0,ch_ake_highcal_purchase,,
ake_hipaim,attachment,0,ch_ake_hipaim_purchase,,
ake_reflect,attachment,0,ch_ake_reflect_purchase,,
ake_rof,attachment,0,ch_ake_rof_purchase,,
ake_silencer,attachment,0,ch_ake_silencer_purchase,,
ake_stock,attachment,0,ch_ake_stock_purchase,,
ake_xmagse,attachment,0,ch_ake_xmagse_purchase,,
ake_reflex,attachment,0,ch_ake_reflex_purchase,,
ake_acog,attachment,0,ch_ake_acog_purchase,,
ake_phase,attachment,0,ch_ake_phase_purchase,,
ake_hybrid,attachment,0,ch_ake_hybrid_purchase,,
ake_thermal,attachment,0,ch_ake_thermal_purchase,,
ake_elo,attachment,0,ch_ake_elo_purchase,,
m4_barrelrange,attachment,0,ch_m4_barrelrange_purchase,,
m4_fastaim,attachment,0,ch_m4_fastaim_purchase,,
m4_fmj,attachment,0,ch_m4_fmj_purchase,,
m4_grip,attachment,0,ch_m4_grip_purchase,,
m4_highcal,attachment,0,ch_m4_highcal_purchase,,
m4_hipaim,attachment,0,ch_m4_hipaim_purchase,,
m4_rof,attachment,0,ch_m4_rof_purchase,,
m4_silencer,attachment,0,ch_m4_silencer_purchase,,
m4_stock,attachment,0,ch_m4_stock_purchase,,
m4_xmags,attachment,0,ch_m4_xmags_purchase,,
m4_reflex,attachment,0,ch_m4_reflex_purchase,,
m4_acog,attachment,0,ch_m4_acog_purchase,,
m4_phase,attachment,0,ch_m4_phase_purchase,,
m4_hybrid,attachment,0,ch_m4_hybrid_purchase,,
m4_thermal,attachment,0,ch_m4_thermal_purchase,,
m4_elo,attachment,0,ch_m4_elo_purchase,,
acr_barrelrange,attachment,0,ch_acr_barrelrange_purchase,,
acr_fastaim,attachment,0,ch_acr_fastaim_purchase,,
acr_fmj,attachment,0,ch_acr_fmj_purchase,,
acr_grip,attachment,0,ch_acr_grip_purchase,,
acr_highcal,attachment,0,ch_acr_highcal_purchase,,
acr_hipaim,attachment,0,ch_acr_hipaim_purchase,,
acr_rof,attachment,0,ch_acr_rof_purchase,,
acr_silencer,attachment,0,ch_acr_silencer_purchase,,
acr_stock,attachment,0,ch_acr_stock_purchase,,
acr_xmags,attachment,0,ch_acr_xmags_purchase,,
acr_reflex,attachment,0,ch_acr_reflex_purchase,,
acr_acog,attachment,0,ch_acr_acog_purchase,,
acr_phase,attachment,0,ch_acr_phase_purchase,,
acr_hybrid,attachment,0,ch_acr_hybrid_purchase,,
acr_thermal,attachment,0,ch_acr_thermal_purchase,,
acr_elo,attachment,0,ch_acr_elo_purchase,,
fmg_barrelrange,attachment,0,ch_fmg_barrelrange_purchase,,
fmg_fastaim,attachment,0,ch_fmg_fastaim_purchase,,
fmg_grip,attachment,0,ch_fmg_grip_purchase,,
fmg_highcal,attachment,0,ch_fmg_highcal_purchase,,
fmg_hipaim,attachment,0,ch_fmg_hipaim_purchase,,
fmg_reflect,attachment,0,ch_fmg_reflect_purchase,,
fmg_rof,attachment,0,ch_fmg_rof_purchase,,
fmg_silencer,attachment,0,ch_fmg_silencer_purchase,,
fmg_stock,attachment,0,ch_fmg_stock_purchase,,
fmg_xmagse,attachment,0,ch_fmg_xmagse_purchase,,
fmg_reflex,attachment,0,ch_fmg_reflex_purchase,,
fmg_acog,attachment,0,ch_fmg_acog_purchase,,
fmg_phase,attachment,0,ch_fmg_phase_purchase,,
fmg_hybrid,attachment,0,ch_fmg_hybrid_purchase,,
fmg_thermal,attachment,0,ch_fmg_thermal_purchase,,
fmg_elo,attachment,0,ch_fmg_elo_purchase,,
kbs_fastaim,attachment,0,ch_kbs_fastaim_purchase,,
kbs_fmj,attachment,0,ch_kbs_fmj_purchase,,
kbs_grip,attachment,0,ch_kbs_grip_purchase,,
kbs_rof,attachment,0,ch_kbs_rof_purchase,,
kbs_silencer,attachment,0,ch_kbs_silencer_purchase,,
kbs_stock,attachment,0,ch_kbs_stock_purchase,,
kbs_xmags,attachment,0,ch_kbs_xmags_purchase,,
kbs_acog,attachment,0,ch_kbs_acog_purchase,,
kbs_thermal,attachment,0,ch_kbs_thermal_purchase,,
kbs_elo,attachment,0,ch_kbs_elo_purchase,,
kbs_oscope,attachment,0,ch_kbs_oscope_purchase,,
kbs_vzscope,attachment,0,ch_kbs_vzscope_purchase,,
cheytac_fastaim,attachment,0,ch_cheytac_fastaim_purchase,,
cheytac_fmj,attachment,0,ch_cheytac_fmj_purchase,,
cheytac_grip,attachment,0,ch_cheytac_grip_purchase,,
cheytac_rof,attachment,0,ch_cheytac_rof_purchase,,
cheytac_silencer,attachment,0,ch_cheytac_silencer_purchase,,
cheytac_stock,attachment,0,ch_cheytac_stock_purchase,,
cheytac_xmags,attachment,0,ch_cheytac_xmags_purchase,,
cheytac_acog,attachment,0,ch_cheytac_acog_purchase,,
cheytac_thermal,attachment,0,ch_cheytac_thermal_purchase,,
cheytac_elo,attachment,0,ch_cheytac_elo_purchase,,
cheytac_oscope,attachment,0,ch_cheytac_oscope_purchase,,
cheytac_vzscope,attachment,0,ch_cheytac_vzscope_purchase,,
m8_fastaim,attachment,0,ch_m8_fastaim_purchase,,
m8_grip,attachment,0,ch_m8_grip_purchase,,
m8_reflect,attachment,0,ch_m8_reflect_purchase,,
m8_rof,attachment,0,ch_m8_rof_purchase,,
m8_silencer,attachment,0,ch_m8_silencer_purchase,,
m8_stock,attachment,0,ch_m8_stock_purchase,,
m8_xmagse,attachment,0,ch_m8_xmagse_purchase,,
m8_acog,attachment,0,ch_m8_acog_purchase,,
m8_thermal,attachment,0,ch_m8_thermal_purchase,,
m8_elo,attachment,0,ch_m8_elo_purchase,,
m8_oscope,attachment,0,ch_m8_oscope_purchase,,
m8_vzscope,attachment,0,ch_m8_vzscope_purchase,,
m1_barrelrange,attachment,0,ch_m1_barrelrange_purchase,,
m1_fastaim,attachment,0,ch_m1_fastaim_purchase,,
m1_fmj,attachment,0,ch_m1_fmj_purchase,,
m1_grip,attachment,0,ch_m1_grip_purchase,,
m1_highcal,attachment,0,ch_m1_highcal_purchase,,
m1_hipaim,attachment,0,ch_m1_hipaim_purchase,,
m1_silencer,attachment,0,ch_m1_silencer_purchase,,
m1_stock,attachment,0,ch_m1_stock_purchase,,
m1_xmags,attachment,0,ch_m1_xmags_purchase,,
m1_reflex,attachment,0,ch_m1_reflex_purchase,,
m1_acog,attachment,0,ch_m1_acog_purchase,,
m1_phase,attachment,0,ch_m1_phase_purchase,,
m1_hybrid,attachment,0,ch_m1_hybrid_purchase,,
m1_thermal,attachment,0,ch_m1_thermal_purchase,,
m1_elo,attachment,0,ch_m1_elo_purchase,,
devastator_barrelrange,attachment,0,ch_devastator_barrelrange_purchase,,
devastator_fastaim,attachment,0,ch_devastator_fastaim_purchase,,
devastator_grip,attachment,0,ch_devastator_grip_purchase,,
devastator_hipaim,attachment,0,ch_devastator_hipaim_purchase,,
devastator_rof,attachment,0,ch_devastator_rof_purchase,,
devastator_silencer,attachment,0,ch_devastator_silencer_purchase,,
devastator_stock,attachment,0,ch_devastator_stock_purchase,,
devastator_xmags,attachment,0,ch_devastator_xmags_purchase,,
devastator_reflex,attachment,0,ch_devastator_reflex_purchase,,
devastator_phase,attachment,0,ch_devastator_phase_purchase,,
devastator_elo,attachment,0,ch_devastator_elo_purchase,,
spas_barrelrange,attachment,0,ch_spas_barrelrange_purchase,,
spas_fastaim,attachment,0,ch_spas_fastaim_purchase,,
spas_grip,attachment,0,ch_spas_grip_purchase,,
spas_hipaim,attachment,0,ch_spas_hipaim_purchase,,
spas_rof,attachment,0,ch_spas_rof_purchase,,
spas_silencer,attachment,0,ch_spas_silencer_purchase,,
spas_stock,attachment,0,ch_spas_stock_purchase,,
spas_xmags,attachment,0,ch_spas_xmags_purchase,,
spas_reflex,attachment,0,ch_spas_reflex_purchase,,
spas_phase,attachment,0,ch_spas_phase_purchase,,
spas_elo,attachment,0,ch_spas_elo_purchase,,
sonic_barrelrange,attachment,0,ch_sonic_barrelrange_purchase,,
sonic_fastaim,attachment,0,ch_sonic_fastaim_purchase,,
sonic_grip,attachment,0,ch_sonic_grip_purchase,,
sonic_hipaim,attachment,0,ch_sonic_hipaim_purchase,,
sonic_rof,attachment,0,ch_sonic_rof_purchase,,
sonic_silencer,attachment,0,ch_sonic_silencer_purchase,,
sonic_stock,attachment,0,ch_sonic_stock_purchase,,
sonic_xmags,attachment,0,ch_sonic_xmags_purchase,,
sonic_reflex,attachment,0,ch_sonic_reflex_purchase,,
sonic_phase,attachment,0,ch_sonic_phase_purchase,,
sonic_elo,attachment,0,ch_sonic_elo_purchase,,
sdfshotty_barrelrange,attachment,0,ch_sdfshotty_barrelrange_purchase,,
sdfshotty_fastaim,attachment,0,ch_sdfshotty_fastaim_purchase,,
sdfshotty_grip,attachment,0,ch_sdfshotty_grip_purchase,,
sdfshotty_hipaim,attachment,0,ch_sdfshotty_hipaim_purchase,,
sdfshotty_rof,attachment,0,ch_sdfshotty_rof_purchase,,
sdfshotty_silencer,attachment,0,ch_sdfshotty_silencer_purchase,,
sdfshotty_stock,attachment,0,ch_sdfshotty_stock_purchase,,
sdfshotty_xmagse,attachment,0,ch_sdfshotty_xmagse_purchase,,
sdfshotty_reflex,attachment,0,ch_sdfshotty_reflex_purchase,,
sdfshotty_phase,attachment,0,ch_sdfshotty_phase_purchase,,
sdfshotty_elo,attachment,0,ch_sdfshotty_elo_purchase,,
mauler_barrelrange,attachment,0,ch_mauler_barrelrange_purchase,,
mauler_fastaim,attachment,0,ch_mauler_fastaim_purchase,,
mauler_grip,attachment,0,ch_mauler_grip_purchase,,
mauler_highcal,attachment,0,ch_mauler_highcal_purchase,,
mauler_hipaim,attachment,0,ch_mauler_hipaim_purchase,,
mauler_reflect,attachment,0,ch_mauler_reflect_purchase,,
mauler_rof,attachment,0,ch_mauler_rof_purchase,,
mauler_silencer,attachment,0,ch_mauler_silencer_purchase,,
mauler_stock,attachment,0,ch_mauler_stock_purchase,,
mauler_xmagse,attachment,0,ch_mauler_xmagse_purchase,,
ameli_barrelrange,attachment,0,ch_ameli_barrelrange_purchase,,
ameli_fastaim,attachment,0,ch_ameli_fastaim_purchase,,
ameli_fmj,attachment,0,ch_ameli_fmj_purchase,,
ameli_grip,attachment,0,ch_ameli_grip_purchase,,
ameli_highcal,attachment,0,ch_ameli_highcal_purchase,,
ameli_hipaim,attachment,0,ch_ameli_hipaim_purchase,,
ameli_rof,attachment,0,ch_ameli_rof_purchase,,
ameli_silencer,attachment,0,ch_ameli_silencer_purchase,,
ameli_stock,attachment,0,ch_ameli_stock_purchase,,
ameli_xmags,attachment,0,ch_ameli_xmags_purchase,,
ameli_reflex,attachment,0,ch_ameli_reflex_purchase,,
ameli_acog,attachment,0,ch_ameli_acog_purchase,,
ameli_phase,attachment,0,ch_ameli_phase_purchase,,
ameli_hybrid,attachment,0,ch_ameli_hybrid_purchase,,
ameli_thermal,attachment,0,ch_ameli_thermal_purchase,,
ameli_elo,attachment,0,ch_ameli_elo_purchase,,
sdflmg_barrelrange,attachment,0,ch_sdflmg_barrelrange_purchase,,
sdflmg_fastaim,attachment,0,ch_sdflmg_fastaim_purchase,,
sdflmg_grip,attachment,0,ch_sdflmg_grip_purchase,,
sdflmg_highcal,attachment,0,ch_sdflmg_highcal_purchase,,
sdflmg_hipaim,attachment,0,ch_sdflmg_hipaim_purchase,,
sdflmg_reflect,attachment,0,ch_sdflmg_reflect_purchase,,
sdflmg_rof,attachment,0,ch_sdflmg_rof_purchase,,
sdflmg_silencer,attachment,0,ch_sdflmg_silencer_purchase,,
sdflmg_stock,attachment,0,ch_sdflmg_stock_purchase,,
sdflmg_xmagse,attachment,0,ch_sdflmg_xmagse_purchase,,
sdflmg_reflex,attachment,0,ch_sdflmg_reflex_purchase,,
sdflmg_acog,attachment,0,ch_sdflmg_acog_purchase,,
sdflmg_phase,attachment,0,ch_sdflmg_phase_purchase,,
sdflmg_hybrid,attachment,0,ch_sdflmg_hybrid_purchase,,
sdflmg_thermal,attachment,0,ch_sdflmg_thermal_purchase,,
sdflmg_elo,attachment,0,ch_sdflmg_elo_purchase,,
ch_nrg_akimbo_purchase,,,,0,
ch_nrg_barrelrange_purchase,,,,0,
ch_nrg_fastaim_purchase,,,,0,
ch_nrg_highcal_purchase,,,,0,
ch_nrg_hipaim_purchase,,,,0,
ch_nrg_reflect_purchase,,,,0,
ch_nrg_rof_purchase,,,,0,
ch_nrg_silencer_purchase,,,,0,
ch_nrg_stock_purchase,,,,0,
ch_nrg_xmagse_purchase,,,,0,
ch_nrg_reflex_purchase,,,,0,
ch_nrg_phase_purchase,,,,0,
ch_nrg_elo_purchase,,,,0,
ch_g18_akimbo_purchase,,,,0,
ch_g18_barrelrange_purchase,,,,0,
ch_g18_fastaim_purchase,,,,0,
ch_g18_fmj_purchase,,,,0,
ch_g18_highcal_purchase,,,,0,
ch_g18_hipaim_purchase,,,,0,
ch_g18_rof_purchase,,,,0,
ch_g18_silencer_purchase,,,,0,
ch_g18_stock_purchase,,,,0,
ch_g18_xmags_purchase,,,,0,
ch_g18_reflex_purchase,,,,0,
ch_g18_phase_purchase,,,,0,
ch_g18_elo_purchase,,,,0,
ch_emc_akimbo_purchase,,,,0,
ch_emc_barrelrange_purchase,,,,0,
ch_emc_fastaim_purchase,,,,0,
ch_emc_firetypeauto_purchase,,,,0,
ch_emc_highcal_purchase,,,,0,
ch_emc_hipaim_purchase,,,,0,
ch_emc_reflect_purchase,,,,0,
ch_emc_rof_purchase,,,,0,
ch_emc_silencer_purchase,,,,0,
ch_emc_stock_purchase,,,,0,
ch_emc_xmagse_purchase,,,,0,
ch_emc_reflex_purchase,,,,0,
ch_emc_phase_purchase,,,,0,
ch_emc_elo_purchase,,,,0,
ch_revolver_akimbo_purchase,,,,0,
ch_revolver_barrelrange_purchase,,,,0,
ch_revolver_fastaim_purchase,,,,0,
ch_revolver_fmj_purchase,,,,0,
ch_revolver_highcal_purchase,,,,0,
ch_revolver_hipaim_purchase,,,,0,
ch_revolver_rof_purchase,,,,0,
ch_revolver_silencer_purchase,,,,0,
ch_revolver_stock_purchase,,,,0,
ch_revolver_xmags_purchase,,,,0,
ch_revolver_reflex_purchase,,,,0,
ch_revolver_phase_purchase,,,,0,
ch_revolver_elo_purchase,,,,0,
ch_erad_barrelrange_purchase,,,,0,
ch_erad_fastaim_purchase,,,,0,
ch_erad_grip_purchase,,,,0,
ch_erad_highcal_purchase,,,,0,
ch_erad_hipaim_purchase,,,,0,
ch_erad_reflect_purchase,,,,0,
ch_erad_rof_purchase,,,,0,
ch_erad_silencer_purchase,,,,0,
ch_erad_stock_purchase,,,,0,
ch_erad_xmagse_purchase,,,,0,
ch_erad_reflex_purchase,,,,0,
ch_erad_acog_purchase,,,,0,
ch_erad_phase_purchase,,,,0,
ch_erad_hybrid_purchase,,,,0,
ch_erad_thermal_purchase,,,,0,
ch_erad_elo_purchase,,,,0,
ch_crb_barrelrange_purchase,,,,0,
ch_crb_fastaim_purchase,,,,0,
ch_crb_fmj_purchase,,,,0,
ch_crb_grip_purchase,,,,0,
ch_crb_highcal_purchase,,,,0,
ch_crb_hipaim_purchase,,,,0,
ch_crb_rof_purchase,,,,0,
ch_crb_silencer_purchase,,,,0,
ch_crb_stock_purchase,,,,0,
ch_crb_xmags_purchase,,,,0,
ch_crb_reflex_purchase,,,,0,
ch_crb_acog_purchase,,,,0,
ch_crb_phase_purchase,,,,0,
ch_crb_hybrid_purchase,,,,0,
ch_crb_thermal_purchase,,,,0,
ch_crb_elo_purchase,,,,0,
ch_ripper_barrelrange_purchase,,,,0,
ch_ripper_fastaim_purchase,,,,0,
ch_ripper_fmj_purchase,,,,0,
ch_ripper_grip_purchase,,,,0,
ch_ripper_highcal_purchase,,,,0,
ch_ripper_hipaim_purchase,,,,0,
ch_ripper_rof_purchase,,,,0,
ch_ripper_silencer_purchase,,,,0,
ch_ripper_stock_purchase,,,,0,
ch_ripper_xmags_purchase,,,,0,
ch_ripper_reflex_purchase,,,,0,
ch_ripper_acog_purchase,,,,0,
ch_ripper_phase_purchase,,,,0,
ch_ripper_hybrid_purchase,,,,0,
ch_ripper_thermal_purchase,,,,0,
ch_ripper_elo_purchase,,,,0,
ch_ump45_barrelrange_purchase,,,,0,
ch_ump45_fastaim_purchase,,,,0,
ch_ump45_fmj_purchase,,,,0,
ch_ump45_grip_purchase,,,,0,
ch_ump45_highcal_purchase,,,,0,
ch_ump45_hipaim_purchase,,,,0,
ch_ump45_rof_purchase,,,,0,
ch_ump45_silencer_purchase,,,,0,
ch_ump45_stock_purchase,,,,0,
ch_ump45_xmags_purchase,,,,0,
ch_ump45_reflex_purchase,,,,0,
ch_ump45_acog_purchase,,,,0,
ch_ump45_phase_purchase,,,,0,
ch_ump45_hybrid_purchase,,,,0,
ch_ump45_thermal_purchase,,,,0,
ch_ump45_elo_purchase,,,,0,
ch_fhr_barrelrange_purchase,,,,0,
ch_fhr_fastaim_purchase,,,,0,
ch_fhr_fmj_purchase,,,,0,
ch_fhr_grip_purchase,,,,0,
ch_fhr_highcal_purchase,,,,0,
ch_fhr_hipaim_purchase,,,,0,
ch_fhr_rof_purchase,,,,0,
ch_fhr_silencer_purchase,,,,0,
ch_fhr_stock_purchase,,,,0,
ch_fhr_xmags_purchase,,,,0,
ch_fhr_reflex_purchase,,,,0,
ch_fhr_acog_purchase,,,,0,
ch_fhr_phase_purchase,,,,0,
ch_fhr_hybrid_purchase,,,,0,
ch_fhr_thermal_purchase,,,,0,
ch_fhr_elo_purchase,,,,0,
ch_ar57_barrelrange_purchase,,,,0,
ch_ar57_fastaim_purchase,,,,0,
ch_ar57_fmj_purchase,,,,0,
ch_ar57_grip_purchase,,,,0,
ch_ar57_highcal_purchase,,,,0,
ch_ar57_hipaim_purchase,,,,0,
ch_ar57_rof_purchase,,,,0,
ch_ar57_silencer_purchase,,,,0,
ch_ar57_stock_purchase,,,,0,
ch_ar57_xmags_purchase,,,,0,
ch_ar57_reflex_purchase,,,,0,
ch_ar57_acog_purchase,,,,0,
ch_ar57_phase_purchase,,,,0,
ch_ar57_hybrid_purchase,,,,0,
ch_ar57_thermal_purchase,,,,0,
ch_ar57_elo_purchase,,,,0,
ch_ake_barrelrange_purchase,,,,0,
ch_ake_fastaim_purchase,,,,0,
ch_ake_grip_purchase,,,,0,
ch_ake_highcal_purchase,,,,0,
ch_ake_hipaim_purchase,,,,0,
ch_ake_reflect_purchase,,,,0,
ch_ake_rof_purchase,,,,0,
ch_ake_silencer_purchase,,,,0,
ch_ake_stock_purchase,,,,0,
ch_ake_xmagse_purchase,,,,0,
ch_ake_reflex_purchase,,,,0,
ch_ake_acog_purchase,,,,0,
ch_ake_phase_purchase,,,,0,
ch_ake_hybrid_purchase,,,,0,
ch_ake_thermal_purchase,,,,0,
ch_ake_elo_purchase,,,,0,
ch_m4_barrelrange_purchase,,,,0,
ch_m4_fastaim_purchase,,,,0,
ch_m4_fmj_purchase,,,,0,
ch_m4_grip_purchase,,,,0,
ch_m4_highcal_purchase,,,,0,
ch_m4_hipaim_purchase,,,,0,
ch_m4_rof_purchase,,,,0,
ch_m4_silencer_purchase,,,,0,
ch_m4_stock_purchase,,,,0,
ch_m4_xmags_purchase,,,,0,
ch_m4_reflex_purchase,,,,0,
ch_m4_acog_purchase,,,,0,
ch_m4_phase_purchase,,,,0,
ch_m4_hybrid_purchase,,,,0,
ch_m4_thermal_purchase,,,,0,
ch_m4_elo_purchase,,,,0,
ch_acr_barrelrange_purchase,,,,0,
ch_acr_fastaim_purchase,,,,0,
ch_acr_fmj_purchase,,,,0,
ch_acr_grip_purchase,,,,0,
ch_acr_highcal_purchase,,,,0,
ch_acr_hipaim_purchase,,,,0,
ch_acr_rof_purchase,,,,0,
ch_acr_silencer_purchase,,,,0,
ch_acr_stock_purchase,,,,0,
ch_acr_xmags_purchase,,,,0,
ch_acr_reflex_purchase,,,,0,
ch_acr_acog_purchase,,,,0,
ch_acr_phase_purchase,,,,0,
ch_acr_hybrid_purchase,,,,0,
ch_acr_thermal_purchase,,,,0,
ch_acr_elo_purchase,,,,0,
ch_fmg_barrelrange_purchase,,,,0,
ch_fmg_fastaim_purchase,,,,0,
ch_fmg_grip_purchase,,,,0,
ch_fmg_highcal_purchase,,,,0,
ch_fmg_hipaim_purchase,,,,0,
ch_fmg_reflect_purchase,,,,0,
ch_fmg_rof_purchase,,,,0,
ch_fmg_silencer_purchase,,,,0,
ch_fmg_stock_purchase,,,,0,
ch_fmg_xmagse_purchase,,,,0,
ch_fmg_reflex_purchase,,,,0,
ch_fmg_acog_purchase,,,,0,
ch_fmg_phase_purchase,,,,0,
ch_fmg_hybrid_purchase,,,,0,
ch_fmg_thermal_purchase,,,,0,
ch_fmg_elo_purchase,,,,0,
ch_kbs_fastaim_purchase,,,,0,
ch_kbs_fmj_purchase,,,,0,
ch_kbs_grip_purchase,,,,0,
ch_kbs_rof_purchase,,,,0,
ch_kbs_silencer_purchase,,,,0,
ch_kbs_stock_purchase,,,,0,
ch_kbs_xmags_purchase,,,,0,
ch_kbs_acog_purchase,,,,0,
ch_kbs_thermal_purchase,,,,0,
ch_kbs_elo_purchase,,,,0,
ch_kbs_oscope_purchase,,,,0,
ch_kbs_vzscope_purchase,,,,0,
ch_cheytac_fastaim_purchase,,,,0,
ch_cheytac_fmj_purchase,,,,0,
ch_cheytac_grip_purchase,,,,0,
ch_cheytac_rof_purchase,,,,0,
ch_cheytac_silencer_purchase,,,,0,
ch_cheytac_stock_purchase,,,,0,
ch_cheytac_xmags_purchase,,,,0,
ch_cheytac_acog_purchase,,,,0,
ch_cheytac_thermal_purchase,,,,0,
ch_cheytac_elo_purchase,,,,0,
ch_cheytac_oscope_purchase,,,,0,
ch_cheytac_vzscope_purchase,,,,0,
ch_m8_fastaim_purchase,,,,0,
ch_m8_grip_purchase,,,,0,
ch_m8_reflect_purchase,,,,0,
ch_m8_rof_purchase,,,,0,
ch_m8_silencer_purchase,,,,0,
ch_m8_stock_purchase,,,,0,
ch_m8_xmagse_purchase,,,,0,
ch_m8_acog_purchase,,,,0,
ch_m8_thermal_purchase,,,,0,
ch_m8_elo_purchase,,,,0,
ch_m8_oscope_purchase,,,,0,
ch_m8_vzscope_purchase,,,,0,
ch_m1_barrelrange_purchase,,,,0,
ch_m1_fastaim_purchase,,,,0,
ch_m1_fmj_purchase,,,,0,
ch_m1_grip_purchase,,,,0,
ch_m1_highcal_purchase,,,,0,
ch_m1_hipaim_purchase,,,,0,
ch_m1_silencer_purchase,,,,0,
ch_m1_stock_purchase,,,,0,
ch_m1_xmags_purchase,,,,0,
ch_m1_reflex_purchase,,,,0,
ch_m1_acog_purchase,,,,0,
ch_m1_phase_purchase,,,,0,
ch_m1_hybrid_purchase,,,,0,
ch_m1_thermal_purchase,,,,0,
ch_m1_elo_purchase,,,,0,
ch_devastator_barrelrange_purchase,,,,0,
ch_devastator_fastaim_purchase,,,,0,
ch_devastator_grip_purchase,,,,0,
ch_devastator_hipaim_purchase,,,,0,
ch_devastator_rof_purchase,,,,0,
ch_devastator_silencer_purchase,,,,0,
ch_devastator_stock_purchase,,,,0,
ch_devastator_xmags_purchase,,,,0,
ch_devastator_reflex_purchase,,,,0,
ch_devastator_phase_purchase,,,,0,
ch_devastator_elo_purchase,,,,0,
ch_spas_barrelrange_purchase,,,,0,
ch_spas_fastaim_purchase,,,,0,
ch_spas_grip_purchase,,,,0,
ch_spas_hipaim_purchase,,,,0,
ch_spas_rof_purchase,,,,0,
ch_spas_silencer_purchase,,,,0,
ch_spas_stock_purchase,,,,0,
ch_spas_xmags_purchase,,,,0,
ch_spas_reflex_purchase,,,,0,
ch_spas_phase_purchase,,,,0,
ch_spas_elo_purchase,,,,0,
ch_sonic_barrelrange_purchase,,,,0,
ch_sonic_fastaim_purchase,,,,0,
ch_sonic_grip_purchase,,,,0,
ch_sonic_hipaim_purchase,,,,0,
ch_sonic_rof_purchase,,,,0,
ch_sonic_silencer_purchase,,,,0,
ch_sonic_stock_purchase,,,,0,
ch_sonic_xmags_purchase,,,,0,
ch_sonic_reflex_purchase,,,,0,
ch_sonic_phase_purchase,,,,0,
ch_sonic_elo_purchase,,,,0,
ch_sdfshotty_barrelrange_purchase,,,,0,
ch_sdfshotty_fastaim_purchase,,,,0,
ch_sdfshotty_grip_purchase,,,,0,
ch_sdfshotty_hipaim_purchase,,,,0,
ch_sdfshotty_rof_purchase,,,,0,
ch_sdfshotty_silencer_purchase,,,,0,
ch_sdfshotty_stock_purchase,,,,0,
ch_sdfshotty_xmagse_purchase,,,,0,
ch_sdfshotty_reflex_purchase,,,,0,
ch_sdfshotty_phase_purchase,,,,0,
ch_sdfshotty_elo_purchase,,,,0,
ch_mauler_barrelrange_purchase,,,,0,
ch_mauler_fastaim_purchase,,,,0,
ch_mauler_grip_purchase,,,,0,
ch_mauler_highcal_purchase,,,,0,
ch_mauler_hipaim_purchase,,,,0,
ch_mauler_reflect_purchase,,,,0,
ch_mauler_rof_purchase,,,,0,
ch_mauler_silencer_purchase,,,,0,
ch_mauler_stock_purchase,,,,0,
ch_mauler_xmagse_purchase,,,,0,
ch_ameli_barrelrange_purchase,,,,0,
ch_ameli_fastaim_purchase,,,,0,
ch_ameli_fmj_purchase,,,,0,
ch_ameli_grip_purchase,,,,0,
ch_ameli_highcal_purchase,,,,0,
ch_ameli_hipaim_purchase,,,,0,
ch_ameli_rof_purchase,,,,0,
ch_ameli_silencer_purchase,,,,0,
ch_ameli_stock_purchase,,,,0,
ch_ameli_xmags_purchase,,,,0,
ch_ameli_reflex_purchase,,,,0,
ch_ameli_acog_purchase,,,,0,
ch_ameli_phase_purchase,,,,0,
ch_ameli_hybrid_purchase,,,,0,
ch_ameli_thermal_purchase,,,,0,
ch_ameli_elo_purchase,,,,0,
ch_sdflmg_barrelrange_purchase,,,,0,
ch_sdflmg_fastaim_purchase,,,,0,
ch_sdflmg_grip_purchase,,,,0,
ch_sdflmg_highcal_purchase,,,,0,
ch_sdflmg_hipaim_purchase,,,,0,
ch_sdflmg_reflect_purchase,,,,0,
ch_sdflmg_rof_purchase,,,,0,
ch_sdflmg_silencer_purchase,,,,0,
ch_sdflmg_stock_purchase,,,,0,
ch_sdflmg_xmagse_purchase,,,,0,
ch_sdflmg_reflex_purchase,,,,0,
ch_sdflmg_acog_purchase,,,,0,
ch_sdflmg_phase_purchase,,,,0,
ch_sdflmg_hybrid_purchase,,,,0,
ch_sdflmg_thermal_purchase,,,,0,
ch_sdflmg_elo_purchase,,,,0,
throwingknifec4_mp,weapon,0,ch_throwingknifec4_mp_purchase,,
ch_throwingknifec4_mp_purchase,unlockCosts,,,0,
throwingknifeteleport_mp,weapon,0,ch_throwingknifeteleport_mp_purchase,,
ch_throwingknifeteleport_mp_purchase,unlockCosts,,,0,
sensor_grenade_mp,weapon,0,ch_sensor_grenade_mp_purchase,,
ch_sensor_grenade_mp_purchase,unlockCosts,,,0,
gravity_grenade_mp,weapon,0,ch_gravity_grenade_mp_purchase,,
ch_gravity_grenade_mp_purchase,unlockCosts,,,0,
mobile_radar_mp,weapon,0,ch_mobile_radar_mp_purchase,,
ch_mobile_radar_mp_purchase,unlockCosts,,,0,
cluster_grenade_mp,weapon,0,ch_cluster_grenade_mp_purchase,,
ch_cluster_grenade_mp_purchase,unlockCosts,,,0,
bulletstorm_device_mp,weapon,0,ch_bulletstorm_device_mp_purchase,,
ch_bulletstorm_device_mp_purchase,unlockCosts,,,0,
blackout_grenade_mp,weapon,0,ch_blackout_grenade_mp_purchase,,
ch_blackout_grenade_mp_purchase,unlockCosts,,,0,
copycat_grenade_mp,weapon,0,ch_copycat_grenade_mp_purchase,,
ch_copycat_grenade_mp_purchase,unlockCosts,,,0,
adrenaline_mist_mp,weapon,0,ch_adrenaline_mist_mp_purchase,,
ch_adrenaline_mist_mp_purchase,unlockCosts,,,0,
speed_strip_mp,weapon,0,ch_speed_strip_mp_purchase,,
ch_speed_strip_mp_purchase,unlockCosts,,,0,
shard_ball_mp,weapon,0,ch_shard_ball_mp_purchase,,
ch_shard_ball_mp_purchase,unlockCosts,,,0,
splash_grenade_mp,weapon,0,ch_splash_grenade_mp_purchase,,
ch_splash_grenade_mp_purchase,unlockCosts,,,0,
portal_generator_mp,weapon,0,ch_portal_generator_mp_purchase,,##
ch_portal_generator_mp_purchase,unlockCosts,,,0,
ch_uplink_purchase,,,,0,
ch_ims_purchase,,,,0,
ch_guard_dog_purchase,,,,0,
ch_sentry_purchase,,,,0,
ch_drone_hive_purchase,,,,0,
ch_helicopter_purchase,,,,0,
ch_ball_drone_backup_purchase,,,,0,
ch_vanguard_purchase,,,,10,
ch_airdrop_juggernaut_maniac_purchase,,,,10,
ch_airdrop_juggernaut_purchase,,,,10,
ch_heli_pilot_purchase,,,,12,
ch_odin_assault_purchase,,,,15,
ch_uplink_support_purchase,,,,0,
ch_deployable_ammo_purchase,,,,0,
ch_deployable_vest_purchase,,,,0,
ch_aa_launcher_purchase,,,,0,
ch_ball_drone_radar_purchase,,,,10,
ch_recon_agent_purchase,,,,11,
ch_jammer_purchase,,,,12,
ch_air_superiority_purchase,,,,12,
ch_heli_sniper_purchase,,,,13,
ch_uav_3dping_purchase,,,,14,
ch_airdrop_juggernaut_recon_purchase,,,,14,
ch_odin_support_purchase,,,,16,
uplink,killstreak,0,,,
ims,killstreak,0,ch_ims_purchase,,
guard_dog,killstreak,0,,,
drone_hive,killstreak,0,ch_drone_hive_purchase,,
sentry,killstreak,0,ch_sentry_purchase,,
helicopter,killstreak,0,ch_helicopter_purchase,,
ball_drone_backup,killstreak,0,ch_ball_drone_backup_purchase,,
vanguard,killstreak,0,ch_vanguard_purchase,,
airdrop_juggernaut_maniac,killstreak,0,,,
airdrop_juggernaut,killstreak,0,ch_airdrop_juggernaut_purchase,,
heli_pilot,killstreak,0,ch_heli_pilot_purchase,,
odin_assault,killstreak,0,ch_odin_assault_purchase,,
uplink_support,killstreak,0,,,
deployable_vest,killstreak,0,ch_deployable_vest_purchase,,
ball_drone_radar,killstreak,0,ch_ball_drone_radar_purchase,,
aa_launcher,killstreak,0,ch_aa_launcher_purchase,,
jammer,killstreak,0,ch_jammer_purchase,,
air_superiority,killstreak,0,ch_air_superiority_purchase,,
recon_agent,killstreak,0,ch_recon_agent_purchase,,
heli_sniper,killstreak,0,ch_heli_sniper_purchase,,
uav_3dping,killstreak,0,,,
airdrop_juggernaut_recon,killstreak,0,ch_airdrop_juggernaut_recon_purchase,,
odin_support,killstreak,0,ch_odin_support_purchase,,
deployable_ammo,killstreak,0,,,
specialty_fastsprintrecovery,perk,0,ch_specialty_fastsprintrecovery_purchase,,
specialty_fastreload,perk,0,ch_specialty_fastreload_purchase,,
specialty_lightweight,perk,22,ch_specialty_lightweight_purchase,,
specialty_marathon,perk,36,ch_specialty_marathon_purchase,,
specialty_stalker,perk,50,ch_specialty_stalker_purchase,,
specialty_quickswap,perk,24,ch_specialty_quickswap_purchase,,
specialty_pitcher,perk,0,ch_specialty_pitcher_purchase,,
specialty_bulletaccuracy,perk,38,ch_specialty_bulletaccuracy_purchase,,
specialty_quickdraw,perk,52,ch_specialty_quickdraw_purchase,,
specialty_sprintreload,perk,10,ch_specialty_sprintreload_purchase,,
specialty_silentkill,perk,0,ch_specialty_silentkill_purchase,,
specialty_blindeye,perk,12,ch_specialty_blindeye_purchase,,
specialty_gpsjammer,perk,54,ch_specialty_gpsjammer_purchase,,
specialty_quieter,perk,26,ch_specialty_quieter_purchase,,
specialty_incog,perk,40,ch_specialty_incog_purchase,,
specialty_paint,perk,0,ch_specialty_paint_purchase,,
specialty_scavenger,perk,14,ch_specialty_scavenger_purchase,,
specialty_detectexplosive,perk,28,ch_specialty_detectexplosive_purchase,,
specialty_selectivehearing,perk,42,ch_specialty_selectivehearing_purchase,,
specialty_comexp,perk,56,ch_specialty_comexp_purchase,,
specialty_falldamage,perk,0,ch_specialty_falldamage_purchase,,
specialty_regenfaster,perk,16,ch_specialty_regenfaster_purchase,,
specialty_sharp_focus,perk,30,ch_specialty_sharp_focus_purchase,,
specialty_stun_resistance,perk,44,ch_specialty_stun_resistance_purchase,,
specialty_blastshield,perk,58,ch_specialty_blastshield_purchase,,
specialty_extraammo,perk,32,ch_specialty_extraammo_purchase,,
specialty_extra_equipment,perk,0,ch_specialty_extra_equipment_purchase,,
specialty_extra_deadly,perk,18,ch_specialty_extra_deadly_purchase,,
specialty_extra_attachment,perk,46,ch_specialty_extra_attachment_purchase,,
specialty_explosivedamage,perk,59,ch_specialty_explosivedamage_purchase,,
specialty_gambler,perk,0,ch_specialty_gambler_purchase,,
specialty_hardline,perk,20,ch_specialty_hardline_purchase,,
specialty_twoprimaries,perk,48,ch_specialty_twoprimaries_purchase,,
specialty_boom,perk,34,ch_specialty_boom_purchase,,
specialty_deadeye,perk,60,ch_specialty_deadeye_purchase,,
specialty_chain_reaction,perk,0,ch_specialty_chain_reaction_purchase,,
specialty_reducedsway,perk,0,ch_specialty_reducedsway_purchase,,
ch_specialty_fastsprintrecovery_purchase,unlockCosts,,,0,
ch_specialty_fastreload_purchase,unlockCosts,,,0,
ch_specialty_lightweight_purchase,unlockCosts,,,0,
ch_specialty_marathon_purchase,unlockCosts,,,0,
ch_specialty_stalker_purchase,unlockCosts,,,0,
ch_specialty_quickswap_purchase,unlockCosts,,,0,
ch_specialty_pitcher_purchase,unlockCosts,,,0,
ch_specialty_bulletaccuracy_purchase,unlockCosts,,,0,
ch_specialty_quickdraw_purchase,unlockCosts,,,0,
ch_specialty_sprintreload_purchase,unlockCosts,,,0,
ch_specialty_silentkill_purchase,unlockCosts,,,0,
ch_specialty_blindeye_purchase,unlockCosts,,,0,
ch_specialty_gpsjammer_purchase,unlockCosts,,,0,
ch_specialty_quieter_purchase,unlockCosts,,,0,
ch_specialty_incog_purchase,unlockCosts,,,0,
ch_specialty_paint_purchase,unlockCosts,,,0,
ch_specialty_scavenger_purchase,unlockCosts,,,0,
ch_specialty_detectexplosive_purchase,unlockCosts,,,0,
ch_specialty_selectivehearing_purchase,unlockCosts,,,0,
ch_specialty_comexp_purchase,unlockCosts,,,0,
ch_specialty_falldamage_purchase,unlockCosts,,,0,
ch_specialty_regenfaster_purchase,unlockCosts,,,0,
ch_specialty_sharp_focus_purchase,unlockCosts,,,0,
ch_specialty_stun_resistance_purchase,unlockCosts,,,0,
ch_specialty_blastshield_purchase,unlockCosts,,,0,
ch_specialty_extraammo_purchase,unlockCosts,,,0,
ch_specialty_extra_equipment_purchase,unlockCosts,,,0,
ch_specialty_extra_deadly_purchase,unlockCosts,,,0,
ch_specialty_extra_attachment_purchase,unlockCosts,,,0,
ch_specialty_explosivedamage_purchase,unlockCosts,,,12,
ch_specialty_gambler_purchase,unlockCosts,,,0,
ch_specialty_hardline_purchase,unlockCosts,,,0,
ch_specialty_twoprimaries_purchase,unlockCosts,,,0,
ch_specialty_boom_purchase,unlockCosts,,,0,
ch_specialty_deadeye_purchase,unlockCosts,,,15,
ch_specialty_chain_reaction_purchase,unlockCosts,,,0,
ch_specialty_reducedsway_purchase,unlockCosts,,,0,
