a0,b1,c2,d3,e4,f5,g6,h7,i8,j9,k10,l11,m12,n13,,,,,,,,,,,,,,,,,,,,,,,,
0,ability_null,LUA_MENU/CACABILITIES_NONE,,,,,,,,,,,,,,,,,,,,,,,,,,,,,,,,,,,
1,ability_speed,LUA_MENU/CACABILITIES_SPEED,,,,,,,,,,,,LUA_MENU/CACABILITIES_SPEED_EFFECT1,0,10,20,30,40,50,60,70,80,90,100,LUA_MENU/CACABILITIES_SPEED_EFFECT2,0,10,20,30,40,50,60,70,80,90,100
2,ability_handling,LUA_MENU/CACABILITIES_HANDLING,,,,,,,,,,,,LUA_MENU/CACABILITIES_HANDLING_EFFECT1,0,10,20,30,40,50,60,70,80,90,100,LUA_MENU/CACABILITIES_HANDLING_EFFECT2,0,10,20,30,40,50,60,70,80,90,100
3,ability_stealth,LUA_MENU/CACABILITIES_STEALTH,,,,,,,,,,,,LUA_MENU/CACABILITIES_STEALTH_EFFECT1,0,10,20,30,40,50,60,70,80,90,100,LUA_MENU/CACABILITIES_STEALTH_EFFECT2,0,10,20,30,40,50,60,70,80,90,100
4,ability_awareness,LUA_MENU/CACABILITIES_AWARENESS,,,,,,,,,,,,LUA_MENU/CACABILITIES_AWARENESS_EFFECT1,0,10,20,30,40,50,60,70,80,90,100,LUA_MENU/CACABILITIES_AWARENESS_EFFECT2,0,10,20,30,40,50,60,70,80,90,100
5,ability_resistance,LUA_MENU/CACABILITIES_RESISTANCE,,,,,,,,,,,,LUA_MENU/CACABILITIES_RESISTANCE_EFFECT1,0,10,20,30,40,50,60,70,80,90,100,LUA_MENU/CACABILITIES_RESISTANCE_EFFECT2,0,10,20,30,40,50,60,70,80,90,100
6,ability_equipment,LUA_MENU/CACABILITIES_EQUIPMENT,,,,,,,,,,,,LUA_MENU/CACABILITIES_RESISTANCE_EFFECT1,0,10,20,30,40,50,60,70,80,90,100,LUA_MENU/CACABILITIES_RESISTANCE_EFFECT2,0,10,20,30,40,50,60,70,80,90,100
7,ability_elite,LUA_MENU/CACABILITIES_ELITE,,,,,,,,,,,,LUA_MENU/CACABILITIES_RESISTANCE_EFFECT1,0,10,20,30,40,50,60,70,80,90,100,LUA_MENU_CACABILITIES_ELITE_EFFECT2,0,10,20,30,40,50,60,70,80,90,100
