33554483,test_level1_challenge_1,33554463
33554484,test_level10_challenge_1,33554463
4282195080,s4_join_clan,33554470
4282195081,s4_leave_clan,33554470
4282194080,s4_clan_progression,33554469
34574433,s4_player_progression_converter,33554472
34574434,s4_weapon_progression_converter,33554472
34574435,s4_operator_progression_converter,33554472
34574436,s4_battlepass_progression_converter,33554472
34574437,s4_clan_progression_converter,33554472
33554445,test_daily_1,33554444
38554433,s4_highfive_total_kills,33554467
36564433,s4_initialization,33554471
36574432,operator_wyatt_western_progression_achievement,33554466
36574439,operator_bale_eastern_progression_achievement,33554466
36574470,operator_polina_progression_achievement,33554466
36574471,operator_roland_larger_progression_achievement,33554466
36574472,s4_operator_daniel_progression_achievement,33554466
36574474,s4_operator_wade_progression_achievement,33554466
36574475,s4_operator_arthur_progression_achievement,33554466
36574476,s4_operator_constanze_progression_achievement,33554466
36574477,s4_operator_solange_progression_achievement,33554466
36574478,s4_operator_shige_progression_achievement,33554466
36574479,s4_operator_padma_progression_achievement,33554466
36574480,s4_operator_halima_progression_achievement,33554466
36574481,s4_operator_lucas_progression_achievement,33554466
36574482,s4_operator_shigenori_progression_achievement,33554466
34554432,s4_player_progression,33554432
34564432,s4_player_progression_season_0,33554438
34564433,s4_player_progression_season_1,33554438
34564434,s4_player_progression_season_2,33554438
34564435,s4_player_progression_season_3,33554438
34564436,s4_player_progression_season_4,33554438
34564437,s4_player_progression_season_5,33554438
34564438,s4_player_progression_season_6,33554438
33554485,test_season1_challenge_1,33554463
33554486,test_season1_challenge_2,33554463
33554487,test_season1_challenge_3,33554463
33554488,test_season2_challenge_1,33554463
35555062,weapon_s4_pi_mike1911_progression_achievement,33554437
35555074,weapon_s4_pi_ttango33_progression_achievement,33554437
35555075,s4_weapon_s4_pi_wecho_progression_achievement,33554437
35555090,s4_weapon_s4_pi_luniform08_progression_achievement,33554437
35555091,weapon_s4_pi_malpha96_progression_achievement,33554437
35555063,s4_weapon_s4_sm_mpapa40_progression_achievement,33554437
35555065,s4_weapon_s4_sm_thotel_progression_achievement,33554437
35555070,s4_weapon_s4_sm_stango5_progression_achievement,33554437
35555085,s4_weapon_s4_sm_owhiskey_progression_achievement,33554437
35555087,s4_weapon_s4_sm_tyankee100_progression_achievement,33554437
35555088,s4_weapon_s4_sm_ppapa41_progression_achievement,33554437
35554445,weapon_iw8_me_riotshield_progression_achievement,33554437
35555095,s4_weapon_s4_me_rindigo_progression_achievement,33554437
35555096,s4_weapon_s4_me_knife_progression_achievement,33554437
35554447,weapon_iw8_ar_mike4_progression_achievement,33554437
35555058,s4_weapon_s4_ar_stango44_progression_achievement,33554437
35555060,s4_weapon_s4_ar_balpha_progression_achievement,33554437
35555069,s4_weapon_s4_ar_fecho_progression_achievement,33554437
35555072,s4_weapon_s4_ar_asierra44_progression_achievement,33554437
35555076,s4_weapon_s4_ar_chotel41_progression_achievement,33554437
35555077,s4_weapon_s4_ar_voscar_progression_achievement,33554437
35555078,s4_weapon_s4_ar_bromeopg_progression_achievement,33554437
35555079,s4_weapon_s4_ar_chotel15_progression_achievement,33554437
35555092,s4_weapon_s4_la_m1bravo_progression_achievement,33554437
35555093,s4_weapon_s4_la_palpha_progression_achievement,33554437
35555097,s4_weapon_s4_la_palpha42_progression_achievement,33554437
35555098,s4_weapon_s4_la_mkilo1_progression_achievement,33554437
35555059,s4_weapon_s4_mr_kalpha98_progression_achievement,33554437
35555071,s4_weapon_s4_mr_m1golf_progression_achievement,33554437
35555081,s4_weapon_s4_mr_svictor40_progression_achievement,33554437
35555082,s4_weapon_s4_mr_gecho43_progression_achievement,33554437
35555080,s4_weapon_s4_mr_aromeo99_progression_achievement,33554437
35555073,s4_weapon_s4_mr_moscar_progression_achievement,33554437
35555064,weapon_s4_sh_tromeo_progression_achievement,33554437
35555066,s4_weapon_s4_sh_bromeo5_progression_achievement,33554437
35555067,s4_weapon_s4_sh_becho_progression_achievement,33554437
35555089,s4_weapon_s4_sh_mike97_progression_achievement,33554437
35555094,s4_weapon_s4_sh_lindia98_progression_achievement,33554437
35555061,s4_weapon_s4_mg_mgolf42_progression_achievement,33554437
35555083,s4_weapon_s4_mg_tyankee11_progression_achievement,33554437
35555084,s4_weapon_s4_mg_dpapa27_progression_achievement,33554437
35555086,s4_weapon_s4_mg_bromeo37_progression_achievement,33554437
