1,Lab,burntbody_male,500_100_10,10_0_0,1
2,Piccadilly,burntbody_male,-3249_-3559_10,80_0_0,1
3,Piccadilly,burntbody_male,-2997_-3563_20,0_90_0,1
4,Captive,burntbody_male,300_100_10,0_0_30,1
5,Captive,burntbody_male,400_100_10,0_0_30,1
6,Piccadilly,burntbody_male,-2650_-3570_30,0_90_0,1
7,Piccadilly,burntbody_male,-2090_-1051_120,0_90_0,1
8,Piccadilly,burntbody_male,-1593_2907_50,90_90_0,1
9,Proxywar,burntbody_male,100_100_10,0_30_0,1
10,Proxywar,burntbody_male,200_100_10,0_30_0,1
11,safehouse,debris_override_deadbody_safehouse_female_01_cn,-1056.24_2660.66_-31.55,3.40891_87.777_-11.2439,1
12,safehouse,debris_override_deadbody_safehouse_male_01_cn,-1047.23_2581.15_-24.3661,12.6176_176.377_2.61685,1
13,safehouse,ee_construction_plywood_stacks_48height,-1334.647_2793.369_2.801,360.000_48.385_3.079,1
14,safehouse,ee_construction_plywood_stacks_48height,-1299.329_2720.857_40.496,1.033_319.999_-178.768,1
15,safehouse,ee_construction_plywood_stacks_48height,-1263.603_2756.889_44.997,355.109_137.185_178.818,1
16,embassy,debris_override_me_sign_us_embassy_02_cn,-6315_-2300_176,0_180_90,1
17,embassy,debris_override_sign_embassy_seal_plaque_01_cn,-6872_-2172_154,0_90_0,1
18,embassy,debris_override_sign_embassy_seal_plaque_01_cn,-6526_-3007.5_104.5,0_180_0,1
19,embassy,debris_override_sign_embassy_seal_plaque_01_cn,-6041.5_-2692_129,0_270_0,1
20.embassy,debris_override_sign_embassy_seal_plaque_01_cn,-6048_-105.5_-498,0_180_0,1,
21,embassy,debris_override_sign_embassy_seal_plaque_01_cn,-5993.5_-1540.5_-47.5,0_180_0,1
22,embassy,debris_override_sign_embassy_seal_plaque_02_cn,-6651_-2300.5_116,0_90_0,1
23,embassy,debris_override_sign_embassy_seal_plaque_03_cn,-6784_-2418.5_108.5,0_180_0,1
24,embassy,debris_override_me_sign_us_embassy_01_cn,-6971_-2172_150,180_0_-90,1
25,embassy,debris_override_me_sign_us_embassy_01_cn,-5994_-1639.5_-50.5,0_270_90,1
26,embassy,debris_override_me_sign_us_embassy_01_small_cn,-6046_-2692_95.5,0_0_90,1
27,mp_donetsk,debris_override_ee_sign_gov_police_03_cn,-33514.5_32940.5_830,0_343.595_0,1
28,mp_donetsk,debris_override_ee_sign_gov_police_03_cn,46955_20000.5_-133.5,0_295.03_0,1
29,mp_donetsk,debris_override_ee_sign_gov_police_03_cn,30864_-17394_-253,0_360_0,1
30,mp_donetsk,debris_override_ee_sign_gov_police_03_cn,-11638_-4020.5_-193.5,0_360_0,1
31,mp_donetsk,debris_override_ee_construction_liberation_monument_01_cn,26752_-14664_452,0_0_0,1
32,piccadilly,debris_override_uk_sign_piccadilly_eliots_01_cn,-1916.75_-2691.5_187.5,0_87.9797_90,1
33,piccadilly,debris_override_uk_sign_piccadilly_eliots_01_cn,-1909_-2451.5_197.5,0_87.9797_90,1
34,piccadilly,debris_override_uk_sign_piccadilly_eliots_01_nobacklight_cn,-1923.5_-2930.25_174.5,345.613_86.4954_83.5941,1
35,safehouse,debris_override_deadbody_safehouse_female_04_cn,-1072.640_2523.380_-27.250,8.876_201.046_5.515,1
36,safehouse,debris_override_deadbody_safehouse_male_04_cn,-1073.290_2475.070_-24.904,349.465_352.019_-1.744,1
37,safehouse,debris_override_deadbody_safehouse_female_02_cn,-1130_2414.060_-28.024,349.482_291.696_4.158,1
38,safehouse,debris_override_deadbody_safehouse_female_03_cn,-1085.990_2380.890_-18.463,2.367_76.767_-10.645,1
39,safehouse,debris_override_deadbody_safehouse_female_04_cn,-1157.520_2373.170_-32.952,12.288_220.149_9.819,1
40,safehouse,debris_override_deadbody_safehouse_male_02_cn,-1084.780_2287.820_-13.125,349.964_35.260_-8.161,1
41,safehouse,debris_override_deadbody_safehouse_male_child_cn,-1155.870_2205.610_-26.564,8.922_219.407_12.160,1
42,safehouse,debris_override_deadbody_safehouse_female_child_cn,-1111.970_2200.980_-15.943,9.079_128.986_-7.498,1
43,safehouse,debris_override_deadbody_safehouse_male_03_cn,-1066.860_2168.760_-11.421,5.557_219.321_1.441,1
44,safehouse,debris_override_deadbody_safehouse_male_04_cn,-1201.860_2171.830_-30.927,357.950_319.613_-2.496,1
45,safehouse,debris_override_deadbody_safehouse_female_02_cn,-1162.810_2106.760_-24.405,3.838_93.577_-10.993,1
46,safehouse,debris_override_deadbody_safehouse_male_child_cn,-1136.100_2054.540_-15.163,352.558_338.438_2.863,1
47,safehouse,debris_override_deadbody_03_cn,-1260.750_2096.140_-27.119,359.338_270.435_-2.384,1
48,safehouse,debris_override_deadbody_08_cn,-1296.070_2123.450_-24.267,349.754_221.524_-4.325,1
49,safehouse,debris_override_deadbody_04_cn,-1136.910_1994.840_-17.470,10.222_142.787_-7.214,1
50,safehouse,debris_override_deadbody_safehouse_female_02_cn,-1222.880_1986.160_-20.704,2.029_354.161_-7.929,1
51,safehouse,debris_override_deadbody_04_cn,-1251.810_1996.310_-18.713,8.596_9.667_-9.032,1
52,safehouse,debris_override_deadbody_safehouse_female_03_cn,-1296.350_2017.640_-17.770,5.862_322.119_-7.981,1
53,safehouse,debris_override_deadbody_safehouse_male_02_cn,-1369.610_2048.700_-11.638,359.715_62.267_-0.908,1
54,safehouse,debris_override_deadbody_safehouse_female_04_cn,-1368.350_2001.250_-11.489,359.068_337.988_0.193,1
55,safehouse,debris_override_deadbody_08_cn,-1414.300_2000.600_-9.161,356.254_261.196_-8.216,1
56,safehouse,debris_override_deadbody_safehouse_female_03_cn,-1424.300_2331.370_-10.014,11.473_323.807_-19.750,1
57,safehouse,debris_override_deadbody_08_cn,-1416.950_2401.350_-19.293,6.501_89.348_13.526,1
58,safehouse,debris_override_deadbody_safehouse_female_04_cn,-1429.060_2451.050_-17.944,2.833_88.000_36.562,1
59,safehouse,debris_override_deadbody_safehouse_female_02_cn,-1410.000_2471.000_-29.982,15.947_52.715_3.456,1
60,safehouse,debris_override_deadbody_safehouse_male_03_cn,-1479.600_2484.810_-14.801,8.764_17.071_-16.852,1
61,safehouse,debris_override_deadbody_safehouse_male_01_cn,-1547.020_2472.260_-10.051,14.225_82.889_-0.891,1
62,safehouse,debris_override_deadbody_safehouse_female_child_cn,-1499.650_2534.730_-30.260,0.093_196.753_6.595,1
63,safehouse,debris_override_deadbody_safehouse_male_child_cn,-1364.440_2470.180_-39.386,5.660_339.091_-22.026,1
64,safehouse,debris_override_deadbody_04_cn,-1367.750_2502.000_-48.017,12.380_9.052_-6.558,1
65,safehouse,debris_override_deadbody_safehouse_male_02_cn,-1374.820_2537.170_-48.336,358.011_284.768_0.851,1
66,safehouse,debris_override_deadbody_safehouse_female_03_cn,-1379.040_2613.960_-60.142,6.472_321.181_-12.382,1
67,safehouse,debris_override_deadbody_safehouse_male_child_cn,-1325.400_2588.330_-65.334,4.737_193.771_0.713,1
68,safehouse,debris_override_deadbody_safehouse_female_02_cn,-1318.410_2679.200_-64.772,2.983_96.815_-5.492,1
69,safehouse,debris_override_deadbody_safehouse_male_02_cn,-1255.970_2679.190_-57.942,358.290_62.293_-4.934,1
70,safehouse,debris_override_deadbody_safehouse_female_04_cn,-1219.970_2739.190_-56.561,355.177_312.339_1.787,1
71,safehouse,debris_override_deadbody_safehouse_male_01_cn,-1220.450_2797.570_-54.707,356.494_31.688_2.164,1
72,safehouse,debris_override_deadbody_08_cn,-1274.100_2880.780_-49.722,355.188_0.328_6.016,1
73,safehouse,debris_override_deadbody_safehouse_male_child_cn,-1235.470_2854.740_-51.763,356.152_104.099_-0.966,1
74,safehouse,debris_override_deadbody_safehouse_female_child_cn,-1184.470_2852.740_-50.971,357.359_103.968_-1.557,1
75,embassy,debris_override_sign_embassy_seal_plaque_01_cn,-6048.000_-105.500_-498.000,0_180_0,1
76,piccadilly,debris_override_uk_sign_piccadilly_eliots_01_cn,-2129.500_-3351.500_187.500,0_357.626_89.984,1
77,piccadilly,debris_override_uk_sign_piccadilly_eliots_01_cn,-2642.500_-3333.500_187.500,0_357.626_89.984,1
