choose,1,,,,,
zone,base_hotzone_05,fortress,mp/loot/br/plunder/strongholds/lootset_stronghold_black.csv,mp/loot/br/plunder/strongholds/lootset_cache_spawns_blacksite.csv,,#Zone
zone,base_hotzone_04,fortress,mp/loot/br/plunder/strongholds/lootset_stronghold_black.csv,mp/loot/br/plunder/strongholds/lootset_cache_spawns_blacksite.csv,,#Zone
choose,1,,,,,
zone,industrial_hotzone_01,fortress,mp/loot/br/plunder/strongholds/lootset_stronghold_black.csv,mp/loot/br/plunder/strongholds/lootset_cache_spawns_blacksite.csv,,#Zone
choose,1,,,,,
zone,resort_hotzone_01,fortress,mp/loot/br/plunder/strongholds/lootset_stronghold_black.csv,mp/loot/br/plunder/strongholds/lootset_cache_spawns_blacksite.csv,,#Zone
choose,1,,,,,
zone,manor_hotzone_01,fortress,mp/loot/br/plunder/strongholds/lootset_stronghold_black.csv,mp/loot/br/plunder/strongholds/lootset_cache_spawns_blacksite.csv,,#Zone
choose,1,,,,,
zone,rural_hotzone_07,fortress,mp/loot/br/plunder/strongholds/lootset_stronghold_black.csv,mp/loot/br/plunder/strongholds/lootset_cache_spawns_blacksite.csv,,#Zone
choose,1,,,,,
zone,marina_hotzone_01,fortress,mp/loot/br/plunder/strongholds/lootset_stronghold_black.csv,mp/loot/br/plunder/strongholds/lootset_cache_spawns_blacksite.csv,,#Zone
choose,1,,,,,
zone,base_hotzone_03,fortress,mp/loot/br/plunder/strongholds/lootset_stronghold_high.csv,mp/loot/br/plunder/strongholds/lootset_cache_spawns_stronghold.csv,,#Zone
zone,base_hotzone_07,fortress,mp/loot/br/plunder/strongholds/lootset_stronghold_high.csv,mp/loot/br/plunder/strongholds/lootset_cache_spawns_stronghold.csv,,#Zone
zone,base_hotzone_06,fortress,mp/loot/br/plunder/strongholds/lootset_stronghold_high.csv,mp/loot/br/plunder/strongholds/lootset_cache_spawns_stronghold.csv,,#Zone
zone,base_hotzone_08,fortress,mp/loot/br/plunder/strongholds/lootset_stronghold_high.csv,mp/loot/br/plunder/strongholds/lootset_cache_spawns_stronghold.csv,,#Zone
zone,base_hotzone_09,fortress,mp/loot/br/plunder/strongholds/lootset_stronghold_high.csv,mp/loot/br/plunder/strongholds/lootset_cache_spawns_stronghold.csv,,#Zone
zone,base_hotzone_01,fortress,mp/loot/br/plunder/strongholds/lootset_stronghold_high.csv,mp/loot/br/plunder/strongholds/lootset_cache_spawns_stronghold.csv,,#Zone
zone,base_hotzone_09,fortress,mp/loot/br/plunder/strongholds/lootset_stronghold_high.csv,mp/loot/br/plunder/strongholds/lootset_cache_spawns_stronghold.csv,,#Zone
zone,base_hotzone_02,fortress,mp/loot/br/plunder/strongholds/lootset_stronghold_high.csv,mp/loot/br/plunder/strongholds/lootset_cache_spawns_stronghold.csv,,#Zone
choose,1,,,,,
zone,lowtown_hotzone_04,fortress,mp/loot/br/plunder/strongholds/lootset_stronghold_high.csv,mp/loot/br/plunder/strongholds/lootset_cache_spawns_stronghold.csv,,#Zone
zone,lowtown_hotzone_05,fortress,mp/loot/br/plunder/strongholds/lootset_stronghold_high.csv,mp/loot/br/plunder/strongholds/lootset_cache_spawns_stronghold.csv,,#Zone
zone,lowtown_hotzone_03,fortress,mp/loot/br/plunder/strongholds/lootset_stronghold_high.csv,mp/loot/br/plunder/strongholds/lootset_cache_spawns_stronghold.csv,,#Zone
zone,lowtown_hotzone_06,fortress,mp/loot/br/plunder/strongholds/lootset_stronghold_high.csv,mp/loot/br/plunder/strongholds/lootset_cache_spawns_stronghold.csv,,#Zone
zone,lowtown_hotzone_08,fortress,mp/loot/br/plunder/strongholds/lootset_stronghold_high.csv,mp/loot/br/plunder/strongholds/lootset_cache_spawns_stronghold.csv,,#Zone
zone,lowtown_hotzone_07,fortress,mp/loot/br/plunder/strongholds/lootset_stronghold_high.csv,mp/loot/br/plunder/strongholds/lootset_cache_spawns_stronghold.csv,,#Zone
zone,lowtown_hotzone_02,fortress,mp/loot/br/plunder/strongholds/lootset_stronghold_high.csv,mp/loot/br/plunder/strongholds/lootset_cache_spawns_stronghold.csv,,#Zone
zone,lowtown_hotzone_01,fortress,mp/loot/br/plunder/strongholds/lootset_stronghold_high.csv,mp/loot/br/plunder/strongholds/lootset_cache_spawns_stronghold.csv,,#Zone
choose,1,,,,,
zone,industrial_hotzone_05,fortress,mp/loot/br/plunder/strongholds/lootset_stronghold_high.csv,mp/loot/br/plunder/strongholds/lootset_cache_spawns_stronghold.csv,,#Zone
zone,industrial_hotzone_06,fortress,mp/loot/br/plunder/strongholds/lootset_stronghold_high.csv,mp/loot/br/plunder/strongholds/lootset_cache_spawns_stronghold.csv,,#Zone
zone,industrial_hotzone_07,fortress,mp/loot/br/plunder/strongholds/lootset_stronghold_high.csv,mp/loot/br/plunder/strongholds/lootset_cache_spawns_stronghold.csv,,#Zone
zone,industrial_hotzone_02,fortress,mp/loot/br/plunder/strongholds/lootset_stronghold_high.csv,mp/loot/br/plunder/strongholds/lootset_cache_spawns_stronghold.csv,,#Zone
zone,industrial_hotzone_04,fortress,mp/loot/br/plunder/strongholds/lootset_stronghold_high.csv,mp/loot/br/plunder/strongholds/lootset_cache_spawns_stronghold.csv,,#Zone
zone,industrial_hotzone_03,fortress,mp/loot/br/plunder/strongholds/lootset_stronghold_high.csv,mp/loot/br/plunder/strongholds/lootset_cache_spawns_stronghold.csv,,#Zone
choose,1,,,,,
zone,resort_hotzone_04,fortress,mp/loot/br/plunder/strongholds/lootset_stronghold_high.csv,mp/loot/br/plunder/strongholds/lootset_cache_spawns_stronghold.csv,,#Zone
zone,resort_hotzone_02,fortress,mp/loot/br/plunder/strongholds/lootset_stronghold_high.csv,mp/loot/br/plunder/strongholds/lootset_cache_spawns_stronghold.csv,,#Zone
zone,resort_hotzone_23,fortress,mp/loot/br/plunder/strongholds/lootset_stronghold_high.csv,mp/loot/br/plunder/strongholds/lootset_cache_spawns_stronghold.csv,,#Zone
zone,resort_hotzone_05,fortress,mp/loot/br/plunder/strongholds/lootset_stronghold_high.csv,mp/loot/br/plunder/strongholds/lootset_cache_spawns_stronghold.csv,,#Zone
zone,resort_hotzone_06,fortress,mp/loot/br/plunder/strongholds/lootset_stronghold_high.csv,mp/loot/br/plunder/strongholds/lootset_cache_spawns_stronghold.csv,,#Zone
zone,resort_hotzone_11,fortress,mp/loot/br/plunder/strongholds/lootset_stronghold_high.csv,mp/loot/br/plunder/strongholds/lootset_cache_spawns_stronghold.csv,,#Zone
zone,resort_hotzone_19,fortress,mp/loot/br/plunder/strongholds/lootset_stronghold_high.csv,mp/loot/br/plunder/strongholds/lootset_cache_spawns_stronghold.csv,,#Zone
zone,resort_hotzone_17,fortress,mp/loot/br/plunder/strongholds/lootset_stronghold_high.csv,mp/loot/br/plunder/strongholds/lootset_cache_spawns_stronghold.csv,,#Zone
zone,resort_hotzone_03,fortress,mp/loot/br/plunder/strongholds/lootset_stronghold_high.csv,mp/loot/br/plunder/strongholds/lootset_cache_spawns_stronghold.csv,,#Zone
zone,resort_hotzone_15,fortress,mp/loot/br/plunder/strongholds/lootset_stronghold_high.csv,mp/loot/br/plunder/strongholds/lootset_cache_spawns_stronghold.csv,,#Zone
zone,resort_hotzone_16,fortress,mp/loot/br/plunder/strongholds/lootset_stronghold_high.csv,mp/loot/br/plunder/strongholds/lootset_cache_spawns_stronghold.csv,,#Zone
zone,resort_hotzone_18,fortress,mp/loot/br/plunder/strongholds/lootset_stronghold_high.csv,mp/loot/br/plunder/strongholds/lootset_cache_spawns_stronghold.csv,,#Zone
zone,resort_hotzone_10,fortress,mp/loot/br/plunder/strongholds/lootset_stronghold_high.csv,mp/loot/br/plunder/strongholds/lootset_cache_spawns_stronghold.csv,,#Zone
zone,resort_hotzone_09,fortress,mp/loot/br/plunder/strongholds/lootset_stronghold_high.csv,mp/loot/br/plunder/strongholds/lootset_cache_spawns_stronghold.csv,,#Zone
zone,resort_hotzone_22,fortress,mp/loot/br/plunder/strongholds/lootset_stronghold_high.csv,mp/loot/br/plunder/strongholds/lootset_cache_spawns_stronghold.csv,,#Zone
zone,resort_hotzone_24,fortress,mp/loot/br/plunder/strongholds/lootset_stronghold_high.csv,mp/loot/br/plunder/strongholds/lootset_cache_spawns_stronghold.csv,,#Zone
zone,resort_hotzone_20,fortress,mp/loot/br/plunder/strongholds/lootset_stronghold_high.csv,mp/loot/br/plunder/strongholds/lootset_cache_spawns_stronghold.csv,,#Zone
zone,resort_hotzone_07,fortress,mp/loot/br/plunder/strongholds/lootset_stronghold_high.csv,mp/loot/br/plunder/strongholds/lootset_cache_spawns_stronghold.csv,,#Zone
zone,resort_hotzone_21,fortress,mp/loot/br/plunder/strongholds/lootset_stronghold_high.csv,mp/loot/br/plunder/strongholds/lootset_cache_spawns_stronghold.csv,,#Zone
zone,resort_hotzone_08,fortress,mp/loot/br/plunder/strongholds/lootset_stronghold_high.csv,mp/loot/br/plunder/strongholds/lootset_cache_spawns_stronghold.csv,,#Zone
zone,resort_hotzone_12,fortress,mp/loot/br/plunder/strongholds/lootset_stronghold_high.csv,mp/loot/br/plunder/strongholds/lootset_cache_spawns_stronghold.csv,,#Zone
zone,resort_hotzone_13,fortress,mp/loot/br/plunder/strongholds/lootset_stronghold_high.csv,mp/loot/br/plunder/strongholds/lootset_cache_spawns_stronghold.csv,,#Zone
choose,1,,,,,
zone,manor_hotzone_02,fortress,mp/loot/br/plunder/strongholds/lootset_stronghold_high.csv,mp/loot/br/plunder/strongholds/lootset_cache_spawns_stronghold.csv,,#Zone
zone,manor_hotzone_04,fortress,mp/loot/br/plunder/strongholds/lootset_stronghold_high.csv,mp/loot/br/plunder/strongholds/lootset_cache_spawns_stronghold.csv,,#Zone
zone,manor_hotzone_03,fortress,mp/loot/br/plunder/strongholds/lootset_stronghold_high.csv,mp/loot/br/plunder/strongholds/lootset_cache_spawns_stronghold.csv,,#Zone
choose,1,,,,,
zone,rural_hotzone_02,fortress,mp/loot/br/plunder/strongholds/lootset_stronghold_high.csv,mp/loot/br/plunder/strongholds/lootset_cache_spawns_stronghold.csv,,#Zone
zone,rural_hotzone_04,fortress,mp/loot/br/plunder/strongholds/lootset_stronghold_high.csv,mp/loot/br/plunder/strongholds/lootset_cache_spawns_stronghold.csv,,#Zone
zone,rural_hotzone_08,fortress,mp/loot/br/plunder/strongholds/lootset_stronghold_high.csv,mp/loot/br/plunder/strongholds/lootset_cache_spawns_stronghold.csv,,#Zone
zone,rural_hotzone_09,fortress,mp/loot/br/plunder/strongholds/lootset_stronghold_high.csv,mp/loot/br/plunder/strongholds/lootset_cache_spawns_stronghold.csv,,#Zone
zone,rural_hotzone_10,fortress,mp/loot/br/plunder/strongholds/lootset_stronghold_high.csv,mp/loot/br/plunder/strongholds/lootset_cache_spawns_stronghold.csv,,#Zone
zone,rural_hotzone_03,fortress,mp/loot/br/plunder/strongholds/lootset_stronghold_high.csv,mp/loot/br/plunder/strongholds/lootset_cache_spawns_stronghold.csv,,#Zone
zone,rural_hotzone_12,fortress,mp/loot/br/plunder/strongholds/lootset_stronghold_high.csv,mp/loot/br/plunder/strongholds/lootset_cache_spawns_stronghold.csv,,#Zone
zone,rural_hotzone_11,fortress,mp/loot/br/plunder/strongholds/lootset_stronghold_high.csv,mp/loot/br/plunder/strongholds/lootset_cache_spawns_stronghold.csv,,#Zone
zone,rural_hotzone_01,fortress,mp/loot/br/plunder/strongholds/lootset_stronghold_high.csv,mp/loot/br/plunder/strongholds/lootset_cache_spawns_stronghold.csv,,#Zone
zone,rural_hotzone_06,fortress,mp/loot/br/plunder/strongholds/lootset_stronghold_high.csv,mp/loot/br/plunder/strongholds/lootset_cache_spawns_stronghold.csv,,#Zone
choose,1,,,,,
zone,suburbs_hotzone_04,fortress,mp/loot/br/plunder/strongholds/lootset_stronghold_high.csv,mp/loot/br/plunder/strongholds/lootset_cache_spawns_stronghold.csv,,#Zone
zone,suburbs_hotzone_05,fortress,mp/loot/br/plunder/strongholds/lootset_stronghold_high.csv,mp/loot/br/plunder/strongholds/lootset_cache_spawns_stronghold.csv,,#Zone
zone,suburbs_hotzone_12,fortress,mp/loot/br/plunder/strongholds/lootset_stronghold_high.csv,mp/loot/br/plunder/strongholds/lootset_cache_spawns_stronghold.csv,,#Zone
zone,suburbs_hotzone_13,fortress,mp/loot/br/plunder/strongholds/lootset_stronghold_high.csv,mp/loot/br/plunder/strongholds/lootset_cache_spawns_stronghold.csv,,#Zone
zone,suburbs_hotzone_09,fortress,mp/loot/br/plunder/strongholds/lootset_stronghold_high.csv,mp/loot/br/plunder/strongholds/lootset_cache_spawns_stronghold.csv,,#Zone
zone,suburbs_hotzone_06,fortress,mp/loot/br/plunder/strongholds/lootset_stronghold_high.csv,mp/loot/br/plunder/strongholds/lootset_cache_spawns_stronghold.csv,,#Zone
zone,suburbs_hotzone_10,fortress,mp/loot/br/plunder/strongholds/lootset_stronghold_high.csv,mp/loot/br/plunder/strongholds/lootset_cache_spawns_stronghold.csv,,#Zone
zone,suburbs_hotzone_03,fortress,mp/loot/br/plunder/strongholds/lootset_stronghold_high.csv,mp/loot/br/plunder/strongholds/lootset_cache_spawns_stronghold.csv,,#Zone
zone,suburbs_hotzone_07,fortress,mp/loot/br/plunder/strongholds/lootset_stronghold_high.csv,mp/loot/br/plunder/strongholds/lootset_cache_spawns_stronghold.csv,,#Zone
zone,suburbs_hotzone_02,fortress,mp/loot/br/plunder/strongholds/lootset_stronghold_high.csv,mp/loot/br/plunder/strongholds/lootset_cache_spawns_stronghold.csv,,#Zone
zone,suburbs_hotzone_01,fortress,mp/loot/br/plunder/strongholds/lootset_stronghold_high.csv,mp/loot/br/plunder/strongholds/lootset_cache_spawns_stronghold.csv,,#Zone
zone,suburbs_hotzone_11,fortress,mp/loot/br/plunder/strongholds/lootset_stronghold_high.csv,mp/loot/br/plunder/strongholds/lootset_cache_spawns_stronghold.csv,,#Zone
choose,1,,,,,
zone,marina_hotzone_04,fortress,mp/loot/br/plunder/strongholds/lootset_stronghold_high.csv,mp/loot/br/plunder/strongholds/lootset_cache_spawns_stronghold.csv,,#Zone
zone,marina_hotzone_03,fortress,mp/loot/br/plunder/strongholds/lootset_stronghold_high.csv,mp/loot/br/plunder/strongholds/lootset_cache_spawns_stronghold.csv,,#Zone
zone,marina_hotzone_02,fortress,mp/loot/br/plunder/strongholds/lootset_stronghold_high.csv,mp/loot/br/plunder/strongholds/lootset_cache_spawns_stronghold.csv,,#Zone
zone,marina_hotzone_05,fortress,mp/loot/br/plunder/strongholds/lootset_stronghold_high.csv,mp/loot/br/plunder/strongholds/lootset_cache_spawns_stronghold.csv,,#Zone
zone,marina_hotzone_06,fortress,mp/loot/br/plunder/strongholds/lootset_stronghold_high.csv,mp/loot/br/plunder/strongholds/lootset_cache_spawns_stronghold.csv,,#Zone
zone,marina_hotzone_07,fortress,mp/loot/br/plunder/strongholds/lootset_stronghold_high.csv,mp/loot/br/plunder/strongholds/lootset_cache_spawns_stronghold.csv,,#Zone
choose,1,,,,,
zone,cargo_hotzone_06,fortress,mp/loot/br/plunder/strongholds/lootset_stronghold_high.csv,mp/loot/br/plunder/strongholds/lootset_cache_spawns_stronghold.csv,,#Zone
zone,cargo_hotzone_03,fortress,mp/loot/br/plunder/strongholds/lootset_stronghold_high.csv,mp/loot/br/plunder/strongholds/lootset_cache_spawns_stronghold.csv,,#Zone
zone,cargo_hotzone_02,fortress,mp/loot/br/plunder/strongholds/lootset_stronghold_high.csv,mp/loot/br/plunder/strongholds/lootset_cache_spawns_stronghold.csv,,#Zone
zone,cargo_hotzone_04,fortress,mp/loot/br/plunder/strongholds/lootset_stronghold_high.csv,mp/loot/br/plunder/strongholds/lootset_cache_spawns_stronghold.csv,,#Zone
zone,cargo_hotzone_05,fortress,mp/loot/br/plunder/strongholds/lootset_stronghold_high.csv,mp/loot/br/plunder/strongholds/lootset_cache_spawns_stronghold.csv,,#Zone
zone,cargo_hotzone_01,fortress,mp/loot/br/plunder/strongholds/lootset_stronghold_high.csv,mp/loot/br/plunder/strongholds/lootset_cache_spawns_stronghold.csv,,#Zone
choose,1,,,,,
zone,city_hotzone_01,fortress,mp/loot/br/plunder/strongholds/lootset_stronghold_high.csv,mp/loot/br/plunder/strongholds/lootset_cache_spawns_stronghold.csv,,#Zone
zone,city_hotzone_02,fortress,mp/loot/br/plunder/strongholds/lootset_stronghold_high.csv,mp/loot/br/plunder/strongholds/lootset_cache_spawns_stronghold.csv,,#Zone
choose,1,,,,,
zone,oldtown_hotzone_04,fortress,mp/loot/br/plunder/strongholds/lootset_stronghold_high.csv,mp/loot/br/plunder/strongholds/lootset_cache_spawns_stronghold.csv,,#Zone
zone,oldtown_hotzone_01,fortress,mp/loot/br/plunder/strongholds/lootset_stronghold_high.csv,mp/loot/br/plunder/strongholds/lootset_cache_spawns_stronghold.csv,,#Zone
zone,oldtown_hotzone_03,fortress,mp/loot/br/plunder/strongholds/lootset_stronghold_high.csv,mp/loot/br/plunder/strongholds/lootset_cache_spawns_stronghold.csv,,#Zone
zone,oldtown_hotzone_02,fortress,mp/loot/br/plunder/strongholds/lootset_stronghold_high.csv,mp/loot/br/plunder/strongholds/lootset_cache_spawns_stronghold.csv,,#Zone
