581,1492,mp_m_cornfield,lava,knife,allies,time,WAYPOINT,55000,47000,40000,3,MPUI/TRIAL_LAVA_NAME,MPUI/TRIAL_LAVA_DESC_SIMPLE,,7899|7899|7899,trial_thumbnail_event_risky,loading_mp_m_cornfield_bg,,,41,0,,171452,405,button_summergames
104,1493,mp_t_gun_course,gun,backward,allies,time,TARGET,90000,60000,40000,3,MPUI/TRIAL_GUN_COURSE_NAME,MPUI/TRIAL_GUN_COURSE_DESC_ASSORTED,,7899|7899|7899,trial_thumbnail_event_guncourse_remix,loading_mp_t_gun_course_bg,,,42,86400,190535,7914,171453,button_summergames
208,1494,mp_t_sn_reflex,sniper,trialympic,axis,score,STOPWATCH,3400,3900,4400,3,MPUI/TRIAL_MARKSMAN_NAME,MPUI/TRIAL_MARKSMAN_DESC_HDR,,7899|7899|7899,trial_thumbnail_event_sniper,loading_mp_t_sn_reflex_bg,,,43,172800,3955,181219,480013,button_summergames
1021,1495,mp_t_reflex,gunslinger,reflex,axis,score,STOPWATCH,4000,5000,6000,3,MPUI/TRIAL_GUNSLINGER_NAME,MPUI/TRIAL_GUNSLINGER_DESC_COMBO_MIKE9,,7899|7899|7899,trial_thumbnail_gunslinger_1911,loading_mp_t_reflex_bg,,,44,259200,190536,7915,181220,button_summergames
771,1496,mp_m_king,gun_nonlinear,fast,allies,time,TARGET,50000,40000,30000,3,MPUI/TRIAL_CLAY_TARGET_NAME,MPUI/TRIAL_CLAY_TARGET_DESC_ASSORTED,,7899|7899|7899,trial_thumbnail_event_shootingrange,loading_mp_m_king_bg,,,45,345600,3951,,422,button_summergames
