0,ui_group_main_emblem_01,ui_group_main_emblem_sm_01,ui_group_main_emblem_lg_01
1,ui_group_main_emblem_02,ui_group_main_emblem_sm_02,ui_group_main_emblem_lg_02
2,ui_group_main_emblem_03,ui_group_main_emblem_sm_03,ui_group_main_emblem_lg_03
3,ui_group_main_emblem_04,ui_group_main_emblem_sm_04,ui_group_main_emblem_lg_04
4,ui_group_main_emblem_05,ui_group_main_emblem_sm_05,ui_group_main_emblem_lg_05
5,ui_group_main_emblem_06,ui_group_main_emblem_sm_06,ui_group_main_emblem_lg_06
6,ui_group_main_emblem_07,ui_group_main_emblem_sm_07,ui_group_main_emblem_lg_07
7,ui_group_main_emblem_08,ui_group_main_emblem_sm_08,ui_group_main_emblem_lg_08
8,ui_group_main_emblem_09,ui_group_main_emblem_sm_09,ui_group_main_emblem_lg_09
9,ui_group_main_emblem_10,ui_group_main_emblem_sm_10,ui_group_main_emblem_lg_10
10,ui_group_main_emblem_11,ui_group_main_emblem_sm_11,ui_group_main_emblem_lg_11
11,ui_group_main_emblem_12,ui_group_main_emblem_sm_12,ui_group_main_emblem_lg_12
12,ui_group_main_emblem_13,ui_group_main_emblem_sm_13,ui_group_main_emblem_lg_13
13,ui_group_main_emblem_14,ui_group_main_emblem_sm_14,ui_group_main_emblem_lg_14
14,ui_group_main_emblem_15,ui_group_main_emblem_sm_15,ui_group_main_emblem_lg_15
15,ui_group_main_emblem_16,ui_group_main_emblem_sm_16,ui_group_main_emblem_lg_16
16,ui_group_main_emblem_17,ui_group_main_emblem_sm_17,ui_group_main_emblem_lg_17
17,ui_group_main_emblem_18,ui_group_main_emblem_sm_18,ui_group_main_emblem_lg_18
18,ui_group_main_emblem_19,ui_group_main_emblem_sm_19,ui_group_main_emblem_lg_19
19,ui_group_main_emblem_20,ui_group_main_emblem_sm_20,ui_group_main_emblem_lg_20
20,ui_group_main_emblem_21,ui_group_main_emblem_sm_21,ui_group_main_emblem_lg_21
21,ui_group_main_emblem_22,ui_group_main_emblem_sm_22,ui_group_main_emblem_lg_22
22,ui_group_main_emblem_23,ui_group_main_emblem_sm_23,ui_group_main_emblem_lg_23
23,ui_group_main_emblem_24,ui_group_main_emblem_sm_24,ui_group_main_emblem_lg_24
24,ui_group_main_emblem_25,ui_group_main_emblem_sm_25,ui_group_main_emblem_lg_25
