1929,iw9_ch_daily_bads_stealth_cp,CHALLENGE/DAILY_BADS_STEALTH,CHALLENGE/DAILY_BADS_STEALTH_DESC,1,0,,6,,,,,1,,,
8909,iw9_ch_daily_cp_compound_1,CHALLENGE/DAILY_BONUS,CHALLENGE/DAILY_BONUS_DESC,1,10000,,4,,,,,1,1929|2614,,
8910,iw9_ch_daily_cp_compound_2,CHALLENGE/DAILY_BONUS,CHALLENGE/DAILY_BONUS_DESC,1,10000,,4,,,,,2,2690|8874,,
8911,iw9_ch_daily_cp_compound_3,CHALLENGE/DAILY_BONUS,CHALLENGE/DAILY_BONUS_DESC,1,10000,,4,,,,,3,970|8880,,
8912,iw9_ch_daily_cp_compound_4,CHALLENGE/DAILY_BONUS,CHALLENGE/DAILY_BONUS_DESC,1,10000,,4,,,,,4,1929|8876,,
8913,iw9_ch_daily_cp_compound_5,CHALLENGE/DAILY_BONUS,CHALLENGE/DAILY_BONUS_DESC,1,10000,,4,,,,,5,116|7636,,
8914,iw9_ch_daily_cp_compound_6,CHALLENGE/DAILY_BONUS,CHALLENGE/DAILY_BONUS_DESC,1,10000,,4,,,,,6,7634|8874,,
8915,iw9_ch_daily_cp_compound_7,CHALLENGE/DAILY_BONUS,CHALLENGE/DAILY_BONUS_DESC,1,10000,,4,,,,,7,2690|8878,,
8916,iw9_ch_daily_cp_compound_8,CHALLENGE/DAILY_BONUS,CHALLENGE/DAILY_BONUS_DESC,1,10000,,4,,,,,8,7630|7629,,
2690,iw9_ch_daily_observatory_jugg,CHALLENGE/DAILY_OBSERVATORY_JUGG,CHALLENGE/DAILY_OBSERVATORY_JUGG_DESC,1,0,,6,,,,,2,,,
2725,iw9_ch_daily_delta_soldiers,CHALLENGE/DAILY_DELTA_SOLDIERS,CHALLENGE/DAILY_DELTA_SOLDIERS_DESC,3,2500,,3,,,,,1,,,
970,iw9_ch_daily_observatory_no_buy,CHALLENGE/DAILY_OBSERVATORY_NO_BUY,CHALLENGE/DAILY_OBSERVATORY_NO_BUY_DESC,1,0,,6,,,,,4,,,
966,iw9_ch_daily_observatory_use_skip_timer,CHALLENGE/DAILY_OBSERVATORY_USE_SKIP_TIMER,CHALLENGE/DAILY_OBSERVATORY_USE_SKIP_TIMER_DESC,1,2500,,3,,,,,2,,,
3041,iw9_ch_daily_vehesc_sam_site_no_plant,CHALLENGE/DAILY_VEHESC_SAM_SITE_NO_PLANT,CHALLENGE/DAILY_VEHESC_SAM_SITE_NO_PLANT_DESC,1,2500,,2,,,,,1,,,
2875,iw9_ch_daily_hydro_no_nvg_kill,CHALLENGE/DAILY_NO_NVG_KILL,CHALLENGE/DAILY_NO_NVG_KILL_DESC,5,2500,,3,,,,,4,,,
2961,iw9_ch_daily_vehicle_kill_cp,CHALLENGE/DAILY_VEHICLE_KILL,CHALLENGE/DAILY_VEHICLE_KILL_DESC,5,2500,,2,,,,,2,,,
412,iw9_ch_daily_heli_escort_chopper_kill,CHALLENGE/DAILY_HELI_ESCORT_CHOPPER_KILL,CHALLENGE/DAILY_HELI_ESCORT_CHOPPER_KILL_DESC,50,2500,,2,,,,,3,,,
1031,iw9_ch_daily_run_over_enemy_kill_cp,CHALLENGE/DAILY_RUN_OVER_ENEMY_KILL,CHALLENGE/DAILY_RUN_OVER_ENEMY_KILL_DESC,10,2500,,2,,,,,4,,,
54,iw9_ch_daily_defender_spend_money,CHALLENGE/DAILY_DEFENDER_SPEND_MONEY,CHALLENGE/DAILY_DEFENDER_SPEND_MONEY_DESC,5000,2500,,2,,,,,5,,,
3118,iw9_ch_daily_destroy_vehicle_escape_vehicles,CHALLENGE/DAILY_DESTROY_VEHICLE_ESCAPE_VEHICLES,CHALLENGE/DAILY_DESTROY_VEHICLE_ESCAPE_VEHICLES_DESC,3,2500,,2,,,,,6,,,
2718,iw9_ch_daily_complete_heli_escort_one_chopper,CHALLENGE/DAILY_COMPLETE_HELI_ESCORT_ONE_CHOPPER,CHALLENGE/DAILY_COMPLETE_HELI_ESCORT_ONE_CHOPPER_DESC,1,0,,6,,,,,6,,,
2614,iw9_ch_daily_complete_mission_no_down_cp,CHALLENGE/DAILY_COMPLETE_MISSION_NO_DOWN_CP,CHALLENGE/DAILY_COMPLETE_MISSION_NO_DOWN_CP_DESC,1,0,,6,,,,,7,,,
8874,iw9_ch_daily_complete_mission_denied_area_three_stars,CHALLENGE/REWARD_MISSION_COMPLETE_DENIED_AREA_THREE_STARS,CHALLENGE/REWARD_MISSION_COMPLETE_DENIED_AREA_THREE_STARS_DESC,1,0,,6,,,,,5,,,
8876,iw9_ch_daily_complete_mission_defender_mt_zaya_three_stars,CHALLENGE/REWARD_MISSION_COMPLETE_DEFENDER_MT_ZAYA_THREE_STARS,CHALLENGE/REWARD_MISSION_COMPLETE_DEFENDER_MT_ZAYA_THREE_STARS_DESC,1,0,,6,,,,,5,,,
8878,iw9_ch_daily_complete_mission_high_ground_three_stars,CHALLENGE/REWARD_MISSION_COMPLETE_HIGH_GROUND_THREE_STARS,CHALLENGE/REWARD_MISSION_COMPLETE_HIGH_GROUND_THREE_STARS_DESC,1,0,,6,,,,,5,,,
8880,iw9_ch_daily_complete_mission_low_profile_three_stars,CHALLENGE/REWARD_MISSION_COMPLETE_LOW_PROFILE_THREE_STARS,CHALLENGE/REWARD_MISSION_COMPLETE_LOW_PROFILE_THREE_STARS_DESC,1,0,,6,,,,,5,,,
116,iw9_ch_daily_complete_mission_three_stars_cp,CHALLENGE/DAILY_COMPLETE_MISSION_THREE_STARS_CP,CHALLENGE/DAILY_COMPLETE_MISSION_THREE_STARS_CP_DESC,1,0,,6,,,,,8,,,
4120,iw9_ch_daily_complete_mission_no_revive_heli_escort,CHALLENGE/DAILY_COMPLETE_MISSION_NO_REVIVE_HELI_ESCORT,CHALLENGE/DAILY_COMPLETE_MISSION_NO_REVIVE_HELI_ESCORT_DESC,1,0,,6,,,,,9,,,
7632,iw9_ch_daily_purchase_armor_bundle,CHALLENGE/DAILY_PURCHASE_ARMOR_BUNDLE,CHALLENGE/DAILY_PURCHASE_ARMOR_BUNDLE_DESC,1,2500,,2,,,,,7,,,
7635,iw9_ch_daily_use_loadout_crate_cp,CHALLENGE/DAILY_USE_LOADOUT_CRATE_CP,CHALLENGE/DAILY_USE_LOADOUT_CRATE_CP_DESC,1,2500,,2,,,,,8,,,
7631,iw9_ch_daily_snapshot_pulse_outline,CHALLENGE/DAILY_SNAPSHOT_PULSE_OUTLINE,CHALLENGE/DAILY_SNAPSHOT_PULSE_OUTLINE_DESC,5,2500,,3,,,,,6,,,
7637,iw9_ch_daily_hack_equipment,CHALLENGE/DAILY_HACK_EQUIPMENT,CHALLENGE/DAILY_HACK_EQUIPMENT_DESC,3,2500,,3,,,,,7,,,
7633,iw9_ch_daily_fill_plates,CHALLENGE/DAILY_FILL_PLATES,CHALLENGE/DAILY_FILL_PLATES_DESC,3,2500,,3,,,,,8,,,
7630,iw9_ch_daily_destroy_chopper_with_cruise,CHALLENGE/DAILY_DESTROY_CHOPPER_WITH_CRUISE,CHALLENGE/DAILY_DESTROY_CHOPPER_WITH_CRUISE_DESC,1,0,,6,,,,,10,,,
7629,iw9_ch_daily_destroy_chopper_with_mgl,CHALLENGE/DAILY_DESTROY_CHOPPER_WITH_MGL,CHALLENGE/DAILY_DESTROY_CHOPPER_WITH_MGL_DESC,1,0,,6,,,,,11,,,
7634,iw9_ch_daily_complete_mission_no_down_defender,CHALLENGE/DAILY_COMPLETE_MISSION_NO_DOWN_DEFENDER,CHALLENGE/DAILY_COMPLETE_MISSION_NO_DOWN_DEFENDER_DESC,1,0,,6,,,,,12,,,
7636,iw9_ch_daily_complete_wave_6_defender_no_bomb,CHALLENGE/DAILY_COMPLETE_WAVE_6_DEFENDER_NO_BOMB,CHALLENGE/DAILY_COMPLETE_WAVE_6_DEFENDER_NO_BOMB_DESC,1,0,,6,,,,,13,,,
7769,iw9_ch_daily_kill_with_assault_suit,CHALLENGE/DAILY_KILL_WITH_ASSAULT_SUIT,CHALLENGE/DAILY_KILL_WITH_ASSAULT_SUIT_DESC,10,2500,,3,,,,,9,,,
7771,iw9_ch_daily_kill_with_sentry_gun,CHALLENGE/DAILY_KILL_WITH_SENTRY_GUN,CHALLENGE/DAILY_KILL_WITH_SENTRY_GUN_DESC,25,2500,,3,,,,,10,,,
7773,iw9_ch_daily_kill_while_leaning_out_of_vehicle,CHALLENGE/DAILY_KILL_WHILE_LEANING_OUT_OF_VEHICLE,CHALLENGE/DAILY_KILL_WHILE_LEANING_OUT_OF_VEHICLE_DESC,3,2500,,1,,,,,2,,,
7775,iw9_ch_daily_kill_jugg_with_drill_charge,CHALLENGE/DAILY_KILL_JUGG_WITH_DRILL_CHARGE,CHALLENGE/DAILY_KILL_JUGG_WITH_DRILL_CHARGE_DESC,1,0,,6,,,,,14,,,
7777,iw9_ch_daily_kill_while_wearing_full_armor,CHALLENGE/DAILY_KILL_WHILE_WEARING_FULL_ARMOR,CHALLENGE/DAILY_KILL_WHILE_WEARING_FULL_ARMOR_DESC,15,2500,,1,,,,,3,,,
7779,iw9_ch_daily_melee_kills,CHALLENGE/DAILY_MELEE_KILLS,CHALLENGE/DAILY_MELEE_KILLS_DESC,5,2500,,1,,,,,4,,,
7781,iw9_ch_daily_pistol_kills,CHALLENGE/DAILY_PISTOL_KILLS,CHALLENGE/DAILY_PISTOL_KILLS_DESC,15,2500,,1,,,,,5,,,
7783,iw9_ch_daily_execution_kills,CHALLENGE/DAILY_EXECUTION_KILLS,CHALLENGE/DAILY_EXECUTION_KILLS_DESC,5,2500,,1,,,,,6,,,
7785,iw9_ch_daily_throwing_knife_kills,CHALLENGE/DAILY_THROWING_KNIFE_KILLS,CHALLENGE/DAILY_THROWING_KNIFE_KILLS_DESC,20,2500,,2,,,,,9,,,
7787,iw9_ch_daily_cluster_mine_kills,CHALLENGE/DAILY_CLUSTER_MINE_KILLS,CHALLENGE/DAILY_CLUSTER_MINE_KILLS_DESC,4,2500,,3,,,,,11,,,
7791,iw9_ch_daily_delta_squad_assists,CHALLENGE/DAILY_DELTA_SQUAD_ASSISTS,CHALLENGE/DAILY_DELTA_SQUAD_ASSISTS_DESC,50,2500,,3,,,,,12,,,
7793,iw9_ch_daily_bomb_drone_kills,CHALLENGE/DAILY_BOMB_DRONE_KILLS,CHALLENGE/DAILY_BOMB_DRONE_KILLS_DESC,3,2500,,3,,,,,13,,,
7797,iw9_ch_daily_vehicle_surf_kills,CHALLENGE/DAILY_VEHICLE_SURF_KILLS,CHALLENGE/DAILY_VEHICLE_SURF_KILLS_DESC,5,2500,,1,,,,,7,,,
7799,iw9_ch_daily_third_person_kills,CHALLENGE/DAILY_THIRD_PERSON_KILLS,CHALLENGE/DAILY_THIRD_PERSON_KILLS_DESC,30,2500,,1,,,,,8,,,
7803,iw9_ch_daily_third_person_ledge_hang_kills,CHALLENGE/DAILY_THIRD_PERSON_LEDGE_HANG_KILLS,CHALLENGE/DAILY_THIRD_PERSON_LEDGE_HANG_KILLS_DESC,10,2500,,2,,,,,10,,,
7805,iw9_ch_daily_third_person_throwing_knife_kills,CHALLENGE/DAILY_THIRD_PERSON_THROWING_KNIFE_KILLS,CHALLENGE/DAILY_THIRD_PERSON_THROWING_KNIFE_KILLS_DESC,5,2500,,2,,,,,11,,,
