team_0,MP/TEAM_0_NAME,multi_team_icon_0,headicon_rangers,0.67f,0.05f,0.08f
team_1,MP/TEAM_1_NAME,multi_team_icon_0,headicon_rangers,0.96f,0.58f,0.11f
team_2,MP/TEAM_2_NAME,multi_team_icon_0,headicon_rangers,1.00f,0.94f,0.00f
team_3,MP/TEAM_3_NAME,multi_team_icon_0,headicon_rangers,0.00f,0.44f,0.74f
team_4,MP/TEAM_4_NAME,multi_team_icon_0,headicon_rangers,0.00f,0.73f,0.93f
team_5,MP/TEAM_5_NAME,multi_team_icon_0,headicon_rangers,0.56f,0.25f,0.59f
team_6,MP/TEAM_6_NAME,multi_team_icon_0,headicon_rangers,0.93f,0.37f,0.62f
team_7,MP/TEAM_7_NAME,multi_team_icon_0,headicon_rangers,0.50f,0.50f,0.50f
team_8,MP/TEAM_8_NAME,multi_team_icon_0,headicon_rangers,0.05f,0.69f,0.29f
