choose,2,,,,,
zone,mp_stronghold_test_area_02,fortress,mp/loot/br/default/strongholds/lootset_stronghold_high.csv,mp/loot/br/default/strongholds/lootset_cache_spawns_stronghold.csv,,#Zone, high tier
zone,mp_stronghold_test_area_04,fortress,mp/loot/br/default/strongholds/lootset_stronghold_high.csv,mp/loot/br/default/strongholds/lootset_cache_spawns_stronghold.csv,,#Zone, high tier
choose,1,,,,,
zone,mp_stronghold_test_area_01,fortress,mp/loot/br/default/strongholds/lootset_stronghold_high.csv,mp/loot/br/default/strongholds/lootset_cache_spawns_stronghold.csv,,#Zone, high tier
choose,1,,,,,
zone,mp_stronghold_test_area_03,fortress,mp/loot/br/default/strongholds/lootset_stronghold_black.csv,mp/loot/br/default/strongholds/lootset_cache_spawns_blacksite.csv,,#Zone, blacksite
