1,7269,iw9_battlemap_token_purchase_1
2,7360,iw9_battlemap_token_purchase_2
3,7321,iw9_battlemap_token_purchase_3
4,7285,iw9_battlemap_token_purchase_4
5,7318,iw9_battlemap_token_purchase_5
6,7359,iw9_battlemap_token_purchase_6
7,7349,iw9_battlemap_token_purchase_7
8,7279,iw9_battlemap_token_purchase_8
9,7365,iw9_battlemap_token_purchase_9
10,7353,iw9_battlemap_token_purchase_10
11,7288,iw9_battlemap_token_purchase_11
12,7312,iw9_battlemap_token_purchase_12
13,7333,iw9_battlemap_token_purchase_13
14,7275,iw9_battlemap_token_purchase_14
15,7356,iw9_battlemap_token_purchase_15
16,7270,iw9_battlemap_token_purchase_16
17,7319,iw9_battlemap_token_purchase_17
18,7268,iw9_battlemap_token_purchase_18
19,7336,iw9_battlemap_token_purchase_19
20,7330,iw9_battlemap_token_purchase_20
21,7342,iw9_battlemap_token_purchase_21
22,7281,iw9_battlemap_token_purchase_22
23,7296,iw9_battlemap_token_purchase_23
24,7341,iw9_battlemap_token_purchase_24
25,7364,iw9_battlemap_token_purchase_25
26,7274,iw9_battlemap_token_purchase_26
27,7300,iw9_battlemap_token_purchase_27
28,7357,iw9_battlemap_token_purchase_28
29,7327,iw9_battlemap_token_purchase_29
30,7291,iw9_battlemap_token_purchase_30
31,7324,iw9_battlemap_token_purchase_31
32,7314,iw9_battlemap_token_purchase_32
33,7301,iw9_battlemap_token_purchase_33
34,7329,iw9_battlemap_token_purchase_34
35,7325,iw9_battlemap_token_purchase_35
36,7361,iw9_battlemap_token_purchase_36
37,7332,iw9_battlemap_token_purchase_37
38,7286,iw9_battlemap_token_purchase_38
39,7326,iw9_battlemap_token_purchase_39
40,7344,iw9_battlemap_token_purchase_40
41,7334,iw9_battlemap_token_purchase_41
42,7277,iw9_battlemap_token_purchase_42
43,7272,iw9_battlemap_token_purchase_43
44,7297,iw9_battlemap_token_purchase_44
45,7293,iw9_battlemap_token_purchase_45
46,7346,iw9_battlemap_token_purchase_46
47,7287,iw9_battlemap_token_purchase_47
48,7350,iw9_battlemap_token_purchase_48
49,7354,iw9_battlemap_token_purchase_49
50,7298,iw9_battlemap_token_purchase_50
51,7284,iw9_battlemap_token_purchase_51
52,7271,iw9_battlemap_token_purchase_52
53,7273,iw9_battlemap_token_purchase_53
54,7320,iw9_battlemap_token_purchase_54
55,7313,iw9_battlemap_token_purchase_55
56,7323,iw9_battlemap_token_purchase_56
57,7299,iw9_battlemap_token_purchase_57
58,7337,iw9_battlemap_token_purchase_58
59,7335,iw9_battlemap_token_purchase_59
60,7343,iw9_battlemap_token_purchase_60
61,7315,iw9_battlemap_token_purchase_61
62,7317,iw9_battlemap_token_purchase_62
63,7331,iw9_battlemap_token_purchase_63
64,7266,iw9_battlemap_token_purchase_64
65,7283,iw9_battlemap_token_purchase_65
66,7362,iw9_battlemap_token_purchase_66
67,7363,iw9_battlemap_token_purchase_67
68,7311,iw9_battlemap_token_purchase_68
69,7292,iw9_battlemap_token_purchase_69
70,7305,iw9_battlemap_token_purchase_70
71,7267,iw9_battlemap_token_purchase_71
72,7310,iw9_battlemap_token_purchase_72
73,7351,iw9_battlemap_token_purchase_73
74,7282,iw9_battlemap_token_purchase_74
75,7289,iw9_battlemap_token_purchase_75
76,7316,iw9_battlemap_token_purchase_76
77,7290,iw9_battlemap_token_purchase_77
78,7355,iw9_battlemap_token_purchase_78
79,7295,iw9_battlemap_token_purchase_79
80,7348,iw9_battlemap_token_purchase_80
81,7345,iw9_battlemap_token_purchase_81
82,7338,iw9_battlemap_token_purchase_82
83,7302,iw9_battlemap_token_purchase_83
84,7340,iw9_battlemap_token_purchase_84
85,7358,iw9_battlemap_token_purchase_85
86,7339,iw9_battlemap_token_purchase_86
87,7306,iw9_battlemap_token_purchase_87
88,7276,iw9_battlemap_token_purchase_88
89,7308,iw9_battlemap_token_purchase_89
90,7303,iw9_battlemap_token_purchase_90
91,7304,iw9_battlemap_token_purchase_91
92,7307,iw9_battlemap_token_purchase_92
93,7322,iw9_battlemap_token_purchase_93
94,7328,iw9_battlemap_token_purchase_94
95,7294,iw9_battlemap_token_purchase_95
96,7278,iw9_battlemap_token_purchase_96
97,7347,iw9_battlemap_token_purchase_97
98,7280,iw9_battlemap_token_purchase_98
99,7352,iw9_battlemap_token_purchase_99
100,7309,iw9_battlemap_token_purchase_100
