0,_dummy_item_do_not_use,special,_dummy_item_do_not_use,200,MP_BR_INGAME/MISSION_TIMEDRUN_1_DESC,MP_BR_INGAME/MISSION_TIMEDRUN_1_DESC,icon_ping_default_arrow,3,MP_INGAME_ONLY/ITEM_TYPE_EQUIPMENT,50,,,0,
1,aiJugg,special,ai_jugg,200,LUA_MENU_MP/RISK_AI_JUGG,LUA_MENU_MP/RISK_AI_JUGG_DESC,ui_mp_br_loot_icon_truckwar_repair,1,LUA_MENU_MP/KIOSK_TAB_RISK_UPGRADE,50,,,0,
2,airdrop,killstreak,airdrop,330,KILLSTREAKS/AIRDROP,KILLSTREAKS/AIRDROP_DESC,hud_icon_killstreak_carepackage,4,MP_INGAME_ONLY/ITEM_TYPE_KILLSTREAK,50,,,0,
3,airdropMultiple,killstreak,airdrop_multiple,480,KILLSTREAKS/AIRDROP_MULTIPLE,KILLSTREAKS/AIRDROP_MULTIPLE_DESC,hud_icon_killstreak_emergency_airdrop,4,MP_INGAME_ONLY/ITEM_TYPE_KILLSTREAK,50,,,0,
4,aiSquad,special,ai_squad,200,LUA_MENU_MP/RISK_AI_SQUAD,LUA_MENU_MP/RISK_AI_SQUAD_DESC,ui_mp_br_loot_icon_truckwar_repair,1,LUA_MENU_MP/KIOSK_TAB_RISK_UPGRADE,50,,,0,
5,akilo47Comm,weapon,brloot_weapon_ar_akilo_comm,999,WEAPON/AR_AKILO47,WEAPON/AR_AKILO47,ui_loot_weapon_ar_akilo47,1,LOOT_MP/ITEM_TYPE_WEAPON,50,1047,,0,
6,alpha50Leg,weapon,brloot_weapon_sn_alpha50_lege,999,WEAPON/SN_ALPHA50_V17,WEAPON/SN_ALPHA50_V17,icon_weapon_sn_alpha50,1,LOOT_MP/ITEM_TYPE_WEAPON,50,419,,0,
7,ammoDepot,special,ammo_depot,200,LUA_MENU_MP/AMMO_DEPOT,LUA_MENU_MP/AMMO_DEPOT_DESC,ui_mp_br_loot_icon_truckwar_trophy,1,LUA_MENU_MP/KIOSK_TAB_RISK_UPGRADE,50,,,0,
8,ammoDrop,fieldupgrade,super_ammo_drop,200,MP_BR_INGAME/KIOSK_ITEM_AMMO_REFILL,MP_BR_INGAME/KIOSK_ITEM_AMMO_REFILL_DESC,hud_icon_fieldupgrade_ammo_box,1,MP_BR_INGAME/ITEM_TYPE_SUPER,50,9230,,0,
9,armor,special,armor,40,MP_INGAME_ONLY/KIOSK_ITEM_ARMOR_PLATE,MP_INGAME_ONLY/KIOSK_ITEM_ARMOR_PLATE_DESC,hud_icon_loot_armor_plate,1,MP_INGAME_ONLY/ITEM_TYPE_HEALTH,50,8372,,0,
10,armor_plate_instant,special,armor_plate_instant,50,MP_INGAME_ONLY/KIOSK_ITEM_ARMOR_PLATE_INSTANT,MP_INGAME_ONLY/KIOSK_ITEM_ARMOR_PLATE_INSTANT_DESC,hud_icon_loot_armor_plate,1,MP_INGAME_ONLY/ITEM_TYPE_HEALTH,50,8372,,0,
11,armorBundle,special,armor_bundle,200,MP_BR_INGAME/KIOSK_ITEM_ARMOR_PLACE_BUNDLE,MP_BR_INGAME/KIOSK_ITEM_ARMOR_PLATE_BUNDLE_DESC,hud_icon_loot_armor_plates_triple,1,MP_BR_INGAME/ITEM_TYPE_HEALTH,50,8372,,0,
12,armorDrop,fieldupgrade,super_armor_drop,200,MP_BR_INGAME/KIOSK_ITEM_ARMOR_REFILL,MP_BR_INGAME/KIOSK_ITEM_ARMOR_REFILL_DESC,hud_icon_fieldupgrade_armor_box,1,MP_BR_INGAME/ITEM_TYPE_SUPER,50,9224,,0,
13,assaultDrone,killstreak,assault_drone,400,KILLSTREAKS/ASSAULT_DRONE,KILLSTREAKS/ASSAULT_DRONE_DESC,hud_icon_killstreak_drone_bomb,4,MP_INGAME_ONLY/ITEM_TYPE_KILLSTREAK,50,9153,,0,
14,augolfComm,weapon,brloot_weapon_ar_augolf_comm,999,WEAPON/SM_AUGOLF,WEAPON/SM_AUGOLF,icon_weapon_sm_augolf,1,LOOT_MP/ITEM_TYPE_WEAPON,50,1052,,0,
15,autoDrone,killstreak,auto_drone,330,KILLSTREAKS/AUTO_DRONE,KILLSTREAKS/AUTO_DRONE_DESC,hud_icon_killstreak_auto_drone,4,MP_INGAME_ONLY/ITEM_TYPE_KILLSTREAK,50,,,0,
16,charlie725Leg,weapon,brloot_weapon_sh_charlie725_lege,999,WEAPON/SH_CHARLIE725_V24,WEAPON/SH_CHARLIE725_V24,icon_weapon_sh_charlie725,1,LOOT_MP/ITEM_TYPE_WEAPON,50,1057,,0,
17,chopperGunner,killstreak,chopper_gunner,400,KILLSTREAKS/CHOPPER_GUNNER,KILLSTREAKS/CHOPPER_GUNNER_DESC,hud_icon_killstreak_chopper_gunner,4,MP_INGAME_ONLY/ITEM_TYPE_KILLSTREAK,50,,,0,
18,circlePick,special,circle_pick,200,MP_BR_INGAME/KIOSK_ITEM_CIRCLE,MP_BR_INGAME/KIOSK_ITEM_CIRCLE_DESC,ui_mp_br_mission_reward_circle,1,MP_BR_INGAME/ITEM_TYPE_KILLSTREAK,50,,,0,
19,clusterSpike,killstreak,cluster_spike,330,KILLSTREAKS/CLUSTER_SPIKE,KILLSTREAKS/CLUSTER_SPIKE_DESC,hud_icon_killstreak_clusterspike,4,MP_INGAME_ONLY/ITEM_TYPE_KILLSTREAK,50,27327,,0,
20,cp_sentry,special,cp_sentry,200,LUA_MENU_MP/RISK_SENTRY_TURRET,LUA_MENU_MP/RISK_SENTRY_TURRET_DESC,hud_icon_minimap_killstreak_sentry,1,MP_INGAME_ONLY/ITEM_TYPE_EQUIPMENT,50,,,0,
21,cranked,special,cranked,200,LUA_MENU/CRANKED,MP_INGAME_ONLY/KIOSK_ITEM_CRANKED_DESC,hud_icon_cranked,1,MP_INGAME_ONLY/ITEM_TYPE_HEALTH,50,,,0,
22,cruisePredator,killstreak,cruise_predator,575,KILLSTREAKS/CRUISE_PREDATOR,KILLSTREAKS/CRUISE_PREDATOR_DESC,hud_icon_killstreak_cruise_missile,4,MP_INGAME_ONLY/ITEM_TYPE_KILLSTREAK,50,,,0,
23,customLoadout,loadout_custom,loadout_custom,800,,,,,,50,,,0,
24,defArmorT1,special,defense_spawn_armor_tier_1,200,LUA_MENU_MP/UPGRADE_DEF_ARMOR_T1,LUA_MENU_MP/UPGRADE_DEF_ARMOR_T1_DESC,hud_icon_loot_armor_plate,1,LUA_MENU_MP/KIOSK_TAB_RISK_UPGRADE,50,,,0,
25,defArmorT2,special,defense_spawn_armor_tier_2,200,LUA_MENU_MP/UPGRADE_DEF_ARMOR_T2,LUA_MENU_MP/UPGRADE_DEF_ARMOR_T2_DESC,hud_icon_loot_armor_plate,1,LUA_MENU_MP/KIOSK_TAB_RISK_UPGRADE,50,,,0,
26,defaultLoadout,loadout_default,loadout_default,800,,,,,,50,,,0,
27,defPlateT1,special,defense_spawn_plate_tier_1,200,LUA_MENU_MP/UPGRADE_DEF_PLATE_T1,LUA_MENU_MP/UPGRADE_DEF_PLATE_T1_DESC,hud_icon_loot_armor_plate,1,LUA_MENU_MP/KIOSK_TAB_RISK_UPGRADE,50,,,0,
28,defPlateT2,special,defense_spawn_plate_tier_2,200,LUA_MENU_MP/UPGRADE_DEF_PLATE_T2,LUA_MENU_MP/UPGRADE_DEF_PLATE_T2_DESC,hud_icon_loot_armor_plate,1,LUA_MENU_MP/KIOSK_TAB_RISK_UPGRADE,50,,,0,
29,deployMinefield,special,deploy_minefield,200,LUA_MENU_MP/RISK_MINEFIELD,LUA_MENU_MP/RISK_MINEFIELD_DESC,ui_mp_br_loot_icon_truckwar_redeploy,1,LUA_MENU_MP/KIOSK_TAB_RISK_UPGRADE,50,,,0,
30,directionalUAV,killstreak,directional_uav,480,KILLSTREAKS/DIRECTIONAL_UAV,KILLSTREAKS/DIRECTIONAL_UAV_DESC,hud_icon_killstreak_auav,4,MP_INGAME_ONLY/ITEM_TYPE_KILLSTREAK,50,27339,,0,
31,dom_gulag_key,special,loot_key_gulag,200,MP_BR_INGAME/GULAG_KEY_NAME,MP_BR_INGAME/GULAG_KEY_DESC,hud_icon_loot_key_fortress,3,MP_INGAME_ONLY/ITEM_TYPE_EQUIPMENT,50,8457,,0,
32,fuelAirstrike,killstreak,fuel_airstrike,400,KILLSTREAKS/FUEL_AIRSTRIKE,KILLSTREAKS/FUEL_AIRSTRIKE_DESC,hud_icon_killstreak_fuel_airstrike,4,MP_INGAME_ONLY/ITEM_TYPE_KILLSTREAK,50,,,0,
33,fulton,fieldupgrade,super_fulton,200,MP_BR_INGAME/KIOSK_ITEM_AMMO_REFILL,MP_BR_INGAME/KIOSK_ITEM_AMMO_REFILL_DESC,,1,MP_BR_INGAME/ITEM_TYPE_SUPER,50,9227,,0,
34,gasMask,special,gas_mask,200,MP/BR_GASMASK,MP/BR_GASMASK_DESC,hud_icon_equipment_gas_mask,1,MP_BR_INGAME/ITEM_TYPE_GEAR,50,8400,,0,
35,gasMaskMobile,special,gas_mask_mobile,200,MP/BR_GASMASK,MP/BR_GASMASK_DESC,hud_icon_equipment_gas_mask,1,MP_BR_INGAME/ITEM_TYPE_GEAR,50,8400,,0,
36,gunshipStreak,killstreak,gunship,400,KILLSTREAKS/AC130,KILLSTREAKS/AC130_DESC,hud_icon_killstreak_gunship,4,MP_INGAME_ONLY/ITEM_TYPE_KILLSTREAK,50,,,0,
37,hoverJet,killstreak,hover_jet,400,KILLSTREAKS/HOVER_JET,KILLSTREAKS/HOVER_JET_DESC,hud_icon_killstreak_hover_jet,4,MP_INGAME_ONLY/ITEM_TYPE_KILLSTREAK,50,,,0,
38,jltvMgSpawn,special,veh9_jltv_mg,200,MP_BR_INGAME/JLTV_MG_SPAWN,MP_BR_INGAME/JLTV_MG_SPAWN_DESC,hud_icon_vehicle_jltv_mg,1,MP_BR_INGAME/ITEM_TYPE_VEHICLE,50,35266,,0,
39,juggStreak,killstreak,juggernaut,400,KILLSTREAKS/JUGGERNAUT,KILLSTREAKS/JUGGERNAUT_DESC,hud_icon_killstreak_juggernaut,4,MP_INGAME_ONLY/ITEM_TYPE_KILLSTREAK,50,9176,,0,
40,longerCaptureTime,special,longer_capture_time,200,LUA_MENU_MP/RISK_LONGER_CAPTURE,LUA_MENU_MP/RISK_LONGER_CAPTURE_DESC,ui_mp_br_loot_icon_truckwar_repair,1,LUA_MENU_MP/KIOSK_TAB_RISK_UPGRADE,50,,,0,
41,mkilo3Comm,weapon,brloot_weapon_lm_mkilo3_comm,999,WEAPON/LM_MKILO3,WEAPON/LM_MKILO3,icon_weapon_lm_mkilo3,1,LOOT_MP/ITEM_TYPE_WEAPON,50,1053,,0,
42,mpapa7Leg,weapon,brloot_weapon_sm_mpapa7_lege,999,WEAPON/SM_MPAPA7_V21,WEAPON/SM_MPAPA7_V21,icon_weapon_sm_mpapa7,1,LOOT_MP/ITEM_TYPE_WEAPON,50,1037,,0,
43,pacSentry,killstreak,pac_sentry,400,KILLSTREAKS/PAC_SENTRY,KILLSTREAKS/PAC_SENTRY_DESC,hud_icon_killstreak_wheelson,4,MP_INGAME_ONLY/ITEM_TYPE_KILLSTREAK,50,,,0,
44,precisionAirstrike,killstreak,precision_airstrike,400,KILLSTREAKS/PRECISION_AIRSTRIKE,KILLSTREAKS/PRECISION_AIRSTRIKE_DESC,hud_icon_killstreak_airstrike,4,MP_BR_INGAME/ITEM_TYPE_KILLSTREAK,50,27331,,0,
45,reconDrone,fieldupgrade,super_recon_drone,200,SUPER_MP/RECON_DRONE,SUPER_MP/RECON_DRONE_DESC,hud_icon_fieldupgrade_drone_recon,1,MP_BR_INGAME/ITEM_TYPE_SUPER,50,27275,,0,
46,redeploy,special,redeploy,200,MP_BR_INGAME/KIOSK_ITEM_REDEPLOY,MP_BR_INGAME/KIOSK_ITEM_REDEPLOY_DESC,hud_icon_loot_revive,1,MP_BR_INGAME/REDEPLOY,50,,,0,
47,researchUpgradeDefense,special,research_upgrade_defense,200,LUA_MENU_MP/UPGRADE_DEFENSE_STATION,LUA_MENU_MP/UPGRADE_DEFENSE_STATION_DESC,ui_mp_br_loot_icon_truckwar_radar,1,LUA_MENU_MP/KIOSK_TAB_RISK_UPGRADE,50,,,0,
48,researchUpgradeUAV,special,research_upgrade_uav,200,LUA_MENU_MP/UPGRADE_UAV_STATION,LUA_MENU_MP/UPGRADE_UAV_STATION_DESC,ui_mp_br_loot_icon_truckwar_radar,1,LUA_MENU_MP/KIOSK_TAB_RISK_UPGRADE,50,,,0,
49,researchUpgradeVehicle,special,research_upgrade_vehicle,200,LUA_MENU_MP/UPGRADE_VEHICLE_STATION,LUA_MENU_MP/UPGRADE_VEHICLE_STATION_DESC,ui_mp_br_loot_icon_truckwar_radar,1,LUA_MENU_MP/KIOSK_TAB_RISK_UPGRADE,50,,,0,
50,respawnToken,special,respawn_token,200,MP_BR_INGAME/RESPAWN_TOKEN_DMZ,MP_BR_INGAME/KIOSK_ITEM_RESPAWN_TOKEN_DMZ_DESC,hud_icon_loot_revive,2,MP_BR_INGAME/RESPAWN,50,,,0,
51,reviveToken,special,self_revive_token,200,MP_BR_INGAME/KIOSK_ITEM_SELF_REVIVE,MP_BR_INGAME/KIOSK_ITEM_SELF_REVIVE_DESC,hud_icon_loot_revive,1,MP_BR_INGAME/ITEM_TYPE_LAST_STAND,50,8548,,0,
52,reviveTokenMobile,special,self_revive_token_mobile,200,MP_BR_INGAME/KIOSK_ITEM_SELF_REVIVE,MP_BR_INGAME/KIOSK_ITEM_SELF_REVIVE_DESC,hud_icon_loot_revive,1,MP_BR_INGAME/ITEM_TYPE_LAST_STAND,50,8548,,0,
53,riskTurret,special,risk_turret,200,LUA_MENU_MP/RISK_SENTRY_TURRET,LUA_MENU_MP/RISK_SENTRY_TURRET_DESC,ui_mp_br_loot_icon_truckwar_radar,1,LUA_MENU_MP/KIOSK_TAB_RISK_UPGRADE,50,,,0,
54,romeo870Comm,weapon,brloot_weapon_sh_romeo870_comm,999,WEAPON/SH_ROMEO870,WEAPON/SH_ROMEO870,icon_weapon_sh_romeo870,1,LOOT_MP/ITEM_TYPE_WEAPON,50,37,,0,
55,sbetaLege,weapon,brloot_weapon_sn_sbeta_lege,999,WEAPON/SN_ALPHA50_V9,WEAPON/SN_ALPHA50_V9,ui_loot_weapon_sn_alpha50_v9,1,LOOT_MP/ITEM_TYPE_WEAPON,50,1062,,0,
56,scharlieLeg,weapon,brloot_weapon_ar_scharlie_rare,999,WEAPON/AR_SCHARLIE_V20,WEAPON/AR_SCHARLIE_V20,icon_weapon_ar_scharlie,1,LOOT_MP/ITEM_TYPE_WEAPON,50,1123,,0,
57,scramblerDrone,killstreak,scrambler_drone_guard,400,KILLSTREAKS/SCRAMBLER_DRONE,KILLSTREAKS/SCRAMBLER_DRONE_DESC,hud_icon_killstreak_cuav,4,MP_BR_INGAME/ITEM_TYPE_KILLSTREAK,50,9170,,0,
58,skydiveRedeploy,special,skydive_redeploy,200,LUA_MENU_MP/RISK_SKYDIVE_REDEPLOY,LUA_MENU_MP/RISK_SKYDIVE_REDEPLOY_DESC,hud_icon_loot_revive,1,MP_BR_INGAME/REDEPLOY,50,,,0,
59,specialty_covert_ops,perk,specialty_covert_ops,150,PERKS/COVERT_OPS,PERKS/COVERT_OPS_DESC,iw9_icon_perk_covert_ops,6,MP_INGAME_ONLY/ITEM_TYPE_PERK,50,,,0,
60,specialty_eod,perk,specialty_eod,150,PERKS/EOD,PERKS/EOD_DESC,iw9_icon_perk_eod,6,MP_INGAME_ONLY/ITEM_TYPE_PERK,50,,,0,
61,specialty_extra_shrapnel,perk,specialty_extra_shrapnel,150,PERKS/SHRAPNEL,PERKS/SHRAPNEL_DESC,iw9_icon_perk_shrapnel,6,MP_INGAME_ONLY/ITEM_TYPE_PERK,50,,,0,
62,specialty_extra_tactical,perk,specialty_extra_tactical,150,PERKS/EXTRA_TACTICAL,PERKS/EXTRA_TACTICAL_DESC,iw9_icon_perk_extra_tactical,6,MP_INGAME_ONLY/ITEM_TYPE_PERK,50,,,0,
63,specialty_focus,perk,specialty_focus,150,PERKS/FOCUS,PERKS/FOCUS_DESC,iw9_icon_perk_focus,6,MP_INGAME_ONLY/ITEM_TYPE_PERK,50,,,0,
64,specialty_grenade_expert,perk,specialty_grenade_expert,150,PERKS/GRENADE_EXPERT,PERKS/GRENADE_EXPERT_DESC,iw9_icon_perk_pitcher,6,MP_INGAME_ONLY/ITEM_TYPE_PERK,50,,,0,
65,specialty_guerrilla,perk,specialty_guerrilla,150,PERKS/GUERRILLA,PERKS/GUERRILLA_DESC,iw9_icon_perk_guerilla,6,MP_INGAME_ONLY/ITEM_TYPE_PERK,50,,,0,
66,specialty_hardline,perk,specialty_hardline,150,PERKS/HARDLINE,PERKS/DESC_HARDLINE,iw9_icon_perk_hardline,6,MP_INGAME_ONLY/ITEM_TYPE_PERK,50,,,0,
67,specialty_heavy_metal,perk,specialty_heavy_metal,150,PERKS/HEAVY_METAL,PERKS/HEAVY_METAL_DESC,iw9_icon_perk_heavy_metal,6,MP_INGAME_ONLY/ITEM_TYPE_PERK,50,,,0,
68,specialty_huntmaster,perk,specialty_huntmaster,150,PERKS/HUNTMASTER,PERKS/HUNTMASTER_DESC,iw9_icon_perk_tracker,6,MP_INGAME_ONLY/ITEM_TYPE_PERK,50,,,0,
69,specialty_hustle,perk,specialty_hustle,150,PERKS/HUSTLE,PERKS/HUSTLE_DESC,iw9_icon_perk_hustle,6,MP_INGAME_ONLY/ITEM_TYPE_PERK,50,,,0,
70,specialty_quick_fix,perk,specialty_quick_fix,150,PERKS/QUICK_FIX,PERKS/QUICK_FIX_DESC,iw9_icon_perk_quick_fix,6,MP_INGAME_ONLY/ITEM_TYPE_PERK,50,,,0,
71,specialty_restock,perk,specialty_restock,150,PERKS/RESTOCK,PERKS/RESTOCK_DESC,iw9_icon_perk_restock,6,MP_INGAME_ONLY/ITEM_TYPE_PERK,50,,,0,
72,specialty_scavenger_plus,perk,specialty_scavenger_plus,150,PERKS/SCAVENGER,PERKS/DESC_SCAVENGER,iw9_icon_perk_scavenger,6,MP_INGAME_ONLY/ITEM_TYPE_PERK,50,,,0,
73,specialty_strategist,perk,specialty_strategist,150,PERKS/STRATEGIST,PERKS/STRATEGIST_DESC,icon_perk_slot_pointman_ui,6,MP_INGAME_ONLY/ITEM_TYPE_PERK,50,,,0,
74,specialty_surveillance,perk,specialty_surveillance,150,PERKS/SURVEILLANCE,PERKS/SURVEILLANCE_DESC,iw9_icon_perk_surveillance,6,MP_INGAME_ONLY/ITEM_TYPE_PERK,50,,,0,
75,specialty_tac_resist,perk,specialty_tac_resist,150,PERKS/TAC_RESIST,PERKS/TAC_RESIST_DESC,iw9_icon_perk_tac_resist,6,MP_INGAME_ONLY/ITEM_TYPE_PERK,50,,,0,
76,specialty_tactical_recon,perk,specialty_tactical_recon,150,PERKS/TACTICAL_RECON,PERKS/TACTICAL_RECON_DESC,iw9_icon_perk_tactical_recon,6,MP_INGAME_ONLY/ITEM_TYPE_PERK,50,,,0,
77,specialty_third_person,perk,specialty_third_person,150,PERKS/THIRD_PERSON,PERKS/THIRD_PERSON_DESC,icon_perk_slot_third_person_ui,6,MP_INGAME_ONLY/ITEM_TYPE_PERK,50,,,0,
78,specialty_tune_up,perk,specialty_tune_up,150,PERKS/TUNE_UP,PERKS/TUNE_UP_DESC,iw9_icon_perk_tune_up,6,MP_INGAME_ONLY/ITEM_TYPE_PERK,50,,,0,
79,specialty_warhead,perk,specialty_warhead,150,PERKS/WARHEAD,PERKS/WARHEAD_DESC,iw9_icon_perk_warhead,6,MP_INGAME_ONLY/ITEM_TYPE_PERK,50,,,0,
80,super_ammo_drop,fieldupgrade,super_ammo_drop,200,EQUIPMENT/AMMO_DROP,EQUIPMENT/AMMO_DROP_DESC,hud_icon_fieldupgrade_ammo_box,3,MP_BR_INGAME/ITEM_TYPE_SUPER,50,27287,,0,
81,super_armor_drop,fieldupgrade,super_armor_drop,200,EQUIPMENT/ARMOR_DROP,EQUIPMENT/ARMOR_DROP_DESC,hud_icon_fieldupgrade_armor_box,3,MP_BR_INGAME/ITEM_TYPE_SUPER,50,27290,,0,
82,super_balloon_extract,fieldupgrade,super_balloon_extract,200,SUPER_MP/BALLOON_EXTRACT,SUPER_MP/BR_BALLOON_EXTRACT_DESC,ui_mp_br_loot_icon_plunder_extract_balloon,1,MP_BR_INGAME/ITEM_TYPE_SUPER,50,9240,,0,
83,super_battlerage,equipment,equip_battlerage,290,EQUIPMENT/BATTLE_RAGE,EQUIPMENT/BATTLE_RAGE_DESC,hud_icon_fieldupgrade_battle_rage,3,MP_BR_INGAME/ITEM_TYPE_SUPER,50,27294,,0,
84,super_blastshield_drop,fieldupgrade,super_blastshield_drop,165,SUPER_MP/BLASTSHIELD_DROP,SUPER_MP/BLASTSHIELD_DROP_DESC,hud_icon_equipment_blastshield_box,3,MP_BR_INGAME/ITEM_TYPE_SUPER,50,,,0,
85,super_deadsilence,fieldupgrade,super_deadsilence,290,SUPER_MP/DEADSILENCE,SUPER_MP/DEADSILENCE_DESC,hud_icon_fieldupgrade_deadsilence,3,MP_BR_INGAME/ITEM_TYPE_SUPER,50,27286,,0,
86,super_emp_pulse,fieldupgrade,super_emp_pulse,200,SUPER_MP/DDOS,SUPER_MP/DDOS_DESC,hud_icon_fieldupgrade_emp,3,MP_BR_INGAME/ITEM_TYPE_SUPER,50,27297,,0,
87,super_recon_drone,fieldupgrade,super_recon_drone,200,SUPER_MP/RECON_DRONE,SUPER_MP/RECON_DRONE_DESC,hud_icon_fieldupgrade_drone_recon,3,MP_BR_INGAME/ITEM_TYPE_SUPER,50,27275,,0,
88,super_sonar_pulse,fieldupgrade,super_sonar_pulse,140,SUPER_MP/SONAR_PULSE,SUPER_MP/SONAR_PULSE_DESC,hud_icon_fieldupgrade_sonar_pulse,3,MP_BR_INGAME/ITEM_TYPE_SUPER,50,27305,,0,
89,super_sound_veil,fieldupgrade,super_sound_veil,200,SUPER_MP/SOUND_VEIL,SUPER_MP/SOUND_VEIL_DESC,hud_icon_fieldupgrade_sound_veil,3,MP_BR_INGAME/ITEM_TYPE_SUPER,50,27304,,0,
90,super_stimpistol,fieldupgrade,super_stimpistol,240,WEAPON/PI_STIMPISTOL,PERKS/PI_STIMPISTOL,hud_icon_fieldupgrade_stim_pistol,3,MP_BR_INGAME/ITEM_TYPE_SUPER,50,27301,,0,
91,super_suppression_rounds,fieldupgrade,super_suppression_rounds,240,SUPER_MP/SUPPRESSION_ROUNDS,SUPER_MP/SUPPRESSION_ROUNDS_DESC,hud_icon_fieldupgrade_apr,3,MP_BR_INGAME/ITEM_TYPE_SUPER,50,9243,,0,
92,super_tac_camera,fieldupgrade,super_tac_camera,165,EQUIPMENT/TAC_CAMERA,EQUIPMENT/TAC_CAMERA_DESC,hud_icon_fieldupgrade_tac_cam,3,MP_BR_INGAME/ITEM_TYPE_SUPER,50,27293,,0,
93,super_tac_cover,fieldupgrade,super_tac_cover,165,EQUIPMENT/TACTICAL_COVER,EQUIPMENT/TACTICAL_COVER_DESC,hud_icon_equipment_tac_cover,3,MP_BR_INGAME/ITEM_TYPE_SUPER,50,27271,,0,
94,super_tac_insert,fieldupgrade,super_tac_insert,240,SUPER_MP/TAC_INSERT,SUPER_MP/TAC_INSERT_DESC,hud_icon_fieldupgrade_tac_insert,3,MP_BR_INGAME/ITEM_TYPE_SUPER,50,,,0,
95,super_trophy,fieldupgrade,super_trophy,165,EQUIPMENT/TROPHY,EQUIPMENT/TROPHY_DESC,hud_icon_fieldupgrade_trophy,3,MP_BR_INGAME/ITEM_TYPE_SUPER,50,27272,,0,
96,super_weapon_drop,fieldupgrade,super_weapon_drop,200,SUPER_MP/WEAPON_DROP,SUPER_MP/WEAPON_DROP_DESC,hud_icon_fieldupgrade_weapon_drop,3,MP_BR_INGAME/ITEM_TYPE_SUPER,50,,,0,
97,supplyDrop,special,supply_drop,200,EQUIPMENT/ADVANCED_SUPPLY_DROP,EQUIPMENT/ADVANCED_SUPPLY_DROP_DESC,hud_icon_fieldupgrade_loadout_drop,1,MP_BR_INGAME/ITEM_TYPE_SUPER,50,9231,,0,
98,supportBox,fieldupgrade,super_support_box,200,MP_BR_INGAME/KIOSK_ITEM_AMMO_REFILL,MP_BR_INGAME/KIOSK_ITEM_AMMO_REFILL_DESC,,3,LOOT_MP/ITEM_TYPE_AMMO,50,,,0,
99,tacInsert,fieldupgrade,super_tac_insert,240,MP_BR_INGAME/KIOSK_ITEM_AMMO_REFILL,MP_BR_INGAME/KIOSK_ITEM_AMMO_REFILL_DESC,,3,MP_BR_INGAME/ITEM_TYPE_SUPER,50,,,0,
100,tacRover,vehicle,tac_rover,999,VEHICLES/TAC_ROVER,VEHICLES/TAC_ROVER_DESC,,5,MP_BR_INGAME/ITEM_TYPE_VEHICLE,50,,,0,
101,teamReviver,teamrevive,teamrevive,400,MP_BR_INGAME/KIOSK_ITEM_TEAM_REVIVE,MP_BR_INGAME/KIOSK_ITEM_TEAM_REVIVE_DESC,hud_icon_loot_revive,2,MP_BR_INGAME/REDEPLOY,50,16662,,0,
102,timerSkip,special,timer_skip,200,CP_WEAPON_BUY/SKIPTIMER,CP_WEAPON_BUY/SKIPTIMER_DESC,hud_icon_killstreak_death_switch,1,LUA_MENU_MP/KIOSK_TAB_RISK_UPGRADE,50,,,0,
103,tomaStrike,killstreak,toma_strike,575,KILLSTREAKS/TOMA_STRIKE,KILLSTREAKS/TOMA_STRIKE_DESC,hud_icon_killstreak_mortar_strike,4,MP_BR_INGAME/ITEM_TYPE_KILLSTREAK,50,27329,,0,
104,uavPing,special,uav_ping,200,LUA_MENU_MP/RISK_UAV_PING,LUA_MENU_MP/RISK_UAV_PING_DESC,ui_mp_br_loot_icon_truckwar_radar,1,LUA_MENU_MP/KIOSK_TAB_RISK_UPGRADE,50,,,0,
105,uavPingDuration,special,uav_ping_duration,200,LUA_MENU_MP/UPGRADE_UAV_DURATION,LUA_MENU_MP/UPGRADE_UAV_DURATION_DESC,ui_mp_br_loot_icon_truckwar_radar,1,LUA_MENU_MP/KIOSK_TAB_RISK_UPGRADE,50,,,0,
106,uavPingGlobal,special,uav_ping_global,200,LUA_MENU_MP/UPGRADE_UAV_GLOBAL,LUA_MENU_MP/UPGRADE_UAV_GLOBAL_DESC,ui_mp_br_loot_icon_truckwar_radar,1,LUA_MENU_MP/KIOSK_TAB_RISK_UPGRADE,50,,,0,
107,uavPingRadius,special,uav_ping_radius,200,LUA_MENU_MP/UPGRADE_UAV_RADIUS,LUA_MENU_MP/UPGRADE_UAV_RADIUS_DESC,ui_mp_br_loot_icon_truckwar_radar,1,LUA_MENU_MP/KIOSK_TAB_RISK_UPGRADE,50,,,0,
108,uavStreak,killstreak,uav,400,KILLSTREAKS/UAV,KILLSTREAKS/UAV_DESC,hud_icon_killstreak_uav,4,MP_BR_INGAME/ITEM_TYPE_KILLSTREAK,50,9145,,0,
109,vehAPCAmmo,special,vehicle_apc_improved_ammo,200,LUA_MENU_MP/UPGRADE_VEH_APC_AMMO,LUA_MENU_MP/UPGRADE_VEH_APC_AMMO_DESC,hud_icon_loot_armor_plate,1,LUA_MENU_MP/KIOSK_TAB_RISK_UPGRADE,50,,,0,
110,vehDefenseT1,special,vehicle_defense_tier_1,200,LUA_MENU_MP/UPGRADE_VEH_DEFENSE_T1,LUA_MENU_MP/UPGRADE_VEH_DEFENSE_T1_DESC,hud_icon_loot_armor_plate,1,LUA_MENU_MP/KIOSK_TAB_RISK_UPGRADE,50,,,0,
111,vehDefenseT2,special,vehicle_defense_tier_2,200,LUA_MENU_MP/UPGRADE_VEH_DEFENSE_T2,LUA_MENU_MP/UPGRADE_VEH_DEFENSE_T2_DESC,hud_icon_loot_armor_plate,1,LUA_MENU_MP/KIOSK_TAB_RISK_UPGRADE,50,,,0,
112,vehicleRefillTrophy,special,vehicle_refill_trophy,200,MP_BR_INGAME/VEHICLE_REFILL_TROPHY,MP_BR_INGAME/KIOSK_ITEM_VEHICLE_REFILL_TROPHY_DESC,ui_mp_br_loot_icon_truckwar_trophy,5,MP_BR_INGAME/ITEM_TYPE_VEHICLE,50,,,0,
113,vehicleRepair,special,vehicle_repair,200,MP_BR_INGAME/REPAIR_VEHICLE,MP_BR_INGAME/KIOSK_ITEM_REPAIR_VEHICLE_DESC,ui_mp_br_loot_icon_truckwar_repair,5,MP_BR_INGAME/ITEM_TYPE_VEHICLE,50,,,0,
114,vehicleReplace,special,vehicle_replace,200,MP_BR_INGAME/REPLACE_VEHICLE,MP_BR_INGAME/KIOSK_ITEM_REPLACE_VEHICLE_DESC,ui_mp_br_loot_icon_truckwar_redeploy,5,MP_BR_INGAME/ITEM_TYPE_VEHICLE,50,,,0,
115,vehicleUpgradeArmor,special,vehicle_upgrade_armor,200,MP_BR_INGAME/VEHICLE_UPGRADE_ARMOR,MP_BR_INGAME/KIOSK_ITEM_VEHICLE_UPGRADE_ARMOR_DESC,ui_mp_br_loot_icon_truckwar_armor,5,MP_BR_INGAME/ITEM_TYPE_VEHICLE,50,,,0,
116,vehicleUpgradeBarrel,special,vehicle_upgrade_barrel,200,MP_BR_INGAME/VEHICLE_UPGRADE_BARREL,MP_BR_INGAME/KIOSK_ITEM_VEHICLE_UPGRADE_BARREL_DESC,ui_mp_br_loot_icon_truckwar_barrel,5,MP_BR_INGAME/ITEM_TYPE_VEHICLE,50,,,0,
117,vehicleUpgradeTrophy,special,vehicle_upgrade_trophy,200,MP_BR_INGAME/VEHICLE_UPGRADE_TROPHY,MP_BR_INGAME/KIOSK_ITEM_VEHICLE_UPGRADE_TROPHY_DESC,ui_mp_br_loot_icon_truckwar_trophy,5,MP_BR_INGAME/ITEM_TYPE_VEHICLE,50,,,0,
118,vehicleUpgradeUAV,special,vehicle_upgrade_uav,200,MP_BR_INGAME/VEHICLE_UPGRADE_UAV,MP_BR_INGAME/KIOSK_ITEM_VEHICLE_UPGRADE_UAV_DESC,ui_mp_br_loot_icon_truckwar_radar,5,MP_BR_INGAME/ITEM_TYPE_VEHICLE,50,,,0,
119,brloot_armor_plate,special,armor_plate,40,EQUIPMENT/ARMOR_PLATE_BR,EQUIPMENT/ARMOR_PLATE_DESC_BR,hud_icon_loot_armor_plate,3,MP_INGAME_ONLY/ITEM_TYPE_EQUIPMENT,50,8372,,0,
120,brloot_backpack_large,special,brloot_backpack_large,240,MP/BR_BACKPACK_LARGE,MP/BR_BACKPACK_LARGE_DESC,hud_icon_loot_backpack_large,3,MP_INGAME_ONLY/ITEM_TYPE_EQUIPMENT,50,8545,,0,
121,brloot_backpack_medium,special,brloot_backpack_medium,165,MP/BR_BACKPACK_MEDIUM,MP/BR_BACKPACK_MEDIUM_DESC,hud_icon_loot_backpack_medium,3,MP_INGAME_ONLY/ITEM_TYPE_EQUIPMENT,50,8600,,0,
122,brloot_equip_gasmask,special,brloot_equip_gasmask,165,MP/BR_GASMASK,MP/BR_GASMASK_DESC,hud_icon_equipment_gas_mask,3,MP_INGAME_ONLY/ITEM_TYPE_EQUIPMENT,50,8400,,0,
123,brloot_equip_gasmask_durable,special,brloot_equip_gasmask_durable,290,MP/BR_GASMASK_DURABLE,MP/BR_GASMASK_DURABLE_DESC,hud_icon_equipment_gas_mask_durable,3,MP_INGAME_ONLY/ITEM_TYPE_EQUIPMENT,50,8590,,0,
124,brloot_health_adrenaline,equipment,equip_adrenaline,40,EQUIPMENT/ADRENALINE_BR,EQUIPMENT/ADRENALINE_DESC,hud_icon_equipment_stim,3,MP_INGAME_ONLY/ITEM_TYPE_EQUIPMENT,50,27268,,0,
125,brloot_killstreak_circle_peek,killstreak,circle_peek,240,KILLSTREAKS/CIRCLE_PEEK,KILLSTREAKS/CIRCLE_PEEK_DESC,hud_icon_killstreak_circle_peek,3,MP_BR_INGAME/ITEM_TYPE_KILLSTREAK,50,9152,,0,
126,brloot_killstreak_shieldturret,killstreak,manual_turret,400,KILLSTREAKS/MANUAL_TURRET,KILLSTREAKS/MANUAL_TURRET_DESC,hud_icon_killstreak_turret,3,MP_BR_INGAME/ITEM_TYPE_KILLSTREAK,50,,,0,
127,brloot_offhand_atmine,equipment,equip_at_mine,50,EQUIPMENT/ATMINE_BR,EQUIPMENT/AT_MINE_DESC,hud_icon_equipment_at_mine,3,MP_INGAME_ONLY/ITEM_TYPE_EQUIPMENT,50,27260,,0,
128,brloot_offhand_binoculars,equipment,equip_binoculars,60,EQUIPMENT/BINOCULARS,EQUIPMENT/BINOCULARS_DESC,hud_icon_equipment_spotter_scope,3,MP_INGAME_ONLY/ITEM_TYPE_EQUIPMENT,50,9087,,0,
129,brloot_offhand_c4,equipment,equip_c4,70,EQUIPMENT/C4,EQUIPMENT/C4_DESC,hud_icon_equipment_c4,3,MP_INGAME_ONLY/ITEM_TYPE_EQUIPMENT,50,27251,,0,
130,brloot_offhand_claymore,equipment,equip_claymore,70,EQUIPMENT/CLAYMORE_BR,EQUIPMENT/CLAYMORE_DESC,hud_icon_equipment_claymore,3,MP_INGAME_ONLY/ITEM_TYPE_EQUIPMENT,50,27250,,0,
131,brloot_offhand_concussion,equipment,equip_concussion,40,EQUIPMENT/CONCUSSION_BR,EQUIPMENT/CONCUSSION_DESC,hud_icon_equipment_stun,3,MP_INGAME_ONLY/ITEM_TYPE_EQUIPMENT,50,27263,,0,
132,brloot_offhand_decoy,equipment,equip_decoy,60,EQUIPMENT/DECOY_BR,EQUIPMENT/DECOY_DESC,hud_icon_equipment_decoy,3,MP_INGAME_ONLY/ITEM_TYPE_EQUIPMENT,50,27269,,0,
133,brloot_offhand_deployed_decoy,fieldupgrade,super_deployed_decoy,200,EQUIPMENT/DEPLOYED_DECOY,EQUIPMENT/DEPLOYED_DECOY_DESC,hud_icon_fieldupgrade_inflatable_decoy,3,MP_BR_INGAME/ITEM_TYPE_SUPER,50,27298,EQUIPMENT/DEPLOYED_DECOY_DESC_GAMEPAD,0,
134,brloot_offhand_flash,equipment,equip_flash,40,EQUIPMENT/FLASH_BR,EQUIPMENT/FLASH_DESC,hud_icon_equipment_flash,3,MP_INGAME_ONLY/ITEM_TYPE_EQUIPMENT,50,27262,,0,
135,brloot_offhand_frag,equipment,equip_frag,50,EQUIPMENT/FRAG_BR,EQUIPMENT/FRAG_DESC,hud_icon_equipment_frag,3,MP_INGAME_ONLY/ITEM_TYPE_EQUIPMENT,50,27087,,0,
136,brloot_offhand_gas,equipment,equip_gas_grenade,40,EQUIPMENT/GAS_BR,EQUIPMENT/GAS_DESC,hud_icon_equipment_gas,3,MP_INGAME_ONLY/ITEM_TYPE_EQUIPMENT,50,27267,,0,
137,brloot_offhand_geigercounter,equipment,equip_geigercounter,50,EQUIPMENT/GEIGER_COUNTER,EQUIPMENT/GEIGER_COUNTER_DESC,hud_icon_equipment_geiger,3,MP_INGAME_ONLY/ITEM_TYPE_EQUIPMENT,50,9106,,0,
138,brloot_offhand_heartbeatsensor,equipment,equip_hb_sensor,105,EQUIPMENT/HEARTBEATSENSOR_BR,EQUIPMENT/HB_SENSOR_DESC,hud_icon_equipment_hb_sensor,3,MP_INGAME_ONLY/ITEM_TYPE_EQUIPMENT,50,9092,,0,
139,brloot_offhand_molotov,equipment,equip_molotov,35,EQUIPMENT/MOLOTOV_BR,EQUIPMENT/MOLOTOV_DESC,hud_icon_equipment_molotov,3,MP_INGAME_ONLY/ITEM_TYPE_EQUIPMENT,50,27257,,0,
140,brloot_offhand_semtex,equipment,equip_semtex,70,EQUIPMENT/SEMTEX_BR,EQUIPMENT/SEMTEX_DESC,hud_icon_equipment_semtex,3,MP_INGAME_ONLY/ITEM_TYPE_EQUIPMENT,50,27258,,0,
141,brloot_offhand_shockstick,equipment,equip_shockstick,60,EQUIPMENT/SHOCK_STICK,EQUIPMENT/SHOCK_STICK_DESC,hud_icon_equipment_shock_stick,3,MP_INGAME_ONLY/ITEM_TYPE_EQUIPMENT,50,27299,,0,
142,brloot_offhand_smoke,equipment,equip_smoke,25,EQUIPMENT/SMOKE,EQUIPMENT/SMOKE_DESC,hud_icon_equipment_smoke,3,MP_INGAME_ONLY/ITEM_TYPE_EQUIPMENT,50,27264,,0,
143,brloot_offhand_snapshot,equipment,equip_snapshot_grenade,40,EQUIPMENT/SNAPSHOT_BR,EQUIPMENT/SNAPSHOT_DESC,hud_icon_equipment_snapshot,3,MP_INGAME_ONLY/ITEM_TYPE_EQUIPMENT,50,27265,,0,
144,brloot_offhand_thermite,equipment,equip_thermite,50,EQUIPMENT/THERMITE_BR,EQUIPMENT/THERMITE_DESC,hud_icon_equipment_thermite,3,MP_INGAME_ONLY/ITEM_TYPE_EQUIPMENT,50,27261,,0,
145,brloot_offhand_throwingknife,equipment,equip_throwing_knife,50,EQUIPMENT/THROWING_KNIFE_BR,EQUIPMENT/THROWING_KNIFE_DESC,hud_icon_equipment_throwing_knife,3,MP_INGAME_ONLY/ITEM_TYPE_EQUIPMENT,50,27259,,0,
146,brloot_offhand_throwingknife_fire,equipment,equip_throwing_knife_fire,60,EQUIPMENT/THROWING_KNIFE_BR,EQUIPMENT/THROWING_KNIFE_DESC,hud_icon_equipment_throwing_knife,3,MP_INGAME_ONLY/ITEM_TYPE_EQUIPMENT,50,9109,,0,
147,brloot_plate_carrier_3,special,brloot_plate_carrier_3,140,MP/BR_PLATE_CARRIER_3,MP_BR_INGAME/BR_PLATE_CARRIER_3_DESC,hud_icon_loot_armor_heavy,3,MP_INGAME_ONLY/ITEM_TYPE_EQUIPMENT,50,8410,,0,
148,brloot_self_revive,special,brloot_self_revive,400,MP_BR_INGAME/KIOSK_ITEM_SELF_REVIVE,MP_BR_INGAME/KIOSK_ITEM_SELF_REVIVE_DESC,hud_icon_loot_revive,3,MP_INGAME_ONLY/ITEM_TYPE_EQUIPMENT,50,8548,,0,
150,brloot_offhand_bunkerbuster,equipment,equip_bunkerbuster,50,EQUIPMENT/BUNKERBUSTER,EQUIPMENT/BUNKERBUSTER_DESC,hud_icon_equipment_bunker_buster,3,MP_INGAME_ONLY/ITEM_TYPE_EQUIPMENT,50,27302,,0,
151,uavStreak_bonus,killstreak,uav,400,KILLSTREAKS/UAV,KILLSTREAKS/UAV_DESC,hud_icon_killstreak_uav,4,MP_BR_INGAME/ITEM_TYPE_KILLSTREAK,50,9145,,0,
152,brloot_plate_carrier_2,special,brloot_plate_carrier_2,140,MP/BR_PLATE_CARRIER_2,MP_BR_INGAME/BR_PLATE_CARRIER_2_DESC,hud_icon_loot_armor_medium,3,MP_INGAME_ONLY/ITEM_TYPE_EQUIPMENT,50,8554,,0,
153,loot_key_fortress,special,loot_key_fortress,200,MP_DMZ_LOCKS/FORTRESS_KEY_NAME,MP_DMZ_LOCKS/FORTRESS_KEY_DESC,hud_icon_loot_keycard_stronghold_01,3,MP_BR_INGAME/ITEM_TYPE_KEY,50,8557,,0,
154,brloot_weapon_ar_golf3_rare,weapon,brloot_weapon_ar_golf3_rare,999,WEAPON/AR_GOLF3,PERKS/AR_GOLF3,hud_icon_weapon_ar_golf3,1,LOOT_MP/ITEM_TYPE_WEAPON,50,11339,,0,
155,brloot_weapon_br_soscar14_rare,weapon,brloot_weapon_br_soscar14_rare,999,WEAPON/BR_SOSCAR14,PERKS/BR_SOSCAR14,hud_icon_weapon_br_soscar14,1,LOOT_MP/ITEM_TYPE_WEAPON,50,11336,,0,
156,brloot_weapon_dm_sbeta_epic,weapon,brloot_weapon_dm_sbeta_epic,999,WEAPON/DM_SBETA,PERKS/DM_SBETA,hud_icon_weapon_dm_sbeta,1,LOOT_MP/ITEM_TYPE_WEAPON,50,11329,,0,
157,brloot_weapon_dm_scromeo_unco,weapon,brloot_weapon_dm_scromeo_unco,999,WEAPON/DM_SCROMEO,PERKS/DM_SCROMEO,hud_icon_weapon_dm_scromeo,1,LOOT_MP/ITEM_TYPE_WEAPON,50,11312,,0,
158,brloot_weapon_dm_la700_unco,weapon,brloot_weapon_dm_la700_unco,999,WEAPON/DM_LA700,PERKS/DM_LA700,hud_icon_weapon_sn_la700,1,LOOT_MP/ITEM_TYPE_WEAPON,50,11348,,0,
159,brloot_weapon_dm_xmike2010_epic,weapon,brloot_weapon_dm_xmike2010_epic,999,WEAPON/DM_XMIKE2010,PERKS/DM_XMIKE2010,hud_icon_weapon_sn_xmike2010,1,LOOT_MP/ITEM_TYPE_WEAPON,50,11340,,0,
160,brloot_weapon_sn_limax_comm,weapon,brloot_weapon_sn_limax_comm,999,WEAPON/SN_LIMAX,PERKS/SN_LIMAX,hud_icon_weapon_sn_limax,1,LOOT_MP/ITEM_TYPE_WEAPON,50,11358,,0,
161,brloot_weapon_sn_mromeo_rare,weapon,brloot_weapon_sn_mromeo_rare,999,WEAPON/SN_MROMEO,PERKS/SN_MROMEO,hud_icon_weapon_sn_mromeo,1,LOOT_MP/ITEM_TYPE_WEAPON,50,11317,,0,
162,brloot_weapon_sh_mbravo_unco,weapon,brloot_weapon_sh_mbravo_unco,999,WEAPON/SH_MBRAVO,PERKS/SH_MBRAVO,hud_icon_weapon_sh_mbravo,1,LOOT_MP/ITEM_TYPE_WEAPON,50,11356,,0,
163,brloot_weapon_sh_mike1014_epic,weapon,brloot_weapon_sh_mike1014_epic,999,WEAPON/SH_MIKE1014,PERKS/SH_MIKE1014,hud_icon_weapon_sh_mike1014,1,LOOT_MP/ITEM_TYPE_WEAPON,50,11366,,0,
164,brloot_weapon_sh_mviktor_rare,weapon,brloot_weapon_sh_mviktor_rare,999,WEAPON/SH_MVIKTOR,PERKS/SH_MVIKTOR,hud_icon_weapon_sh_mviktor,1,LOOT_MP/ITEM_TYPE_WEAPON,50,11328,,0,
165,brloot_weapon_pi_swhiskey_epic,weapon,brloot_weapon_pi_swhiskey_epic,999,WEAPON/PI_SWHISKEY,PERKS/PI_SWHISKEY,hud_icon_weapon_pi_swhiskey,1,LOOT_MP/ITEM_TYPE_WEAPON,50,11367,,0,
166,brloot_weapon_lm_ahotel_unco,weapon,brloot_weapon_lm_ahotel_unco,999,WEAPON/LM_AHOTEL,PERKS/LM_AHOTEL,hud_icon_weapon_lm_ahotel,1,LOOT_MP/ITEM_TYPE_WEAPON,50,11318,,0,
167,brloot_weapon_lm_rkilo_rare,weapon,brloot_weapon_lm_rkilo_rare,999,WEAPON/LM_RKILO,PERKS/LM_RKILO,hud_icon_weapon_lm_rkilo,1,LOOT_MP/ITEM_TYPE_WEAPON,50,11360,,0,
168,brloot_weapon_lm_slima_epic,weapon,brloot_weapon_lm_slima_epic,999,WEAPON/LM_SLIMA,PERKS/LM_SLIMA,hud_icon_weapon_lm_slima,1,LOOT_MP/ITEM_TYPE_WEAPON,50,11314,,0,
169,brloot_weapon_ar_mike16_rare,weapon,brloot_weapon_ar_mike16_rare,999,WEAPON/AR_MIKE16,PERKS/AR_MIKE16,hud_icon_weapon_ar_mike16,1,LOOT_MP/ITEM_TYPE_WEAPON,50,11325,,0,
170,brloot_weapon_ar_akilo105_epic,weapon,brloot_weapon_ar_akilo105_epic,999,WEAPON/AR_AKILO105,PERKS/AR_AKILO105,hud_icon_weapon_ar_akilo105,1,LOOT_MP/ITEM_TYPE_WEAPON,50,11323,,0,
171,brloot_weapon_sm_alpha57_rare,weapon,brloot_weapon_sm_alpha57_rare,999,WEAPON/SM_ALPHA57,PERKS/SM_ALPHA57,hud_icon_weapon_sm_alpha57,1,LOOT_MP/ITEM_TYPE_WEAPON,50,11365,,0,
172,brloot_weapon_sm_aviktor_epic,weapon,brloot_weapon_sm_aviktor_epic,999,WEAPON/SM_AVIKTOR,PERKS/SM_AVIKTOR,hud_icon_weapon_sm_aviktor,1,LOOT_MP/ITEM_TYPE_WEAPON,50,11364,,0,
173,brloot_weapon_sm_beta_unco,weapon,brloot_weapon_sm_beta_unco,999,WEAPON/SM_BETA,PERKS/SM_BETA,hud_icon_weapon_sm_beta,1,LOOT_MP/ITEM_TYPE_WEAPON,50,11341,,0,
174,brloot_weapon_sm_victor_rare,weapon,brloot_weapon_sm_victor_rare,999,WEAPON/SM_VICTOR,PERKS/SM_VICTOR,hud_icon_weapon_sm_victor,1,LOOT_MP/ITEM_TYPE_WEAPON,50,11315,,0,
175,brloot_weapon_sm_papa90_rare,weapon,brloot_weapon_sm_papa90_rare,999,WEAPON/SM_PAPA90,PERKS/SM_PAPA90,hud_icon_weapon_sm_papa90,1,LOOT_MP/ITEM_TYPE_WEAPON,50,11374,,0,
176,brloot_weapon_ar_schotel_epic,weapon,brloot_weapon_ar_schotel_epic,999,WEAPON/AR_SCHOTEL,PERKS/AR_SCHOTEL,hud_icon_weapon_ar_schotel,1,LOOT_MP/ITEM_TYPE_WEAPON,50,11362,,0,
177,brloot_weapon_dm_mike14_lege,weapon,brloot_weapon_dm_mike14_lege,999,WEAPON/DM_MIKE14,PERKS/DM_MIKE14,hud_icon_weapon_dm_mike14,1,LOOT_MP/ITEM_TYPE_WEAPON,50,11350,,0,
178,brloot_weapon_pi_decho_lege,weapon,brloot_weapon_pi_decho_lege,999,WEAPON/PI_DECHO,PERKS/PI_DECHO,hud_icon_weapon_pi_decho,1,LOOT_MP/ITEM_TYPE_WEAPON,50,11324,,0,
179,brloot_weapon_lm_kilo21_lege,weapon,brloot_weapon_lm_kilo21_lege,999,WEAPON/LM_KILO21,PERKS/LM_KILO21,hud_icon_weapon_lm_kilo21,1,LOOT_MP/ITEM_TYPE_WEAPON,50,11342,,0,
180,brloot_weapon_ar_mike4_lege,weapon,brloot_weapon_ar_mike4_lege,999,WEAPON/AR_MIKE4,PERKS/AR_MIKE4,hud_icon_weapon_ar_mike4,1,LOOT_MP/ITEM_TYPE_WEAPON,50,11354,,0,
181,brloot_weapon_sm_victor_lege,weapon,brloot_weapon_sm_victor_lege,999,WEAPON/SM_VICTOR,PERKS/SM_VICTOR,hud_icon_weapon_sm_victor,1,LOOT_MP/ITEM_TYPE_WEAPON,50,11315,,0,
182,loot_key_civic_center,special,loot_key_civic_center,2000,MP_DMZ_LOCKS/CIVIC_CENTER_KEY_NAME_USED,MP_DMZ_LOCKS/CIVIC_CENTER_KEY_DESC,hud_icon_loot_key_civic_center_pristine,3,MP_BR_INGAME/ITEM_TYPE_KEY,50,10478,,0,
183,loot_key_embassy,special,loot_key_embassy,2000,MP_DMZ_LOCKS/EMBASSY_KEY_NAME,MP_DMZ_LOCKS/EMBASSY_KEY_DESC,hud_icon_loot_key_embassy_pristine,3,MP_BR_INGAME/ITEM_TYPE_KEY,50,10464,,0,
184,loot_key_fort,special,loot_key_fort,2000,MP_DMZ_LOCKS/FORT_KEY_NAME,MP_DMZ_LOCKS/FORT_KEY_DESC,hud_icon_loot_key_fort_pristine,3,MP_BR_INGAME/ITEM_TYPE_KEY,50,10514,,0,
185,loot_key_sira_mall,special,loot_key_sira_mall,2000,MP_DMZ_LOCKS/SIRA_MALL_KEY_NAME,MP_DMZ_LOCKS/SIRA_MALL_KEY_DESC,hud_icon_loot_key_mall_pristine,3,MP_BR_INGAME/ITEM_TYPE_KEY,50,10463,,0,
186,loot_key_police_academy,special,loot_key_police_academy,2000,MP_DMZ_LOCKS/POLICE_ACADEMY_KEY_NAME,MP_DMZ_LOCKS/POLICE_ACADEMY_KEY_DESC,hud_icon_loot_key_police_station_pristine,3,MP_BR_INGAME/ITEM_TYPE_KEY,50,10508,,0,
187,loot_key_post_office_stronghold,special,loot_key_post_office_stronghold,2000,MP_DMZ_LOCKS/POST_OFFICE_STRONGHOLD_KEY_NAME,MP_DMZ_LOCKS/POST_OFFICE_STRONGHOLD_KEY_DESC,hud_icon_loot_key_post_office_pristine,3,MP_BR_INGAME/ITEM_TYPE_KEY,50,10520,,0,
188,loot_key_control_tower,special,loot_key_control_tower,2000,MP_DMZ_LOCKS/CONTROL_TOWER_KEY_NAME,MP_DMZ_LOCKS/CONTROL_TOWER_KEY_DESC,hud_icon_loot_key_tower_pristine,3,MP_BR_INGAME/ITEM_TYPE_KEY,50,10453,,0,
189,loot_key_exhume_warehouse,special,loot_key_exhume_warehouse,2000,MP_DMZ_LOCKS/EXHUME_WAREHOUSE_KEY_NAME,MP_DMZ_LOCKS/EXHUME_WAREHOUSE_KEY_DESC,hud_icon_loot_key_warehouse_pristine,3,MP_BR_INGAME/ITEM_TYPE_KEY,50,10467,,0,
190,loot_key_gold_door,special,loot_key_gold_door,2000,MP_BIO_LAB/ACCESS_CARD_GOLD,MP_BIO_LAB/ACCESS_CARD_GOLD_DESC_3,ui_mp_br_loot_icon_keycard,3,MP_BR_INGAME/ITEM_TYPE_KEY,50,9072,,0,
191,brloot_redeploy_token,special,brloot_redeploy_token,600,MP_BR_INGAME/REDEPLOY_TOKEN,MP_BR_INGAME/REDEPLOY_TOKEN_DESC,hud_icon_status_respawn,3,MP_INGAME_ONLY/ITEM_TYPE_EQUIPMENT,50,27034,,0,
192,brloot_gulag_token,special,brloot_gulag_token,600,MP_BR_INGAME/GULAG_TOKEN,MP_BR_INGAME/GULAG_TOKEN_DESC,ui_mp_br_player_status_token_gulag,3,MP_INGAME_ONLY/ITEM_TYPE_EQUIPMENT,50,,,0,
193,supplyDropBR,special,supply_drop,3200,EQUIPMENT/ADVANCED_SUPPLY_DROP,EQUIPMENT/ADVANCED_SUPPLY_DROP_DESC,hud_icon_fieldupgrade_loadout_drop,1,MP_BR_INGAME/ITEM_TYPE_SUPER,50,27274,,0,
194,brloot_plunder_extract,fieldupgrade,super_fulton,200,MP/BR_PLUNDER_EXTRACT,SUPER_MP/BR_PLUNDER_EXTRACT_DESC,ui_mp_br_loot_icon_plunder_extract_balloon_pig,3,MP_BR_INGAME/ITEM_TYPE_SUPER,50,27280,,0,
195,brloot_super_reinforcement_flare,fieldupgrade,super_reinforcement_flare,500,EQUIPMENT/REINFORCEMENT_FLARE,EQUIPMENT/REINFORCEMENT_FLARE_DESC,hud_icon_fieldupgrade_reinforcement_flare,1,MP_BR_INGAME/ITEM_TYPE_SUPER,50,35177,,0,
201,dmz_exfil_personal,special,dmz_exfil_personal,200,DMZ/PERSONAL_EXFIL_UNLOCK_TOKEN,DMZ/PERSONAL_EXFIL_UNLOCK_TOKEN_DESC,hud_icon_shop_personal_exfil,3,MP_BR_INGAME/ITEM_TYPE_GEAR,50,24141,,0,
202,brloot_offhand_deconstation,killstreak,equip_decon_station,400,EQUIPMENT/DECON_STATION,EQUIPMENT/DECON_STATION_DESC,hud_icon_fieldupgrade_trophy,4,MP_BR_INGAME/ITEM_TYPE_KILLSTREAK,50,34974,,0,
203,brloot_perkpack_demolitionist_br,perkpackage,brloot_perkpack_demolitionist_br,350,PERKS/PERK_PACKAGE_BR_DEMOLITIONIST,,hud_icon_loot_perk_pack,7,MP_BR_INGAME/ITEM_TYPE_PERK_PACKAGE,50,19478,,0,
204,brloot_perkpack_swat_br,perkpackage,brloot_perkpack_swat_br,350,PERKS/PERK_PACKAGE_BR_SWAT,,hud_icon_loot_perk_pack,7,MP_BR_INGAME/ITEM_TYPE_PERK_PACKAGE,50,19479,,0,
205,brloot_perkpack_reserves_br,perkpackage,brloot_perkpack_reserves_br,350,PERKS/PERK_PACKAGE_BR_RESERVES,,hud_icon_loot_perk_pack,7,MP_BR_INGAME/ITEM_TYPE_PERK_PACKAGE,50,19480,,0,
206,brloot_perkpack_insurgent_br,perkpackage,brloot_perkpack_insurgent_br,350,PERKS/PERK_PACKAGE_BR_INSURGENT,,hud_icon_loot_perk_pack,7,MP_BR_INGAME/ITEM_TYPE_PERK_PACKAGE,50,19481,,0,
207,brloot_perkpack_beret_br,perkpackage,brloot_perkpack_beret_br,350,PERKS/PERK_PACKAGE_BR_BERET,,hud_icon_loot_perk_pack,7,MP_BR_INGAME/ITEM_TYPE_PERK_PACKAGE,50,19482,,0,
208,brloot_perkpack_recon_br,perkpackage,brloot_perkpack_recon_br,350,PERKS/PERK_PACKAGE_BR_RECON,,hud_icon_loot_perk_pack,7,MP_BR_INGAME/ITEM_TYPE_PERK_PACKAGE,50,19483,,0,
209,brloot_perkpack_scout_br,perkpackage,brloot_perkpack_scout_br,350,PERKS/PERK_PACKAGE_BR_SCOUT,,hud_icon_loot_perk_pack,7,MP_BR_INGAME/ITEM_TYPE_PERK_PACKAGE,50,19484,,0,
210,brloot_perkpack_sentinel_br,perkpackage,brloot_perkpack_sentinel_br,350,PERKS/PERK_PACKAGE_BR_SENTINEL,,hud_icon_loot_perk_pack,7,MP_BR_INGAME/ITEM_TYPE_PERK_PACKAGE,50,19485,,0,
211,brloot_perkpack_specter_br,perkpackage,brloot_perkpack_specter_br,350,PERKS/PERK_PACKAGE_BR_SPECTER,,hud_icon_loot_perk_pack,7,MP_BR_INGAME/ITEM_TYPE_PERK_PACKAGE,50,19486,,0,
212,brloot_perkpack_vanguard_br,perkpackage,brloot_perkpack_vanguard_br,350,PERKS/PERK_PACKAGE_BR_VANGUARD,,hud_icon_loot_perk_pack,7,MP_BR_INGAME/ITEM_TYPE_PERK_PACKAGE,50,19487,,0,
213,brloot_perkpack_warden_br,perkpackage,brloot_perkpack_warden_br,350,PERKS/PERK_PACKAGE_BR_WARDEN,,hud_icon_loot_perk_pack,7,MP_BR_INGAME/ITEM_TYPE_PERK_PACKAGE,50,19488,,0,
214,brloot_perkpack_weaponspecialist_br,perkpackage,brloot_perkpack_weaponspecialist_br,350,PERKS/PERK_PACKAGE_BR_WEAPONSPECIALIST,,hud_icon_loot_perk_pack,7,MP_BR_INGAME/ITEM_TYPE_PERK_PACKAGE,50,19489,,0,
215,brloot_perkpack_commando_br,perkpackage,brloot_perkpack_commando_br,350,PERKS/PERK_PACKAGE_BR_COMMANDO,,hud_icon_loot_perk_pack,7,MP_BR_INGAME/ITEM_TYPE_PERK_PACKAGE,50,19490,,0,
216,loot_key_biobunker_fortress,special,loot_key_biobunker_fortress,2000,MP_BIOBUNKER/FORTRESS_KEY_NAME,MP_BIOBUNKER/FORTRESS_KEY_DESC,hud_icon_loot_keycard_stronghold_01,3,MP_BR_INGAME/ITEM_TYPE_KEY,50,29251,,0,
217,brloot_valuable_bunker_notes_epic,special,brloot_valuable_bunker_notes_epic,2000,MP/BR_VALUABLE_BUNKER_NOTES_EPIC,,hud_icon_loot_school_textbooks,3,MP_BR_INGAME/ITEM_TYPE_VALUABLE,50,28217,,0,
218,brloot_valuable_bunker_server_tape_epic,special,brloot_valuable_bunker_server_tape_epic,2000,MP/BR_VALUABLE_BUNKER_SERVER_TAPE_EPIC,,hud_icon_loot_server_tape_03,3,MP_BR_INGAME/ITEM_TYPE_VALUABLE,50,28222,,0,
219,brloot_valuable_bunker_liquid_nitrogen,special,brloot_valuable_bunker_liquid_nitrogen,2000,MP/BR_VALUABLE_BUNKER_LIQUID_NITROGEN,,hud_icon_loot_container_jug_green_dirty,3,MP_BR_INGAME/ITEM_TYPE_VALUABLE,50,28230,,0,
220,brloot_valuable_bunker_board_epic,special,brloot_valuable_bunker_board_epic,2000,MP/BR_VALUABLE_BUNKER_BOARD_EPIC,,hud_icon_loot_electric_components,3,MP_BR_INGAME/ITEM_TYPE_VALUABLE,50,28225,,0,
221,loot_key_biobunker_fortress_worn,special,loot_key_biobunker_fortress,2000,MP_BIOBUNKER/FORTRESS_KEY_NAME_WORN,MP_BIOBUNKER/FORTRESS_KEY_DESC_WORN,hud_icon_loot_keycard_stronghold_01,3,MP_BR_INGAME/ITEM_TYPE_KEY,50,29253,,0,
222,uavStreak_bigmap,killstreak,uav_bigmap,400,KILLSTREAKS/UAV,KILLSTREAKS/UAV_DESC,hud_icon_killstreak_uav,4,MP_BR_INGAME/ITEM_TYPE_KILLSTREAK,50,37303,,0,
223,uavStreak_bigmap_bonus,killstreak,uav_bigmap,400,KILLSTREAKS/UAV,KILLSTREAKS/UAV_DESC,hud_icon_killstreak_uav,4,MP_BR_INGAME/ITEM_TYPE_KILLSTREAK,50,37303,,0,
224,br_sv_exfil,secondary_victory,br_sv_exfil,200,SECONDARYVICTORY/EXFIL_TOKEN_TITLE,SECONDARYVICTORY/EXFIL_TOKEN_DESC,hud_icon_shop_personal_exfil,3,SECONDARYVICTORY/EXFIL_TOKEN_SLOT_LABEL,50,,,0,
225,armorPlate,special,armor_plate,150,EQUIPMENT/ARMOR_PLATE_BR,MP_INGAME_ONLY/KIOSK_ITEM_ARMOR_PLATE_DESC,ui_mp_br_loot_icon_health_armor_plates,1,MP_INGAME_ONLY/ITEM_TYPE_HEALTH,50,8372,,0,
226,cymbalMonkey,equipment,equip_monkey_bomb,250,EQUIPMENT/MONKEY_BOMB,EQUIPMENT/MONKEY_BOMB_DESC,jup_hud_icon_equipment_cymbal_monkey,1,MP_INGAME_ONLY/ITEM_TYPE_EQUIPMENT,50,34964,,0,
227,blackHoleBomb,equipment,equip_blackhole_bomb,250,EQUIPMENT/BLACKHOLE_BOMB,EQUIPMENT/BLACKHOLE_BOMB_DESC,jup_hud_icon_equipment_lt53_kazimir,1,MP_INGAME_ONLY/ITEM_TYPE_EQUIPMENT,50,27311,,0,
228,sentryGun,killstreak,sentry_gun,500,KILLSTREAKS/SENTRY,KILLSTREAKS/SENTRY_DESC,hud_icon_killstreak_sentry,4,MP_BR_INGAME/ITEM_TYPE_KILLSTREAK,50,27332,,0,
229,gasMaskDurable,special,gas_mask_durable,200,MP/BR_GASMASK_DURABLE,MP/BR_GASMASK_DURABLE_DESC,hud_icon_equipment_gas_mask_durable,3,MP_INGAME_ONLY/ITEM_TYPE_EQUIPMENT,50,8590,,0,
230,brloot_plate_carrier_tempered,special,brloot_plate_carrier_tempered,300,MP/TEMPERED_PLATE_CARRIER,,hud_icon_loot_armor_heavy,3,MP_INGAME_ONLY/ITEM_TYPE_PERK,50,24000,,0,
231,brloot_perk_eod_vest_jup,plate_carrier,specialty_eod_vest,300,JUP_PERKS/EOD_VEST,JUP_PERKS/EOD_VEST_DESC,jup_hud_icon_perks_eod_vest,,MP_INGAME_ONLY/ITEM_TYPE_PERK,50,27396,,0,
232,brloot_perk_compression_carrier_jup,plate_carrier,specialty_compression_carrier,300,JUP_PERKS/COMPRESSION_CARRIER,JUP_PERKS/COMPRESSION_CARRIER_DESC,ui_mp_br_loot_icon_health_armor_satchel,,MP_INGAME_ONLY/ITEM_TYPE_PERK,50,27397,,0,
233,brloot_perk_ghost_camo_jup,plate_carrier,specialty_ghost_camo,300,JUP_PERKS/GHOST_CAMO,JUP_PERKS/GHOST_CAMO_DESC,jup_hud_icon_perks_ghost_camo,,MP_INGAME_ONLY/ITEM_TYPE_PERK,50,27398,,0,
234,brloot_plate_carrier_3_medic,plate_carrier,brloot_plate_carrier_3_medic,400,MP/BR_PLATE_CARRIER_3_REVIVE,MP_BR_INGAME/BR_PLATE_CARRIER_3_REVIVE_DESC,ui_icon_dmz_loot_armor_medic,1,MP_INGAME_ONLY/ITEM_TYPE_EQUIPMENT,30,23990,,0,
235,brloot_perk_rhino_rig_jup,plate_carrier,specialty_rhino_rig,300,JUP_PERKS/RHINO_RIG,JUP_PERKS/RHINO_RIG_DESC,jup_hud_icon_perks_rhino_rig,,MP_INGAME_ONLY/ITEM_TYPE_PERK,50,27399,,0,
236,brloot_perk_cct_vest_jup,plate_carrier,specialty_cct_vest,300,JUP_PERKS/CCT_VEST,JUP_PERKS/CCT_VEST_DESC,jup_hud_icon_cct_vest_rig,,MP_INGAME_ONLY/ITEM_TYPE_PERK,50,32225,,0,
237,brloot_perk_aegis_vest_jup,plate_carrier,specialty_aegis_vest,300,JUP_PERKS/AEGIS_VEST,JUP_PERKS/AEGIS_VEST_DESC,hud_icon_fieldupgrade_hardened_armor,,MP_INGAME_ONLY/ITEM_TYPE_PERK,50,32226,,0,
238,brloot_perk_dex_gloves_jup,gloves,specialty_dex_gloves,300,PERKS/DEX_GLOVES,JUP_PERKS/DEX_GLOVES_DESC,jup_hud_icon_perks_dexterity_gloves,,MP_INGAME_ONLY/ITEM_TYPE_PERK,50,27373,,0,
239,brloot_perk_scavenger_plus_jup,gloves,specialty_scavenger_plus,300,JUP_PERKS/SCAVENGER_POUCH,PERKS/DESC_SCAVENGER,jup_hud_icon_perks_scavenger_plus,,MP_INGAME_ONLY/ITEM_TYPE_PERK,50,9212,,0,
240,brloot_perk_silicon_gloves_jup,gloves,specialty_silicon_gloves,300,JUP_PERKS/SILICON_GLOVES,JUP_PERKS/SILICON_GLOVES_DESC,jup_hud_icon_perks_dexterity_gloves,,MP_INGAME_ONLY/ITEM_TYPE_PERK,50,27381,,0,
241,brloot_perk_custom_gloves_jup,gloves,specialty_custom_gloves,300,JUP_PERKS/CUSTOM_GLOVES,JUP_PERKS/CUSTOM_GLOVES_DESC,jup_hud_icon_perks_custom_gloves,,MP_INGAME_ONLY/ITEM_TYPE_PERK,50,27383,,0,
242,brloot_perk_tac_gloves_jup,gloves,specialty_tac_gloves,300,PERKS/TAC_GLOVES,PERKS/TAC_GLOVES_DESC,jup_hud_icon_perks_tac_gloves,,MP_INGAME_ONLY/ITEM_TYPE_PERK,50,27374,,0,
243,brloot_perk_marksman_gloves_jup,gloves,specialty_marksman_gloves,300,JUP_PERKS/MARKSMAN_GLOVES,JUP_PERKS/MARKSMAN_GLOVES_DESC,jup_hud_icon_perks_marksman_gloves,,MP_INGAME_ONLY/ITEM_TYPE_PERK,50,32227,,0,
244,brloot_perk_canvas_sneakers_jup,boots,specialty_canvas_sneakers,300,PERKS/CANVAS_SNEAKERS,JUP_PERKS/CANVAS_SNEAKERS_DESC,jup_hud_icon_perks_canvas_sneakers,,MP_INGAME_ONLY/ITEM_TYPE_PERK,50,27375,,0,
245,brloot_perk_tac_pads_jup,boots,specialty_tac_pads,300,JUP_PERKS/TAC_PADS,JUP_PERKS/TAC_PADS_DESC,jup_hud_icon_perks_ultra_light_boots,,MP_INGAME_ONLY/ITEM_TYPE_PERK,50,27393,,0,
246,brloot_perk_running_sneakers_jup,boots,specialty_running_sneakers,300,JUP_PERKS/RUNNING_SNEAKERS,JUP_PERKS/RUNNING_SNEAKERS_DESC,jup_hud_icon_perks_ultra_light_boots,,MP_INGAME_ONLY/ITEM_TYPE_PERK,50,27394,,0,
247,brloot_perk_treadless_boots_jup,boots,specialty_treadless_boots,300,JUP_PERKS/TREADLESS_BOOTS,JUP_PERKS/TREADLESS_BOOTS_DESC,jup_hud_icon_perks_treadless_boots,,MP_INGAME_ONLY/ITEM_TYPE_PERK,50,27395,,0,
248,brloot_perk_ultra_light_boots_jup,boots,specialty_ultra_light_boots,300,JUP_PERKS/ULTRA_LIGHT_BOOTS,JUP_PERKS/ULTRA_LIGHT_BOOTS_DEC,jup_hud_icon_perks_ultra_light_boots,,MP_INGAME_ONLY/ITEM_TYPE_PERK,50,32228,,0,
249,brloot_perk_stalker_boots_jup,boots,specialty_stalker_boots,300,JUP_PERKS/STALKER_BOOTS,JUP_PERKS/STALKER_BOOTS_DESC,jup_hud_icon_perks_stalker_boots,,MP_INGAME_ONLY/ITEM_TYPE_PERK,50,32229,,0,
250,zombieKeycard,special,loot_key_human_stronghold,100,JUP_OB_ITEM_GENERICS/HUMAN_STRONGHOLD_KEY_NAME,JUP_OB_ITEM_GENERICS/HUMAN_STRONGHOLD_KEY_DESC,jup_hud_icon_loot_keycard_stronghold_zm,3,MP_BR_INGAME/ITEM_TYPE_KEY,50,30559,,0,
251,remote_turret,killstreak,remote_turret,500,KILLSTREAKS/REMOTE_TURRET,KILLSTREAKS/REMOTE_TURRET_DESC,jup_hud_icon_killstreaks_remote_turret,4,MP_BR_INGAME/ITEM_TYPE_KILLSTREAK,50,27361,,0,
252,guardian,killstreak,lrad,500,KILLSTREAKS/LRAD,KILLSTREAKS/LRAD_DESC,jup_hud_icon_killstreaks_lrad,4,MP_BR_INGAME/ITEM_TYPE_KILLSTREAK,50,27359,,0,
253,missile_turret,killstreak,missile_turret,500,KILLSTREAKS/MISSILE_TURRET,KILLSTREAKS/MISSILE_TURRET_DESC,jup_hud_icon_killstreaks_sam_turret,4,MP_BR_INGAME/ITEM_TYPE_KILLSTREAK,50,27356,,0,
254,switchblade_drone,killstreak,switchblade_drone,500,KILLSTREAKS/SWITCHBLADE_DRONE,KILLSTREAKS/SWITCHBLADE_DRONE_DESC,jup_hud_icon_killstreaks_switchblade_drone,4,MP_BR_INGAME/ITEM_TYPE_KILLSTREAK,50,27504,,0,
255,brloot_offhand_breacherdrone,equipment,equip_breacher_drone,250,EQUIPMENT/BREACHER_DRONE,,jup_hud_icon_equipment_breach_drone,1,MP_INGAME_ONLY/ITEM_TYPE_EQUIPMENT,50,27310,,0,
256,brloot_offhand_thermobaric,equipment,equip_thermobaric_grenade,250,EQUIPMENT/THERMOBARIC_GRENADE,EQUIPMENT/THERMOBARIC_GRENADE_DESC,jup_hud_icon_equipment_thermobaric_grenade,1,MP_INGAME_ONLY/ITEM_TYPE_EQUIPMENT,50,27313,,0,
257,brloot_offhand_tracker,equipment,equip_tracker_grenade,250,EQUIPMENT/TRACKER_GRENADE,EQUIPMENT/TRACKER_GRENADE_DESC,hud_icon_equipment_snapshot,1,MP_INGAME_ONLY/ITEM_TYPE_EQUIPMENT,50,27307,,0,
258,smokeFactionUnlock,equipment,brloot_offhand_smoke,25,EQUIPMENT/SMOKE,EQUIPMENT/SMOKE_DESC,hud_icon_equipment_smoke,3,MP_INGAME_ONLY/ITEM_TYPE_EQUIPMENT,50,9086,,0,9
259,ob_backpack_medium,special,brloot_backpack_medium,100,SHARED_HINTSTRINGS/BACKPACK_OB_MEDIUM,SHARED_HINTSTRINGS/BACKPACK_OB_MEDIUM_DESC,hud_icon_loot_backpack_medium,3,SHARED_HINTSTRINGS/OB_BACKPACK_UPGRADE,50,8600,,0,
260,ob_backpack_large,special,brloot_backpack_large,100,SHARED_HINTSTRINGS/BACKPACK_OB_LARGE,SHARED_HINTSTRINGS/BACKPACK_OB_LARGE_DESC,hud_icon_loot_backpack_large,3,SHARED_HINTSTRINGS/OB_BACKPACK_UPGRADE,50,8545,,0,
261,ob_turret_trap_circuit,special,obloot_valuable_turret_trap_circuit,100,JUP_OB_ITEM_GENERICS/TURRET_TRAP_KEY,JUP_OB_ITEM_GENERICS/TURRET_TRAP_KEY_DESC,jup_ui_icon_turret_circuit_generic,3,MP_INGAME_ONLY/ITEM_TYPE_DEFAULT,50,34339,,0,
262,ob_precision_airstrike,killstreak,precision_airstrike,500,KILLSTREAKS/PRECISION_AIRSTRIKE,KILLSTREAKS/PRECISION_AIRSTRIKE_DESC,hud_icon_killstreak_airstrike,4,MP_BR_INGAME/ITEM_TYPE_KILLSTREAK,50,27331,,0,
264,ob_gas_mask,special,gas_mask,100,MP/BR_GASMASK,MP/BR_GASMASK_DESC,hud_icon_equipment_gas_mask,1,MP_BR_INGAME/ITEM_TYPE_GEAR,50,8400,,0,
263,ob_plate_carrier_2,special,brloot_plate_carrier_2,100,MP/BR_PLATE_CARRIER_2,MP_BR_INGAME/BR_PLATE_CARRIER_2_DESC,hud_icon_loot_armor_medium,3,SHARED_HINTSTRINGS/OB_PLATE_CARRIER_UPGRADE,50,8554,,0,
265,ob_plate_carrier_3,special,brloot_plate_carrier_3,100,MP/BR_PLATE_CARRIER_3,MP_BR_INGAME/BR_PLATE_CARRIER_3_DESC,hud_icon_loot_armor_heavy,3,SHARED_HINTSTRINGS/OB_PLATE_CARRIER_UPGRADE,50,8410,,0,
266,dmz_exfil_personal_locked,special,dmz_exfil_personal,200,DMZ/PERSONAL_EXFIL_UNLOCK_TOKEN,DMZ/PERSONAL_EXFIL_UNLOCK_TOKEN_DESC,hud_icon_shop_personal_exfil,3,MP_BR_INGAME/ITEM_TYPE_GEAR,50,24141,,0,0
267,brloot_perkpack_airman_jup,perkpackage,brloot_perkpack_airman_jup,350,PERKS/PERK_PACKAGE_BR_AIRMAN_JUP,PERKS/PERK_PACKAGE_BR_AIRMAN_DESC_JUP,hud_icon_loot_perk_pack,7,MP_BR_INGAME/ITEM_TYPE_PERK_PACKAGE,50,38162,,0,
268,brloot_perkpack_backer_jup,perkpackage,brloot_perkpack_backer_jup,350,PERKS/PERK_PACKAGE_BR_BACKER_JUP,PERKS/PERK_PACKAGE_BR_BACKER_DESC_JUP,hud_icon_loot_perk_pack,7,MP_BR_INGAME/ITEM_TYPE_PERK_PACKAGE,50,38163,,0,
269,brloot_perkpack_commander_jup,perkpackage,brloot_perkpack_commander_jup,350,PERKS/PERK_PACKAGE_BR_COMMANDER_JUP,PERKS/PERK_PACKAGE_BR_COMMANDER_DESC_JUP,hud_icon_loot_perk_pack,7,MP_BR_INGAME/ITEM_TYPE_PERK_PACKAGE,50,38164,,0,
270,brloot_perkpack_corporal_jup,perkpackage,brloot_perkpack_corporal_jup,350,PERKS/PERK_PACKAGE_BR_CORPORAL_JUP,PERKS/PERK_PACKAGE_BR_CORPORAL_DESC_JUP,hud_icon_loot_perk_pack,7,MP_BR_INGAME/ITEM_TYPE_PERK_PACKAGE,50,38165,,0,
271,brloot_perkpack_deputy_jup,perkpackage,brloot_perkpack_deputy_jup,350,PERKS/PERK_PACKAGE_BR_DEPUTY_JUP,PERKS/PERK_PACKAGE_BR_DEPUTY_DESC_JUP,hud_icon_loot_perk_pack,7,MP_BR_INGAME/ITEM_TYPE_PERK_PACKAGE,50,38166,,0,
272,brloot_perkpack_driller_jup,perkpackage,brloot_perkpack_driller_jup,350,PERKS/PERK_PACKAGE_BR_DRILLER_JUP,PERKS/PERK_PACKAGE_BR_DRILLER_DESC_JUP,hud_icon_loot_perk_pack,7,MP_BR_INGAME/ITEM_TYPE_PERK_PACKAGE,50,38167,,0,
273,brloot_perkpack_huntsman_jup,perkpackage,brloot_perkpack_huntsman_jup,350,PERKS/PERK_PACKAGE_BR_HUNTSMAN_JUP,PERKS/PERK_PACKAGE_BR_HUNTSMAN_DESC_JUP,hud_icon_loot_perk_pack,7,MP_BR_INGAME/ITEM_TYPE_PERK_PACKAGE,50,38168,,0,
274,brloot_perkpack_legionnaire_jup,perkpackage,brloot_perkpack_legionnaire_jup,350,PERKS/PERK_PACKAGE_BR_LEGIONNAIRE_JUP,PERKS/PERK_PACKAGE_BR_BACKER_DESC_JUP,hud_icon_loot_perk_pack,7,MP_BR_INGAME/ITEM_TYPE_PERK_PACKAGE,50,38169,,0,
275,brloot_perkpack_marauder_jup,perkpackage,brloot_perkpack_marauder_jup,350,PERKS/PERK_PACKAGE_BR_MARAUDER_JUP,PERKS/PERK_PACKAGE_BR_MARAUDER_DESC_JUP,hud_icon_loot_perk_pack,7,MP_BR_INGAME/ITEM_TYPE_PERK_PACKAGE,50,38170,,0,
276,brloot_perkpack_resistor_jup,perkpackage,brloot_perkpack_resistor_jup,350,PERKS/PERK_PACKAGE_BR_RESISTOR_JUP,PERKS/PERK_PACKAGE_BR_RESISTOR_DESC_JUP,hud_icon_loot_perk_pack,7,MP_BR_INGAME/ITEM_TYPE_PERK_PACKAGE,50,38172,,0,
277,brloot_perkpack_stuntman_jup,perkpackage,brloot_perkpack_stuntman_jup,350,PERKS/PERK_PACKAGE_BR_STUNTMAN_JUP,PERKS/PERK_PACKAGE_BR_STUNTMAN_DESC_JUP,hud_icon_loot_perk_pack,7,MP_BR_INGAME/ITEM_TYPE_PERK_PACKAGE,50,38173,,0,
278,brloot_perkpack_technician_jup,perkpackage,brloot_perkpack_technician_jup,350,PERKS/PERK_PACKAGE_BR_TECHNICIAN_JUP,PERKS/PERK_PACKAGE_BR_TECHNICIAN_DESC_JUP,hud_icon_loot_perk_pack,7,MP_BR_INGAME/ITEM_TYPE_PERK_PACKAGE,50,38171,,0,
279,loot_key_mrap,special,loot_key_mrap,20000,MP_DMZ_LOCKS/MRAP_KEY_NAME,MP_DMZ_LOCKS/MRAP_KEY_DESC,hud_icon_loot_key_04,3,MP_BR_INGAME/ITEM_TYPE_KEY,50,36061,,0,
280,veh9_mil_lnd_mrap,special,veh9_mil_lnd_mrap,2000,MP_BR_INGAME/MRAP_SPAWN,MP_BR_INGAME/MRAP_SPAWN_DESC,hud_icon_vehicle_mrap,1,MP_BR_INGAME/ITEM_TYPE_VEHICLE,50,36063,,0,
281vehicleUpgradeGrenadeTurret,special,vehicle_upgrade_turret,200,MP_BR_INGAME/VEHICLE_UPGRADE_TURRET,MP_BR_INGAME/KIOSK_ITEM_VEHICLE_UPGRADE_TURRET_DESC,ui_mp_br_loot_icon_truckwar_turret,5,MP_BR_INGAME/ITEM_TYPE_VEHICLE,50,,,,0,
282,vehicleUpgradeSmoke,special,vehicle_upgrade_smoke,200,MP_BR_INGAME/VEHICLE_UPGRADE_SMOKE,MP_BR_INGAME/KIOSK_ITEM_VEHICLE_UPGRADE_SMOKE_DESC,ui_mp_br_loot_icon_truckwar_smoke,5,MP_BR_INGAME/ITEM_TYPE_VEHICLE,50,,,0,
283,ob_clusterSpike,killstreak,cluster_spike,330,KILLSTREAKS/CLUSTER_SPIKE,KILLSTREAKS/CLUSTER_SPIKE_DESC,hud_icon_killstreak_clusterspike,4,MP_INGAME_ONLY/ITEM_TYPE_KILLSTREAK,50,27327,,0,
284,vehicleUpgradeEngine,special,vehicle_upgrade_engine,300,MP_BR_INGAME/VEHICLE_UPGRADE_ENGINE,MP_BR_INGAME/VEHICLE_UPGRADE_ENGINE_DESC,hud_icon_truck_wars_engine,5,MP_BR_INGAME/ITEM_TYPE_VEHICLE,30,,,0,
